ISO-10303-21;
HEADER;
FILE_DESCRIPTION(('KiCad electronic assembly'),'2;1');
FILE_NAME('Vortac_Panel_Rev1ToolBoardOnly.step','2025-05-24T22:03:44',(
    'Pcbnew'),('Kicad'),'Open CASCADE STEP processor 7.8',
  'KiCad to STEP converter','Unknown');
FILE_SCHEMA(('AUTOMOTIVE_DESIGN { 1 0 10303 214 1 1 1 1 }'));
ENDSEC;
DATA;
#1 = APPLICATION_PROTOCOL_DEFINITION('international standard',
  'automotive_design',2000,#2);
#2 = APPLICATION_CONTEXT(
  'core data for automotive mechanical design processes');
#3 = SHAPE_DEFINITION_REPRESENTATION(#4,#10);
#4 = PRODUCT_DEFINITION_SHAPE('','',#5);
#5 = PRODUCT_DEFINITION('design','',#6,#9);
#6 = PRODUCT_DEFINITION_FORMATION('','',#7);
#7 = PRODUCT('Vortac_Panel_Rev1ToolBoardOnly 1',
  'Vortac_Panel_Rev1ToolBoardOnly 1','',(#8));
#8 = PRODUCT_CONTEXT('',#2,'mechanical');
#9 = PRODUCT_DEFINITION_CONTEXT('part definition',#2,'design');
#10 = SHAPE_REPRESENTATION('',(#11,#15,#19,#23,#27),#31);
#11 = AXIS2_PLACEMENT_3D('',#12,#13,#14);
#12 = CARTESIAN_POINT('',(0.,0.,0.));
#13 = DIRECTION('',(0.,0.,1.));
#14 = DIRECTION('',(1.,0.,-0.));
#15 = AXIS2_PLACEMENT_3D('',#16,#17,#18);
#16 = CARTESIAN_POINT('',(0.,0.,0.));
#17 = DIRECTION('',(0.,0.,1.));
#18 = DIRECTION('',(1.,0.,-0.));
#19 = AXIS2_PLACEMENT_3D('',#20,#21,#22);
#20 = CARTESIAN_POINT('',(0.,0.,0.));
#21 = DIRECTION('',(0.,0.,1.));
#22 = DIRECTION('',(1.,0.,-0.));
#23 = AXIS2_PLACEMENT_3D('',#24,#25,#26);
#24 = CARTESIAN_POINT('',(0.,0.,0.));
#25 = DIRECTION('',(0.,0.,1.));
#26 = DIRECTION('',(1.,0.,-0.));
#27 = AXIS2_PLACEMENT_3D('',#28,#29,#30);
#28 = CARTESIAN_POINT('',(0.,0.,0.));
#29 = DIRECTION('',(0.,0.,1.));
#30 = DIRECTION('',(1.,0.,-0.));
#31 = ( GEOMETRIC_REPRESENTATION_CONTEXT(3) 
GLOBAL_UNCERTAINTY_ASSIGNED_CONTEXT((#35)) GLOBAL_UNIT_ASSIGNED_CONTEXT(
(#32,#33,#34)) REPRESENTATION_CONTEXT('Context #1',
  '3D Context with UNIT and UNCERTAINTY') );
#32 = ( LENGTH_UNIT() NAMED_UNIT(*) SI_UNIT(.MILLI.,.METRE.) );
#33 = ( NAMED_UNIT(*) PLANE_ANGLE_UNIT() SI_UNIT($,.RADIAN.) );
#34 = ( NAMED_UNIT(*) SI_UNIT($,.STERADIAN.) SOLID_ANGLE_UNIT() );
#35 = UNCERTAINTY_MEASURE_WITH_UNIT(LENGTH_MEASURE(1.E-07),#32,
  'distance_accuracy_value','confusion accuracy');
#36 = PRODUCT_RELATED_PRODUCT_CATEGORY('part',$,(#7));
#37 = SHAPE_DEFINITION_REPRESENTATION(#38,#44);
#38 = PRODUCT_DEFINITION_SHAPE('','',#39);
#39 = PRODUCT_DEFINITION('design','',#40,#43);
#40 = PRODUCT_DEFINITION_FORMATION('','',#41);
#41 = PRODUCT('Vortac_Panel_PCB_1','Vortac_Panel_PCB_1','',(#42));
#42 = PRODUCT_CONTEXT('',#2,'mechanical');
#43 = PRODUCT_DEFINITION_CONTEXT('part definition',#2,'design');
#44 = ADVANCED_BREP_SHAPE_REPRESENTATION('',(#11,#45),#1989);
#45 = MANIFOLD_SOLID_BREP('',#46);
#46 = CLOSED_SHELL('',(#47,#89,#120,#151,#656,#1161,#1178,#1195,#1212,
    #1229,#1246,#1263,#1280,#1297,#1314,#1331,#1348,#1365,#1382,#1399,
    #1416,#1433,#1445,#1462,#1479,#1496,#1513,#1530,#1547,#1564,#1581,
    #1598,#1615,#1632,#1649,#1666,#1683,#1700,#1717,#1734,#1751,#1768,
    #1785,#1802,#1819,#1836,#1853,#1870,#1887,#1904,#1921,#1938,#1955,
    #1972));
#47 = ADVANCED_FACE('',(#48),#84,.T.);
#48 = FACE_BOUND('',#49,.T.);
#49 = EDGE_LOOP('',(#50,#60,#69,#77));
#50 = ORIENTED_EDGE('',*,*,#51,.T.);
#51 = EDGE_CURVE('',#52,#54,#56,.T.);
#52 = VERTEX_POINT('',#53);
#53 = CARTESIAN_POINT('',(119.9949,-99.162246,0.));
#54 = VERTEX_POINT('',#55);
#55 = CARTESIAN_POINT('',(119.9949,-99.162246,0.91));
#56 = LINE('',#57,#58);
#57 = CARTESIAN_POINT('',(119.9949,-99.162246,0.));
#58 = VECTOR('',#59,1.);
#59 = DIRECTION('',(0.,0.,1.));
#60 = ORIENTED_EDGE('',*,*,#61,.T.);
#61 = EDGE_CURVE('',#54,#62,#64,.T.);
#62 = VERTEX_POINT('',#63);
#63 = CARTESIAN_POINT('',(120.805476,-99.962346,0.91));
#64 = CIRCLE('',#65,0.800138271485);
#65 = AXIS2_PLACEMENT_3D('',#66,#67,#68);
#66 = CARTESIAN_POINT('',(120.00533772907,-99.96231618898,0.91));
#67 = DIRECTION('',(0.,0.,-1.));
#68 = DIRECTION('',(-1.304490666439E-02,0.999914911585,0.));
#69 = ORIENTED_EDGE('',*,*,#70,.F.);
#70 = EDGE_CURVE('',#71,#62,#73,.T.);
#71 = VERTEX_POINT('',#72);
#72 = CARTESIAN_POINT('',(120.805476,-99.962346,0.));
#73 = LINE('',#74,#75);
#74 = CARTESIAN_POINT('',(120.805476,-99.962346,0.));
#75 = VECTOR('',#76,1.);
#76 = DIRECTION('',(0.,0.,1.));
#77 = ORIENTED_EDGE('',*,*,#78,.F.);
#78 = EDGE_CURVE('',#52,#71,#79,.T.);
#79 = CIRCLE('',#80,0.800138271485);
#80 = AXIS2_PLACEMENT_3D('',#81,#82,#83);
#81 = CARTESIAN_POINT('',(120.00533772907,-99.96231618898,0.));
#82 = DIRECTION('',(0.,0.,-1.));
#83 = DIRECTION('',(-1.304490666439E-02,0.999914911585,0.));
#84 = CYLINDRICAL_SURFACE('',#85,0.800138271485);
#85 = AXIS2_PLACEMENT_3D('',#86,#87,#88);
#86 = CARTESIAN_POINT('',(120.00533772907,-99.96231618898,0.));
#87 = DIRECTION('',(0.,0.,-1.));
#88 = DIRECTION('',(-1.304490666439E-02,0.999914911585,0.));
#89 = ADVANCED_FACE('',(#90),#115,.T.);
#90 = FACE_BOUND('',#91,.T.);
#91 = EDGE_LOOP('',(#92,#102,#108,#109));
#92 = ORIENTED_EDGE('',*,*,#93,.T.);
#93 = EDGE_CURVE('',#94,#96,#98,.T.);
#94 = VERTEX_POINT('',#95);
#95 = CARTESIAN_POINT('',(102.084007,-99.162246,0.));
#96 = VERTEX_POINT('',#97);
#97 = CARTESIAN_POINT('',(102.084007,-99.162246,0.91));
#98 = LINE('',#99,#100);
#99 = CARTESIAN_POINT('',(102.084007,-99.162246,0.));
#100 = VECTOR('',#101,1.);
#101 = DIRECTION('',(0.,0.,1.));
#102 = ORIENTED_EDGE('',*,*,#103,.T.);
#103 = EDGE_CURVE('',#96,#54,#104,.T.);
#104 = LINE('',#105,#106);
#105 = CARTESIAN_POINT('',(102.084007,-99.162246,0.91));
#106 = VECTOR('',#107,1.);
#107 = DIRECTION('',(1.,0.,0.));
#108 = ORIENTED_EDGE('',*,*,#51,.F.);
#109 = ORIENTED_EDGE('',*,*,#110,.F.);
#110 = EDGE_CURVE('',#94,#52,#111,.T.);
#111 = LINE('',#112,#113);
#112 = CARTESIAN_POINT('',(102.084007,-99.162246,0.));
#113 = VECTOR('',#114,1.);
#114 = DIRECTION('',(1.,0.,0.));
#115 = PLANE('',#116);
#116 = AXIS2_PLACEMENT_3D('',#117,#118,#119);
#117 = CARTESIAN_POINT('',(102.084007,-99.162246,0.));
#118 = DIRECTION('',(0.,1.,0.));
#119 = DIRECTION('',(1.,0.,0.));
#120 = ADVANCED_FACE('',(#121),#146,.T.);
#121 = FACE_BOUND('',#122,.T.);
#122 = EDGE_LOOP('',(#123,#124,#132,#140));
#123 = ORIENTED_EDGE('',*,*,#70,.T.);
#124 = ORIENTED_EDGE('',*,*,#125,.T.);
#125 = EDGE_CURVE('',#62,#126,#128,.T.);
#126 = VERTEX_POINT('',#127);
#127 = CARTESIAN_POINT('',(120.805476,-103.112146,0.91));
#128 = LINE('',#129,#130);
#129 = CARTESIAN_POINT('',(120.805476,-99.962346,0.91));
#130 = VECTOR('',#131,1.);
#131 = DIRECTION('',(0.,-1.,0.));
#132 = ORIENTED_EDGE('',*,*,#133,.F.);
#133 = EDGE_CURVE('',#134,#126,#136,.T.);
#134 = VERTEX_POINT('',#135);
#135 = CARTESIAN_POINT('',(120.805476,-103.112146,0.));
#136 = LINE('',#137,#138);
#137 = CARTESIAN_POINT('',(120.805476,-103.112146,0.));
#138 = VECTOR('',#139,1.);
#139 = DIRECTION('',(0.,0.,1.));
#140 = ORIENTED_EDGE('',*,*,#141,.F.);
#141 = EDGE_CURVE('',#71,#134,#142,.T.);
#142 = LINE('',#143,#144);
#143 = CARTESIAN_POINT('',(120.805476,-99.962346,0.));
#144 = VECTOR('',#145,1.);
#145 = DIRECTION('',(0.,-1.,0.));
#146 = PLANE('',#147);
#147 = AXIS2_PLACEMENT_3D('',#148,#149,#150);
#148 = CARTESIAN_POINT('',(120.805476,-99.962346,0.));
#149 = DIRECTION('',(1.,0.,-0.));
#150 = DIRECTION('',(0.,-1.,0.));
#151 = ADVANCED_FACE('',(#152,#299,#310,#321,#332,#343,#354,#365,#376,
    #387,#398,#409,#420,#431,#442,#453,#464,#475,#486,#497,#508,#519,
    #530,#541,#552,#563,#574,#585,#596,#607,#618,#629,#640),#651,.F.);
#152 = FACE_BOUND('',#153,.F.);
#153 = EDGE_LOOP('',(#154,#155,#156,#165,#173,#181,#190,#198,#207,#215,
    #224,#232,#241,#249,#258,#266,#274,#283,#291,#298));
#154 = ORIENTED_EDGE('',*,*,#78,.F.);
#155 = ORIENTED_EDGE('',*,*,#110,.F.);
#156 = ORIENTED_EDGE('',*,*,#157,.F.);
#157 = EDGE_CURVE('',#158,#94,#160,.T.);
#158 = VERTEX_POINT('',#159);
#159 = CARTESIAN_POINT('',(101.284018,-99.958247,0.));
#160 = CIRCLE('',#161,0.799997095442);
#161 = AXIS2_PLACEMENT_3D('',#162,#163,#164);
#162 = CARTESIAN_POINT('',(102.08400511485,-99.96224309543,0.));
#163 = DIRECTION('',(0.,0.,-1.));
#164 = DIRECTION('',(-0.999987524223,4.995137435126E-03,0.));
#165 = ORIENTED_EDGE('',*,*,#166,.F.);
#166 = EDGE_CURVE('',#167,#158,#169,.T.);
#167 = VERTEX_POINT('',#168);
#168 = CARTESIAN_POINT('',(101.284018,-100.562246,0.));
#169 = LINE('',#170,#171);
#170 = CARTESIAN_POINT('',(101.284018,-100.562246,0.));
#171 = VECTOR('',#172,1.);
#172 = DIRECTION('',(0.,1.,0.));
#173 = ORIENTED_EDGE('',*,*,#174,.F.);
#174 = EDGE_CURVE('',#175,#167,#177,.T.);
#175 = VERTEX_POINT('',#176);
#176 = CARTESIAN_POINT('',(101.284007,-100.562246,0.));
#177 = LINE('',#178,#179);
#178 = CARTESIAN_POINT('',(101.284007,-100.562246,0.));
#179 = VECTOR('',#180,1.);
#180 = DIRECTION('',(1.,0.,0.));
#181 = ORIENTED_EDGE('',*,*,#182,.F.);
#182 = EDGE_CURVE('',#183,#175,#185,.T.);
#183 = VERTEX_POINT('',#184);
#184 = CARTESIAN_POINT('',(100.484007,-101.362246,0.));
#185 = CIRCLE('',#186,0.800001450872);
#186 = AXIS2_PLACEMENT_3D('',#187,#188,#189);
#187 = CARTESIAN_POINT('',(100.48400554912,-100.5622445491,0.));
#188 = DIRECTION('',(0.,0.,1.));
#189 = DIRECTION('',(1.813584994895E-06,-0.999999999998,0.));
#190 = ORIENTED_EDGE('',*,*,#191,.F.);
#191 = EDGE_CURVE('',#192,#183,#194,.T.);
#192 = VERTEX_POINT('',#193);
#193 = CARTESIAN_POINT('',(99.630607,-101.362246,0.));
#194 = LINE('',#195,#196);
#195 = CARTESIAN_POINT('',(99.630607,-101.362246,0.));
#196 = VECTOR('',#197,1.);
#197 = DIRECTION('',(1.,0.,0.));
#198 = ORIENTED_EDGE('',*,*,#199,.F.);
#199 = EDGE_CURVE('',#200,#192,#202,.T.);
#200 = VERTEX_POINT('',#201);
#201 = CARTESIAN_POINT('',(98.479256,-106.714575,0.));
#202 = CIRCLE('',#203,2.799998950257);
#203 = AXIS2_PLACEMENT_3D('',#204,#205,#206);
#204 = CARTESIAN_POINT('',(99.630605399018,-104.1622449502,0.));
#205 = DIRECTION('',(0.,0.,-1.));
#206 = DIRECTION('',(-0.411196368096,-0.911546788083,-0.));
#207 = ORIENTED_EDGE('',*,*,#208,.F.);
#208 = EDGE_CURVE('',#209,#200,#211,.T.);
#209 = VERTEX_POINT('',#210);
#210 = CARTESIAN_POINT('',(99.847147,-107.331628,0.));
#211 = LINE('',#212,#213);
#212 = CARTESIAN_POINT('',(99.847147,-107.331628,0.));
#213 = VECTOR('',#214,1.);
#214 = DIRECTION('',(-0.911546549942,0.411196896011,0.));
#215 = ORIENTED_EDGE('',*,*,#216,.F.);
#216 = EDGE_CURVE('',#217,#209,#219,.T.);
#217 = VERTEX_POINT('',#218);
#218 = CARTESIAN_POINT('',(101.284018,-109.562346,0.));
#219 = CIRCLE('',#220,2.450014265449);
#220 = AXIS2_PLACEMENT_3D('',#221,#222,#223);
#221 = CARTESIAN_POINT('',(98.834003734551,-109.5623477548,0.));
#222 = DIRECTION('',(0.,0.,1.));
#223 = DIRECTION('',(1.,7.162522743388E-07,-0.));
#224 = ORIENTED_EDGE('',*,*,#225,.F.);
#225 = EDGE_CURVE('',#226,#217,#228,.T.);
#226 = VERTEX_POINT('',#227);
#227 = CARTESIAN_POINT('',(101.284018,-113.762246,0.));
#228 = LINE('',#229,#230);
#229 = CARTESIAN_POINT('',(101.284018,-113.762246,0.));
#230 = VECTOR('',#231,1.);
#231 = DIRECTION('',(0.,1.,0.));
#232 = ORIENTED_EDGE('',*,*,#233,.F.);
#233 = EDGE_CURVE('',#234,#226,#236,.T.);
#234 = VERTEX_POINT('',#235);
#235 = CARTESIAN_POINT('',(102.084018,-114.562246,0.));
#236 = CIRCLE('',#237,0.800006572279);
#237 = AXIS2_PLACEMENT_3D('',#238,#239,#240);
#238 = CARTESIAN_POINT('',(102.08402457225,-113.7622394277,0.));
#239 = DIRECTION('',(0.,0.,-1.));
#240 = DIRECTION('',(-8.21524778138E-06,-0.999999999966,-0.));
#241 = ORIENTED_EDGE('',*,*,#242,.F.);
#242 = EDGE_CURVE('',#243,#234,#245,.T.);
#243 = VERTEX_POINT('',#244);
#244 = CARTESIAN_POINT('',(118.005507,-114.562246,0.));
#245 = LINE('',#246,#247);
#246 = CARTESIAN_POINT('',(118.005507,-114.562246,0.));
#247 = VECTOR('',#248,1.);
#248 = DIRECTION('',(-1.,0.,0.));
#249 = ORIENTED_EDGE('',*,*,#250,.F.);
#250 = EDGE_CURVE('',#251,#243,#253,.T.);
#251 = VERTEX_POINT('',#252);
#252 = CARTESIAN_POINT('',(119.164629,-109.213435,0.));
#253 = CIRCLE('',#254,2.800000501201);
#254 = AXIS2_PLACEMENT_3D('',#255,#256,#257);
#255 = CARTESIAN_POINT('',(118.00550525857,-111.7622454987,0.));
#256 = DIRECTION('',(0.,0.,-1.));
#257 = DIRECTION('',(0.413972690694,0.910289300915,0.));
#258 = ORIENTED_EDGE('',*,*,#259,.F.);
#259 = EDGE_CURVE('',#260,#251,#262,.T.);
#260 = VERTEX_POINT('',#261);
#261 = CARTESIAN_POINT('',(117.794669,-108.59545,0.));
#262 = LINE('',#263,#264);
#263 = CARTESIAN_POINT('',(117.794669,-108.59545,0.));
#264 = VECTOR('',#265,1.);
#265 = DIRECTION('',(0.911546879631,-0.41119616515,0.));
#266 = ORIENTED_EDGE('',*,*,#267,.F.);
#267 = EDGE_CURVE('',#268,#260,#270,.T.);
#268 = VERTEX_POINT('',#269);
#269 = CARTESIAN_POINT('',(117.794676,-108.595435,0.));
#270 = LINE('',#271,#272);
#271 = CARTESIAN_POINT('',(117.794676,-108.595435,0.));
#272 = VECTOR('',#273,1.);
#273 = DIRECTION('',(-0.422885465049,-0.906183140127,0.));
#274 = ORIENTED_EDGE('',*,*,#275,.F.);
#275 = EDGE_CURVE('',#276,#268,#278,.T.);
#276 = VERTEX_POINT('',#277);
#277 = CARTESIAN_POINT('',(118.802107,-103.912146,0.));
#278 = CIRCLE('',#279,2.449999807773);
#279 = AXIS2_PLACEMENT_3D('',#280,#281,#282);
#280 = CARTESIAN_POINT('',(118.80210760659,-106.3621458077,0.));
#281 = DIRECTION('',(0.,0.,1.));
#282 = DIRECTION('',(-2.475901089902E-07,1.,0.));
#283 = ORIENTED_EDGE('',*,*,#284,.F.);
#284 = EDGE_CURVE('',#285,#276,#287,.T.);
#285 = VERTEX_POINT('',#286);
#286 = CARTESIAN_POINT('',(120.005507,-103.912146,0.));
#287 = LINE('',#288,#289);
#288 = CARTESIAN_POINT('',(120.005507,-103.912146,0.));
#289 = VECTOR('',#290,1.);
#290 = DIRECTION('',(-1.,0.,0.));
#291 = ORIENTED_EDGE('',*,*,#292,.F.);
#292 = EDGE_CURVE('',#134,#285,#293,.T.);
#293 = CIRCLE('',#294,0.799950240316);
#294 = AXIS2_PLACEMENT_3D('',#295,#296,#297);
#295 = CARTESIAN_POINT('',(120.00552576123,-103.1121957599,0.));
#296 = DIRECTION('',(0.,0.,-1.));
#297 = DIRECTION('',(0.999999998065,6.220374851776E-05,0.));
#298 = ORIENTED_EDGE('',*,*,#141,.F.);
#299 = FACE_BOUND('',#300,.F.);
#300 = EDGE_LOOP('',(#301));
#301 = ORIENTED_EDGE('',*,*,#302,.T.);
#302 = EDGE_CURVE('',#303,#303,#305,.T.);
#303 = VERTEX_POINT('',#304);
#304 = CARTESIAN_POINT('',(105.084007,-112.637246,0.));
#305 = CIRCLE('',#306,0.875);
#306 = AXIS2_PLACEMENT_3D('',#307,#308,#309);
#307 = CARTESIAN_POINT('',(105.084007,-111.762246,0.));
#308 = DIRECTION('',(-0.,0.,-1.));
#309 = DIRECTION('',(-0.,-1.,0.));
#310 = FACE_BOUND('',#311,.F.);
#311 = EDGE_LOOP('',(#312));
#312 = ORIENTED_EDGE('',*,*,#313,.T.);
#313 = EDGE_CURVE('',#314,#314,#316,.T.);
#314 = VERTEX_POINT('',#315);
#315 = CARTESIAN_POINT('',(103.084007,-109.837246,0.));
#316 = CIRCLE('',#317,0.875);
#317 = AXIS2_PLACEMENT_3D('',#318,#319,#320);
#318 = CARTESIAN_POINT('',(103.084007,-108.962246,0.));
#319 = DIRECTION('',(-0.,0.,-1.));
#320 = DIRECTION('',(-0.,-1.,0.));
#321 = FACE_BOUND('',#322,.F.);
#322 = EDGE_LOOP('',(#323));
#323 = ORIENTED_EDGE('',*,*,#324,.T.);
#324 = EDGE_CURVE('',#325,#325,#327,.T.);
#325 = VERTEX_POINT('',#326);
#326 = CARTESIAN_POINT('',(107.084007,-109.837246,0.));
#327 = CIRCLE('',#328,0.875);
#328 = AXIS2_PLACEMENT_3D('',#329,#330,#331);
#329 = CARTESIAN_POINT('',(107.084007,-108.962246,0.));
#330 = DIRECTION('',(-0.,0.,-1.));
#331 = DIRECTION('',(-0.,-1.,0.));
#332 = FACE_BOUND('',#333,.F.);
#333 = EDGE_LOOP('',(#334));
#334 = ORIENTED_EDGE('',*,*,#335,.T.);
#335 = EDGE_CURVE('',#336,#336,#338,.T.);
#336 = VERTEX_POINT('',#337);
#337 = CARTESIAN_POINT('',(109.084007,-112.637246,0.));
#338 = CIRCLE('',#339,0.875);
#339 = AXIS2_PLACEMENT_3D('',#340,#341,#342);
#340 = CARTESIAN_POINT('',(109.084007,-111.762246,0.));
#341 = DIRECTION('',(-0.,0.,-1.));
#342 = DIRECTION('',(-0.,-1.,0.));
#343 = FACE_BOUND('',#344,.F.);
#344 = EDGE_LOOP('',(#345));
#345 = ORIENTED_EDGE('',*,*,#346,.T.);
#346 = EDGE_CURVE('',#347,#347,#349,.T.);
#347 = VERTEX_POINT('',#348);
#348 = CARTESIAN_POINT('',(113.084007,-112.637246,0.));
#349 = CIRCLE('',#350,0.875);
#350 = AXIS2_PLACEMENT_3D('',#351,#352,#353);
#351 = CARTESIAN_POINT('',(113.084007,-111.762246,0.));
#352 = DIRECTION('',(-0.,0.,-1.));
#353 = DIRECTION('',(-0.,-1.,0.));
#354 = FACE_BOUND('',#355,.F.);
#355 = EDGE_LOOP('',(#356));
#356 = ORIENTED_EDGE('',*,*,#357,.T.);
#357 = EDGE_CURVE('',#358,#358,#360,.T.);
#358 = VERTEX_POINT('',#359);
#359 = CARTESIAN_POINT('',(116.847281,-113.108972,0.));
#360 = CIRCLE('',#361,0.2);
#361 = AXIS2_PLACEMENT_3D('',#362,#363,#364);
#362 = CARTESIAN_POINT('',(116.847281,-112.908972,0.));
#363 = DIRECTION('',(-0.,0.,-1.));
#364 = DIRECTION('',(-7.105427357601E-14,-1.,0.));
#365 = FACE_BOUND('',#366,.F.);
#366 = EDGE_LOOP('',(#367));
#367 = ORIENTED_EDGE('',*,*,#368,.T.);
#368 = EDGE_CURVE('',#369,#369,#371,.T.);
#369 = VERTEX_POINT('',#370);
#370 = CARTESIAN_POINT('',(118.014007,-113.592246,0.));
#371 = CIRCLE('',#372,0.2);
#372 = AXIS2_PLACEMENT_3D('',#373,#374,#375);
#373 = CARTESIAN_POINT('',(118.014007,-113.392246,0.));
#374 = DIRECTION('',(-0.,0.,-1.));
#375 = DIRECTION('',(7.1054273576E-14,-1.,-0.));
#376 = FACE_BOUND('',#377,.F.);
#377 = EDGE_LOOP('',(#378));
#378 = ORIENTED_EDGE('',*,*,#379,.T.);
#379 = EDGE_CURVE('',#380,#380,#382,.T.);
#380 = VERTEX_POINT('',#381);
#381 = CARTESIAN_POINT('',(119.180733,-113.108972,0.));
#382 = CIRCLE('',#383,0.2);
#383 = AXIS2_PLACEMENT_3D('',#384,#385,#386);
#384 = CARTESIAN_POINT('',(119.180733,-112.908972,0.));
#385 = DIRECTION('',(-0.,0.,-1.));
#386 = DIRECTION('',(-0.,-1.,0.));
#387 = FACE_BOUND('',#388,.F.);
#388 = EDGE_LOOP('',(#389));
#389 = ORIENTED_EDGE('',*,*,#390,.T.);
#390 = EDGE_CURVE('',#391,#391,#393,.T.);
#391 = VERTEX_POINT('',#392);
#392 = CARTESIAN_POINT('',(116.364007,-111.942246,0.));
#393 = CIRCLE('',#394,0.2);
#394 = AXIS2_PLACEMENT_3D('',#395,#396,#397);
#395 = CARTESIAN_POINT('',(116.364007,-111.742246,0.));
#396 = DIRECTION('',(-0.,0.,-1.));
#397 = DIRECTION('',(-0.,-1.,0.));
#398 = FACE_BOUND('',#399,.F.);
#399 = EDGE_LOOP('',(#400));
#400 = ORIENTED_EDGE('',*,*,#401,.T.);
#401 = EDGE_CURVE('',#402,#402,#404,.T.);
#402 = VERTEX_POINT('',#403);
#403 = CARTESIAN_POINT('',(116.847281,-110.77552,0.));
#404 = CIRCLE('',#405,0.2);
#405 = AXIS2_PLACEMENT_3D('',#406,#407,#408);
#406 = CARTESIAN_POINT('',(116.847281,-110.57552,0.));
#407 = DIRECTION('',(-0.,0.,-1.));
#408 = DIRECTION('',(-7.105427357601E-14,-1.,0.));
#409 = FACE_BOUND('',#410,.F.);
#410 = EDGE_LOOP('',(#411));
#411 = ORIENTED_EDGE('',*,*,#412,.T.);
#412 = EDGE_CURVE('',#413,#413,#415,.T.);
#413 = VERTEX_POINT('',#414);
#414 = CARTESIAN_POINT('',(118.014007,-112.842246,0.));
#415 = CIRCLE('',#416,1.1);
#416 = AXIS2_PLACEMENT_3D('',#417,#418,#419);
#417 = CARTESIAN_POINT('',(118.014007,-111.742246,0.));
#418 = DIRECTION('',(-0.,0.,-1.));
#419 = DIRECTION('',(1.2918958832E-14,-1.,-0.));
#420 = FACE_BOUND('',#421,.F.);
#421 = EDGE_LOOP('',(#422));
#422 = ORIENTED_EDGE('',*,*,#423,.T.);
#423 = EDGE_CURVE('',#424,#424,#426,.T.);
#424 = VERTEX_POINT('',#425);
#425 = CARTESIAN_POINT('',(119.664007,-111.942246,0.));
#426 = CIRCLE('',#427,0.2);
#427 = AXIS2_PLACEMENT_3D('',#428,#429,#430);
#428 = CARTESIAN_POINT('',(119.664007,-111.742246,0.));
#429 = DIRECTION('',(-0.,0.,-1.));
#430 = DIRECTION('',(-0.,-1.,0.));
#431 = FACE_BOUND('',#432,.F.);
#432 = EDGE_LOOP('',(#433));
#433 = ORIENTED_EDGE('',*,*,#434,.T.);
#434 = EDGE_CURVE('',#435,#435,#437,.T.);
#435 = VERTEX_POINT('',#436);
#436 = CARTESIAN_POINT('',(119.180733,-110.77552,0.));
#437 = CIRCLE('',#438,0.2);
#438 = AXIS2_PLACEMENT_3D('',#439,#440,#441);
#439 = CARTESIAN_POINT('',(119.180733,-110.57552,0.));
#440 = DIRECTION('',(-0.,0.,-1.));
#441 = DIRECTION('',(-0.,-1.,0.));
#442 = FACE_BOUND('',#443,.F.);
#443 = EDGE_LOOP('',(#444));
#444 = ORIENTED_EDGE('',*,*,#445,.T.);
#445 = EDGE_CURVE('',#446,#446,#448,.T.);
#446 = VERTEX_POINT('',#447);
#447 = CARTESIAN_POINT('',(111.084007,-109.837246,0.));
#448 = CIRCLE('',#449,0.875);
#449 = AXIS2_PLACEMENT_3D('',#450,#451,#452);
#450 = CARTESIAN_POINT('',(111.084007,-108.962246,0.));
#451 = DIRECTION('',(-0.,0.,-1.));
#452 = DIRECTION('',(-0.,-1.,0.));
#453 = FACE_BOUND('',#454,.F.);
#454 = EDGE_LOOP('',(#455));
#455 = ORIENTED_EDGE('',*,*,#456,.T.);
#456 = EDGE_CURVE('',#457,#457,#459,.T.);
#457 = VERTEX_POINT('',#458);
#458 = CARTESIAN_POINT('',(115.084007,-109.837246,0.));
#459 = CIRCLE('',#460,0.875);
#460 = AXIS2_PLACEMENT_3D('',#461,#462,#463);
#461 = CARTESIAN_POINT('',(115.084007,-108.962246,0.));
#462 = DIRECTION('',(-0.,0.,-1.));
#463 = DIRECTION('',(-0.,-1.,0.));
#464 = FACE_BOUND('',#465,.F.);
#465 = EDGE_LOOP('',(#466));
#466 = ORIENTED_EDGE('',*,*,#467,.T.);
#467 = EDGE_CURVE('',#468,#468,#470,.T.);
#468 = VERTEX_POINT('',#469);
#469 = CARTESIAN_POINT('',(118.014007,-110.292246,0.));
#470 = CIRCLE('',#471,0.2);
#471 = AXIS2_PLACEMENT_3D('',#472,#473,#474);
#472 = CARTESIAN_POINT('',(118.014007,-110.092246,0.));
#473 = DIRECTION('',(-0.,0.,-1.));
#474 = DIRECTION('',(7.105427357601E-14,-1.,-0.));
#475 = FACE_BOUND('',#476,.F.);
#476 = EDGE_LOOP('',(#477));
#477 = ORIENTED_EDGE('',*,*,#478,.T.);
#478 = EDGE_CURVE('',#479,#479,#481,.T.);
#479 = VERTEX_POINT('',#480);
#480 = CARTESIAN_POINT('',(98.487281,-105.528972,0.));
#481 = CIRCLE('',#482,0.2);
#482 = AXIS2_PLACEMENT_3D('',#483,#484,#485);
#483 = CARTESIAN_POINT('',(98.487281,-105.328972,0.));
#484 = DIRECTION('',(-0.,0.,-1.));
#485 = DIRECTION('',(-0.,-1.,0.));
#486 = FACE_BOUND('',#487,.F.);
#487 = EDGE_LOOP('',(#488));
#488 = ORIENTED_EDGE('',*,*,#489,.T.);
#489 = EDGE_CURVE('',#490,#490,#492,.T.);
#490 = VERTEX_POINT('',#491);
#491 = CARTESIAN_POINT('',(99.654007,-106.012246,0.));
#492 = CIRCLE('',#493,0.2);
#493 = AXIS2_PLACEMENT_3D('',#494,#495,#496);
#494 = CARTESIAN_POINT('',(99.654007,-105.812246,0.));
#495 = DIRECTION('',(-0.,0.,-1.));
#496 = DIRECTION('',(-7.105427357601E-14,-1.,0.));
#497 = FACE_BOUND('',#498,.F.);
#498 = EDGE_LOOP('',(#499));
#499 = ORIENTED_EDGE('',*,*,#500,.T.);
#500 = EDGE_CURVE('',#501,#501,#503,.T.);
#501 = VERTEX_POINT('',#502);
#502 = CARTESIAN_POINT('',(100.820733,-105.528972,0.));
#503 = CIRCLE('',#504,0.2);
#504 = AXIS2_PLACEMENT_3D('',#505,#506,#507);
#505 = CARTESIAN_POINT('',(100.820733,-105.328972,0.));
#506 = DIRECTION('',(-0.,0.,-1.));
#507 = DIRECTION('',(-0.,-1.,0.));
#508 = FACE_BOUND('',#509,.F.);
#509 = EDGE_LOOP('',(#510));
#510 = ORIENTED_EDGE('',*,*,#511,.T.);
#511 = EDGE_CURVE('',#512,#512,#514,.T.);
#512 = VERTEX_POINT('',#513);
#513 = CARTESIAN_POINT('',(98.004007,-104.362246,0.));
#514 = CIRCLE('',#515,0.2);
#515 = AXIS2_PLACEMENT_3D('',#516,#517,#518);
#516 = CARTESIAN_POINT('',(98.004007,-104.162246,0.));
#517 = DIRECTION('',(-0.,0.,-1.));
#518 = DIRECTION('',(-0.,-1.,0.));
#519 = FACE_BOUND('',#520,.F.);
#520 = EDGE_LOOP('',(#521));
#521 = ORIENTED_EDGE('',*,*,#522,.T.);
#522 = EDGE_CURVE('',#523,#523,#525,.T.);
#523 = VERTEX_POINT('',#524);
#524 = CARTESIAN_POINT('',(99.654007,-105.262246,0.));
#525 = CIRCLE('',#526,1.1);
#526 = AXIS2_PLACEMENT_3D('',#527,#528,#529);
#527 = CARTESIAN_POINT('',(99.654007,-104.162246,0.));
#528 = DIRECTION('',(-0.,0.,-1.));
#529 = DIRECTION('',(-1.2918958832E-14,-1.,0.));
#530 = FACE_BOUND('',#531,.F.);
#531 = EDGE_LOOP('',(#532));
#532 = ORIENTED_EDGE('',*,*,#533,.T.);
#533 = EDGE_CURVE('',#534,#534,#536,.T.);
#534 = VERTEX_POINT('',#535);
#535 = CARTESIAN_POINT('',(101.304007,-104.362246,0.));
#536 = CIRCLE('',#537,0.2);
#537 = AXIS2_PLACEMENT_3D('',#538,#539,#540);
#538 = CARTESIAN_POINT('',(101.304007,-104.162246,0.));
#539 = DIRECTION('',(-0.,0.,-1.));
#540 = DIRECTION('',(-0.,-1.,0.));
#541 = FACE_BOUND('',#542,.F.);
#542 = EDGE_LOOP('',(#543));
#543 = ORIENTED_EDGE('',*,*,#544,.T.);
#544 = EDGE_CURVE('',#545,#545,#547,.T.);
#545 = VERTEX_POINT('',#546);
#546 = CARTESIAN_POINT('',(98.487281,-103.19552,0.));
#547 = CIRCLE('',#548,0.2);
#548 = AXIS2_PLACEMENT_3D('',#549,#550,#551);
#549 = CARTESIAN_POINT('',(98.487281,-102.99552,0.));
#550 = DIRECTION('',(-0.,0.,-1.));
#551 = DIRECTION('',(-0.,-1.,0.));
#552 = FACE_BOUND('',#553,.F.);
#553 = EDGE_LOOP('',(#554));
#554 = ORIENTED_EDGE('',*,*,#555,.T.);
#555 = EDGE_CURVE('',#556,#556,#558,.T.);
#556 = VERTEX_POINT('',#557);
#557 = CARTESIAN_POINT('',(99.654007,-102.712246,0.));
#558 = CIRCLE('',#559,0.2);
#559 = AXIS2_PLACEMENT_3D('',#560,#561,#562);
#560 = CARTESIAN_POINT('',(99.654007,-102.512246,0.));
#561 = DIRECTION('',(-0.,0.,-1.));
#562 = DIRECTION('',(-7.105427357601E-14,-1.,0.));
#563 = FACE_BOUND('',#564,.F.);
#564 = EDGE_LOOP('',(#565));
#565 = ORIENTED_EDGE('',*,*,#566,.T.);
#566 = EDGE_CURVE('',#567,#567,#569,.T.);
#567 = VERTEX_POINT('',#568);
#568 = CARTESIAN_POINT('',(100.820733,-103.19552,0.));
#569 = CIRCLE('',#570,0.2);
#570 = AXIS2_PLACEMENT_3D('',#571,#572,#573);
#571 = CARTESIAN_POINT('',(100.820733,-102.99552,0.));
#572 = DIRECTION('',(-0.,0.,-1.));
#573 = DIRECTION('',(-0.,-1.,0.));
#574 = FACE_BOUND('',#575,.F.);
#575 = EDGE_LOOP('',(#576));
#576 = ORIENTED_EDGE('',*,*,#577,.T.);
#577 = EDGE_CURVE('',#578,#578,#580,.T.);
#578 = VERTEX_POINT('',#579);
#579 = CARTESIAN_POINT('',(103.034007,-101.302246,0.));
#580 = CIRCLE('',#581,0.5);
#581 = AXIS2_PLACEMENT_3D('',#582,#583,#584);
#582 = CARTESIAN_POINT('',(103.034007,-100.802246,0.));
#583 = DIRECTION('',(-0.,0.,-1.));
#584 = DIRECTION('',(-0.,-1.,0.));
#585 = FACE_BOUND('',#586,.F.);
#586 = EDGE_LOOP('',(#587));
#587 = ORIENTED_EDGE('',*,*,#588,.T.);
#588 = EDGE_CURVE('',#589,#589,#591,.T.);
#589 = VERTEX_POINT('',#590);
#590 = CARTESIAN_POINT('',(105.234007,-101.302246,0.));
#591 = CIRCLE('',#592,0.5);
#592 = AXIS2_PLACEMENT_3D('',#593,#594,#595);
#593 = CARTESIAN_POINT('',(105.234007,-100.802246,0.));
#594 = DIRECTION('',(-0.,0.,-1.));
#595 = DIRECTION('',(-0.,-1.,0.));
#596 = FACE_BOUND('',#597,.F.);
#597 = EDGE_LOOP('',(#598));
#598 = ORIENTED_EDGE('',*,*,#599,.T.);
#599 = EDGE_CURVE('',#600,#600,#602,.T.);
#600 = VERTEX_POINT('',#601);
#601 = CARTESIAN_POINT('',(107.434007,-101.302246,0.));
#602 = CIRCLE('',#603,0.5);
#603 = AXIS2_PLACEMENT_3D('',#604,#605,#606);
#604 = CARTESIAN_POINT('',(107.434007,-100.802246,0.));
#605 = DIRECTION('',(-0.,0.,-1.));
#606 = DIRECTION('',(-0.,-1.,0.));
#607 = FACE_BOUND('',#608,.F.);
#608 = EDGE_LOOP('',(#609));
#609 = ORIENTED_EDGE('',*,*,#610,.T.);
#610 = EDGE_CURVE('',#611,#611,#613,.T.);
#611 = VERTEX_POINT('',#612);
#612 = CARTESIAN_POINT('',(109.634007,-101.302246,0.));
#613 = CIRCLE('',#614,0.5);
#614 = AXIS2_PLACEMENT_3D('',#615,#616,#617);
#615 = CARTESIAN_POINT('',(109.634007,-100.802246,0.));
#616 = DIRECTION('',(-0.,0.,-1.));
#617 = DIRECTION('',(-0.,-1.,0.));
#618 = FACE_BOUND('',#619,.F.);
#619 = EDGE_LOOP('',(#620));
#620 = ORIENTED_EDGE('',*,*,#621,.T.);
#621 = EDGE_CURVE('',#622,#622,#624,.T.);
#622 = VERTEX_POINT('',#623);
#623 = CARTESIAN_POINT('',(111.834007,-101.302246,0.));
#624 = CIRCLE('',#625,0.5);
#625 = AXIS2_PLACEMENT_3D('',#626,#627,#628);
#626 = CARTESIAN_POINT('',(111.834007,-100.802246,0.));
#627 = DIRECTION('',(-0.,0.,-1.));
#628 = DIRECTION('',(-0.,-1.,0.));
#629 = FACE_BOUND('',#630,.F.);
#630 = EDGE_LOOP('',(#631));
#631 = ORIENTED_EDGE('',*,*,#632,.T.);
#632 = EDGE_CURVE('',#633,#633,#635,.T.);
#633 = VERTEX_POINT('',#634);
#634 = CARTESIAN_POINT('',(114.864007,-102.432246,0.));
#635 = CIRCLE('',#636,0.9);
#636 = AXIS2_PLACEMENT_3D('',#637,#638,#639);
#637 = CARTESIAN_POINT('',(114.864007,-101.532246,0.));
#638 = DIRECTION('',(-0.,0.,-1.));
#639 = DIRECTION('',(-0.,-1.,0.));
#640 = FACE_BOUND('',#641,.F.);
#641 = EDGE_LOOP('',(#642));
#642 = ORIENTED_EDGE('',*,*,#643,.T.);
#643 = EDGE_CURVE('',#644,#644,#646,.T.);
#644 = VERTEX_POINT('',#645);
#645 = CARTESIAN_POINT('',(118.664007,-102.432246,0.));
#646 = CIRCLE('',#647,0.9);
#647 = AXIS2_PLACEMENT_3D('',#648,#649,#650);
#648 = CARTESIAN_POINT('',(118.664007,-101.532246,0.));
#649 = DIRECTION('',(-0.,0.,-1.));
#650 = DIRECTION('',(-0.,-1.,0.));
#651 = PLANE('',#652);
#652 = AXIS2_PLACEMENT_3D('',#653,#654,#655);
#653 = CARTESIAN_POINT('',(0.,0.,0.));
#654 = DIRECTION('',(0.,0.,1.));
#655 = DIRECTION('',(1.,0.,-0.));
#656 = ADVANCED_FACE('',(#657,#804,#815,#826,#837,#848,#859,#870,#881,
    #892,#903,#914,#925,#936,#947,#958,#969,#980,#991,#1002,#1013,#1024,
    #1035,#1046,#1057,#1068,#1079,#1090,#1101,#1112,#1123,#1134,#1145),
  #1156,.T.);
#657 = FACE_BOUND('',#658,.T.);
#658 = EDGE_LOOP('',(#659,#660,#661,#670,#678,#686,#695,#703,#712,#720,
    #729,#737,#746,#754,#763,#771,#779,#788,#796,#803));
#659 = ORIENTED_EDGE('',*,*,#61,.F.);
#660 = ORIENTED_EDGE('',*,*,#103,.F.);
#661 = ORIENTED_EDGE('',*,*,#662,.F.);
#662 = EDGE_CURVE('',#663,#96,#665,.T.);
#663 = VERTEX_POINT('',#664);
#664 = CARTESIAN_POINT('',(101.284018,-99.958247,0.91));
#665 = CIRCLE('',#666,0.799997095442);
#666 = AXIS2_PLACEMENT_3D('',#667,#668,#669);
#667 = CARTESIAN_POINT('',(102.08400511485,-99.96224309543,0.91));
#668 = DIRECTION('',(0.,0.,-1.));
#669 = DIRECTION('',(-0.999987524223,4.995137435126E-03,0.));
#670 = ORIENTED_EDGE('',*,*,#671,.F.);
#671 = EDGE_CURVE('',#672,#663,#674,.T.);
#672 = VERTEX_POINT('',#673);
#673 = CARTESIAN_POINT('',(101.284018,-100.562246,0.91));
#674 = LINE('',#675,#676);
#675 = CARTESIAN_POINT('',(101.284018,-100.562246,0.91));
#676 = VECTOR('',#677,1.);
#677 = DIRECTION('',(0.,1.,0.));
#678 = ORIENTED_EDGE('',*,*,#679,.F.);
#679 = EDGE_CURVE('',#680,#672,#682,.T.);
#680 = VERTEX_POINT('',#681);
#681 = CARTESIAN_POINT('',(101.284007,-100.562246,0.91));
#682 = LINE('',#683,#684);
#683 = CARTESIAN_POINT('',(101.284007,-100.562246,0.91));
#684 = VECTOR('',#685,1.);
#685 = DIRECTION('',(1.,0.,0.));
#686 = ORIENTED_EDGE('',*,*,#687,.F.);
#687 = EDGE_CURVE('',#688,#680,#690,.T.);
#688 = VERTEX_POINT('',#689);
#689 = CARTESIAN_POINT('',(100.484007,-101.362246,0.91));
#690 = CIRCLE('',#691,0.800001450872);
#691 = AXIS2_PLACEMENT_3D('',#692,#693,#694);
#692 = CARTESIAN_POINT('',(100.48400554912,-100.5622445491,0.91));
#693 = DIRECTION('',(0.,0.,1.));
#694 = DIRECTION('',(1.813584994895E-06,-0.999999999998,0.));
#695 = ORIENTED_EDGE('',*,*,#696,.F.);
#696 = EDGE_CURVE('',#697,#688,#699,.T.);
#697 = VERTEX_POINT('',#698);
#698 = CARTESIAN_POINT('',(99.630607,-101.362246,0.91));
#699 = LINE('',#700,#701);
#700 = CARTESIAN_POINT('',(99.630607,-101.362246,0.91));
#701 = VECTOR('',#702,1.);
#702 = DIRECTION('',(1.,0.,0.));
#703 = ORIENTED_EDGE('',*,*,#704,.F.);
#704 = EDGE_CURVE('',#705,#697,#707,.T.);
#705 = VERTEX_POINT('',#706);
#706 = CARTESIAN_POINT('',(98.479256,-106.714575,0.91));
#707 = CIRCLE('',#708,2.799998950257);
#708 = AXIS2_PLACEMENT_3D('',#709,#710,#711);
#709 = CARTESIAN_POINT('',(99.630605399018,-104.1622449502,0.91));
#710 = DIRECTION('',(0.,0.,-1.));
#711 = DIRECTION('',(-0.411196368096,-0.911546788083,-0.));
#712 = ORIENTED_EDGE('',*,*,#713,.F.);
#713 = EDGE_CURVE('',#714,#705,#716,.T.);
#714 = VERTEX_POINT('',#715);
#715 = CARTESIAN_POINT('',(99.847147,-107.331628,0.91));
#716 = LINE('',#717,#718);
#717 = CARTESIAN_POINT('',(99.847147,-107.331628,0.91));
#718 = VECTOR('',#719,1.);
#719 = DIRECTION('',(-0.911546549942,0.411196896011,0.));
#720 = ORIENTED_EDGE('',*,*,#721,.F.);
#721 = EDGE_CURVE('',#722,#714,#724,.T.);
#722 = VERTEX_POINT('',#723);
#723 = CARTESIAN_POINT('',(101.284018,-109.562346,0.91));
#724 = CIRCLE('',#725,2.450014265449);
#725 = AXIS2_PLACEMENT_3D('',#726,#727,#728);
#726 = CARTESIAN_POINT('',(98.834003734551,-109.5623477548,0.91));
#727 = DIRECTION('',(0.,0.,1.));
#728 = DIRECTION('',(1.,7.162522743388E-07,-0.));
#729 = ORIENTED_EDGE('',*,*,#730,.F.);
#730 = EDGE_CURVE('',#731,#722,#733,.T.);
#731 = VERTEX_POINT('',#732);
#732 = CARTESIAN_POINT('',(101.284018,-113.762246,0.91));
#733 = LINE('',#734,#735);
#734 = CARTESIAN_POINT('',(101.284018,-113.762246,0.91));
#735 = VECTOR('',#736,1.);
#736 = DIRECTION('',(0.,1.,0.));
#737 = ORIENTED_EDGE('',*,*,#738,.F.);
#738 = EDGE_CURVE('',#739,#731,#741,.T.);
#739 = VERTEX_POINT('',#740);
#740 = CARTESIAN_POINT('',(102.084018,-114.562246,0.91));
#741 = CIRCLE('',#742,0.800006572279);
#742 = AXIS2_PLACEMENT_3D('',#743,#744,#745);
#743 = CARTESIAN_POINT('',(102.08402457225,-113.7622394277,0.91));
#744 = DIRECTION('',(0.,0.,-1.));
#745 = DIRECTION('',(-8.21524778138E-06,-0.999999999966,-0.));
#746 = ORIENTED_EDGE('',*,*,#747,.F.);
#747 = EDGE_CURVE('',#748,#739,#750,.T.);
#748 = VERTEX_POINT('',#749);
#749 = CARTESIAN_POINT('',(118.005507,-114.562246,0.91));
#750 = LINE('',#751,#752);
#751 = CARTESIAN_POINT('',(118.005507,-114.562246,0.91));
#752 = VECTOR('',#753,1.);
#753 = DIRECTION('',(-1.,0.,0.));
#754 = ORIENTED_EDGE('',*,*,#755,.F.);
#755 = EDGE_CURVE('',#756,#748,#758,.T.);
#756 = VERTEX_POINT('',#757);
#757 = CARTESIAN_POINT('',(119.164629,-109.213435,0.91));
#758 = CIRCLE('',#759,2.800000501201);
#759 = AXIS2_PLACEMENT_3D('',#760,#761,#762);
#760 = CARTESIAN_POINT('',(118.00550525857,-111.7622454987,0.91));
#761 = DIRECTION('',(0.,0.,-1.));
#762 = DIRECTION('',(0.413972690694,0.910289300915,0.));
#763 = ORIENTED_EDGE('',*,*,#764,.F.);
#764 = EDGE_CURVE('',#765,#756,#767,.T.);
#765 = VERTEX_POINT('',#766);
#766 = CARTESIAN_POINT('',(117.794669,-108.59545,0.91));
#767 = LINE('',#768,#769);
#768 = CARTESIAN_POINT('',(117.794669,-108.59545,0.91));
#769 = VECTOR('',#770,1.);
#770 = DIRECTION('',(0.911546879631,-0.41119616515,0.));
#771 = ORIENTED_EDGE('',*,*,#772,.F.);
#772 = EDGE_CURVE('',#773,#765,#775,.T.);
#773 = VERTEX_POINT('',#774);
#774 = CARTESIAN_POINT('',(117.794676,-108.595435,0.91));
#775 = LINE('',#776,#777);
#776 = CARTESIAN_POINT('',(117.794676,-108.595435,0.91));
#777 = VECTOR('',#778,1.);
#778 = DIRECTION('',(-0.422885465049,-0.906183140127,0.));
#779 = ORIENTED_EDGE('',*,*,#780,.F.);
#780 = EDGE_CURVE('',#781,#773,#783,.T.);
#781 = VERTEX_POINT('',#782);
#782 = CARTESIAN_POINT('',(118.802107,-103.912146,0.91));
#783 = CIRCLE('',#784,2.449999807773);
#784 = AXIS2_PLACEMENT_3D('',#785,#786,#787);
#785 = CARTESIAN_POINT('',(118.80210760659,-106.3621458077,0.91));
#786 = DIRECTION('',(0.,0.,1.));
#787 = DIRECTION('',(-2.475901089902E-07,1.,0.));
#788 = ORIENTED_EDGE('',*,*,#789,.F.);
#789 = EDGE_CURVE('',#790,#781,#792,.T.);
#790 = VERTEX_POINT('',#791);
#791 = CARTESIAN_POINT('',(120.005507,-103.912146,0.91));
#792 = LINE('',#793,#794);
#793 = CARTESIAN_POINT('',(120.005507,-103.912146,0.91));
#794 = VECTOR('',#795,1.);
#795 = DIRECTION('',(-1.,0.,0.));
#796 = ORIENTED_EDGE('',*,*,#797,.F.);
#797 = EDGE_CURVE('',#126,#790,#798,.T.);
#798 = CIRCLE('',#799,0.799950240316);
#799 = AXIS2_PLACEMENT_3D('',#800,#801,#802);
#800 = CARTESIAN_POINT('',(120.00552576123,-103.1121957599,0.91));
#801 = DIRECTION('',(0.,0.,-1.));
#802 = DIRECTION('',(0.999999998065,6.220374851776E-05,0.));
#803 = ORIENTED_EDGE('',*,*,#125,.F.);
#804 = FACE_BOUND('',#805,.T.);
#805 = EDGE_LOOP('',(#806));
#806 = ORIENTED_EDGE('',*,*,#807,.T.);
#807 = EDGE_CURVE('',#808,#808,#810,.T.);
#808 = VERTEX_POINT('',#809);
#809 = CARTESIAN_POINT('',(105.084007,-112.637246,0.91));
#810 = CIRCLE('',#811,0.875);
#811 = AXIS2_PLACEMENT_3D('',#812,#813,#814);
#812 = CARTESIAN_POINT('',(105.084007,-111.762246,0.91));
#813 = DIRECTION('',(-0.,0.,-1.));
#814 = DIRECTION('',(-0.,-1.,0.));
#815 = FACE_BOUND('',#816,.T.);
#816 = EDGE_LOOP('',(#817));
#817 = ORIENTED_EDGE('',*,*,#818,.T.);
#818 = EDGE_CURVE('',#819,#819,#821,.T.);
#819 = VERTEX_POINT('',#820);
#820 = CARTESIAN_POINT('',(103.084007,-109.837246,0.91));
#821 = CIRCLE('',#822,0.875);
#822 = AXIS2_PLACEMENT_3D('',#823,#824,#825);
#823 = CARTESIAN_POINT('',(103.084007,-108.962246,0.91));
#824 = DIRECTION('',(-0.,0.,-1.));
#825 = DIRECTION('',(-0.,-1.,0.));
#826 = FACE_BOUND('',#827,.T.);
#827 = EDGE_LOOP('',(#828));
#828 = ORIENTED_EDGE('',*,*,#829,.T.);
#829 = EDGE_CURVE('',#830,#830,#832,.T.);
#830 = VERTEX_POINT('',#831);
#831 = CARTESIAN_POINT('',(107.084007,-109.837246,0.91));
#832 = CIRCLE('',#833,0.875);
#833 = AXIS2_PLACEMENT_3D('',#834,#835,#836);
#834 = CARTESIAN_POINT('',(107.084007,-108.962246,0.91));
#835 = DIRECTION('',(-0.,0.,-1.));
#836 = DIRECTION('',(-0.,-1.,0.));
#837 = FACE_BOUND('',#838,.T.);
#838 = EDGE_LOOP('',(#839));
#839 = ORIENTED_EDGE('',*,*,#840,.T.);
#840 = EDGE_CURVE('',#841,#841,#843,.T.);
#841 = VERTEX_POINT('',#842);
#842 = CARTESIAN_POINT('',(109.084007,-112.637246,0.91));
#843 = CIRCLE('',#844,0.875);
#844 = AXIS2_PLACEMENT_3D('',#845,#846,#847);
#845 = CARTESIAN_POINT('',(109.084007,-111.762246,0.91));
#846 = DIRECTION('',(-0.,0.,-1.));
#847 = DIRECTION('',(-0.,-1.,0.));
#848 = FACE_BOUND('',#849,.T.);
#849 = EDGE_LOOP('',(#850));
#850 = ORIENTED_EDGE('',*,*,#851,.T.);
#851 = EDGE_CURVE('',#852,#852,#854,.T.);
#852 = VERTEX_POINT('',#853);
#853 = CARTESIAN_POINT('',(113.084007,-112.637246,0.91));
#854 = CIRCLE('',#855,0.875);
#855 = AXIS2_PLACEMENT_3D('',#856,#857,#858);
#856 = CARTESIAN_POINT('',(113.084007,-111.762246,0.91));
#857 = DIRECTION('',(-0.,0.,-1.));
#858 = DIRECTION('',(-0.,-1.,0.));
#859 = FACE_BOUND('',#860,.T.);
#860 = EDGE_LOOP('',(#861));
#861 = ORIENTED_EDGE('',*,*,#862,.T.);
#862 = EDGE_CURVE('',#863,#863,#865,.T.);
#863 = VERTEX_POINT('',#864);
#864 = CARTESIAN_POINT('',(116.847281,-113.108972,0.91));
#865 = CIRCLE('',#866,0.2);
#866 = AXIS2_PLACEMENT_3D('',#867,#868,#869);
#867 = CARTESIAN_POINT('',(116.847281,-112.908972,0.91));
#868 = DIRECTION('',(-0.,0.,-1.));
#869 = DIRECTION('',(-7.105427357601E-14,-1.,0.));
#870 = FACE_BOUND('',#871,.T.);
#871 = EDGE_LOOP('',(#872));
#872 = ORIENTED_EDGE('',*,*,#873,.T.);
#873 = EDGE_CURVE('',#874,#874,#876,.T.);
#874 = VERTEX_POINT('',#875);
#875 = CARTESIAN_POINT('',(118.014007,-113.592246,0.91));
#876 = CIRCLE('',#877,0.2);
#877 = AXIS2_PLACEMENT_3D('',#878,#879,#880);
#878 = CARTESIAN_POINT('',(118.014007,-113.392246,0.91));
#879 = DIRECTION('',(-0.,0.,-1.));
#880 = DIRECTION('',(7.1054273576E-14,-1.,-0.));
#881 = FACE_BOUND('',#882,.T.);
#882 = EDGE_LOOP('',(#883));
#883 = ORIENTED_EDGE('',*,*,#884,.T.);
#884 = EDGE_CURVE('',#885,#885,#887,.T.);
#885 = VERTEX_POINT('',#886);
#886 = CARTESIAN_POINT('',(119.180733,-113.108972,0.91));
#887 = CIRCLE('',#888,0.2);
#888 = AXIS2_PLACEMENT_3D('',#889,#890,#891);
#889 = CARTESIAN_POINT('',(119.180733,-112.908972,0.91));
#890 = DIRECTION('',(-0.,0.,-1.));
#891 = DIRECTION('',(-0.,-1.,0.));
#892 = FACE_BOUND('',#893,.T.);
#893 = EDGE_LOOP('',(#894));
#894 = ORIENTED_EDGE('',*,*,#895,.T.);
#895 = EDGE_CURVE('',#896,#896,#898,.T.);
#896 = VERTEX_POINT('',#897);
#897 = CARTESIAN_POINT('',(116.364007,-111.942246,0.91));
#898 = CIRCLE('',#899,0.2);
#899 = AXIS2_PLACEMENT_3D('',#900,#901,#902);
#900 = CARTESIAN_POINT('',(116.364007,-111.742246,0.91));
#901 = DIRECTION('',(-0.,0.,-1.));
#902 = DIRECTION('',(-0.,-1.,0.));
#903 = FACE_BOUND('',#904,.T.);
#904 = EDGE_LOOP('',(#905));
#905 = ORIENTED_EDGE('',*,*,#906,.T.);
#906 = EDGE_CURVE('',#907,#907,#909,.T.);
#907 = VERTEX_POINT('',#908);
#908 = CARTESIAN_POINT('',(116.847281,-110.77552,0.91));
#909 = CIRCLE('',#910,0.2);
#910 = AXIS2_PLACEMENT_3D('',#911,#912,#913);
#911 = CARTESIAN_POINT('',(116.847281,-110.57552,0.91));
#912 = DIRECTION('',(-0.,0.,-1.));
#913 = DIRECTION('',(-7.105427357601E-14,-1.,0.));
#914 = FACE_BOUND('',#915,.T.);
#915 = EDGE_LOOP('',(#916));
#916 = ORIENTED_EDGE('',*,*,#917,.T.);
#917 = EDGE_CURVE('',#918,#918,#920,.T.);
#918 = VERTEX_POINT('',#919);
#919 = CARTESIAN_POINT('',(118.014007,-112.842246,0.91));
#920 = CIRCLE('',#921,1.1);
#921 = AXIS2_PLACEMENT_3D('',#922,#923,#924);
#922 = CARTESIAN_POINT('',(118.014007,-111.742246,0.91));
#923 = DIRECTION('',(-0.,0.,-1.));
#924 = DIRECTION('',(1.2918958832E-14,-1.,-0.));
#925 = FACE_BOUND('',#926,.T.);
#926 = EDGE_LOOP('',(#927));
#927 = ORIENTED_EDGE('',*,*,#928,.T.);
#928 = EDGE_CURVE('',#929,#929,#931,.T.);
#929 = VERTEX_POINT('',#930);
#930 = CARTESIAN_POINT('',(119.664007,-111.942246,0.91));
#931 = CIRCLE('',#932,0.2);
#932 = AXIS2_PLACEMENT_3D('',#933,#934,#935);
#933 = CARTESIAN_POINT('',(119.664007,-111.742246,0.91));
#934 = DIRECTION('',(-0.,0.,-1.));
#935 = DIRECTION('',(-0.,-1.,0.));
#936 = FACE_BOUND('',#937,.T.);
#937 = EDGE_LOOP('',(#938));
#938 = ORIENTED_EDGE('',*,*,#939,.T.);
#939 = EDGE_CURVE('',#940,#940,#942,.T.);
#940 = VERTEX_POINT('',#941);
#941 = CARTESIAN_POINT('',(119.180733,-110.77552,0.91));
#942 = CIRCLE('',#943,0.2);
#943 = AXIS2_PLACEMENT_3D('',#944,#945,#946);
#944 = CARTESIAN_POINT('',(119.180733,-110.57552,0.91));
#945 = DIRECTION('',(-0.,0.,-1.));
#946 = DIRECTION('',(-0.,-1.,0.));
#947 = FACE_BOUND('',#948,.T.);
#948 = EDGE_LOOP('',(#949));
#949 = ORIENTED_EDGE('',*,*,#950,.T.);
#950 = EDGE_CURVE('',#951,#951,#953,.T.);
#951 = VERTEX_POINT('',#952);
#952 = CARTESIAN_POINT('',(111.084007,-109.837246,0.91));
#953 = CIRCLE('',#954,0.875);
#954 = AXIS2_PLACEMENT_3D('',#955,#956,#957);
#955 = CARTESIAN_POINT('',(111.084007,-108.962246,0.91));
#956 = DIRECTION('',(-0.,0.,-1.));
#957 = DIRECTION('',(-0.,-1.,0.));
#958 = FACE_BOUND('',#959,.T.);
#959 = EDGE_LOOP('',(#960));
#960 = ORIENTED_EDGE('',*,*,#961,.T.);
#961 = EDGE_CURVE('',#962,#962,#964,.T.);
#962 = VERTEX_POINT('',#963);
#963 = CARTESIAN_POINT('',(115.084007,-109.837246,0.91));
#964 = CIRCLE('',#965,0.875);
#965 = AXIS2_PLACEMENT_3D('',#966,#967,#968);
#966 = CARTESIAN_POINT('',(115.084007,-108.962246,0.91));
#967 = DIRECTION('',(-0.,0.,-1.));
#968 = DIRECTION('',(-0.,-1.,0.));
#969 = FACE_BOUND('',#970,.T.);
#970 = EDGE_LOOP('',(#971));
#971 = ORIENTED_EDGE('',*,*,#972,.T.);
#972 = EDGE_CURVE('',#973,#973,#975,.T.);
#973 = VERTEX_POINT('',#974);
#974 = CARTESIAN_POINT('',(118.014007,-110.292246,0.91));
#975 = CIRCLE('',#976,0.2);
#976 = AXIS2_PLACEMENT_3D('',#977,#978,#979);
#977 = CARTESIAN_POINT('',(118.014007,-110.092246,0.91));
#978 = DIRECTION('',(-0.,0.,-1.));
#979 = DIRECTION('',(7.105427357601E-14,-1.,-0.));
#980 = FACE_BOUND('',#981,.T.);
#981 = EDGE_LOOP('',(#982));
#982 = ORIENTED_EDGE('',*,*,#983,.T.);
#983 = EDGE_CURVE('',#984,#984,#986,.T.);
#984 = VERTEX_POINT('',#985);
#985 = CARTESIAN_POINT('',(98.487281,-105.528972,0.91));
#986 = CIRCLE('',#987,0.2);
#987 = AXIS2_PLACEMENT_3D('',#988,#989,#990);
#988 = CARTESIAN_POINT('',(98.487281,-105.328972,0.91));
#989 = DIRECTION('',(-0.,0.,-1.));
#990 = DIRECTION('',(-0.,-1.,0.));
#991 = FACE_BOUND('',#992,.T.);
#992 = EDGE_LOOP('',(#993));
#993 = ORIENTED_EDGE('',*,*,#994,.T.);
#994 = EDGE_CURVE('',#995,#995,#997,.T.);
#995 = VERTEX_POINT('',#996);
#996 = CARTESIAN_POINT('',(99.654007,-106.012246,0.91));
#997 = CIRCLE('',#998,0.2);
#998 = AXIS2_PLACEMENT_3D('',#999,#1000,#1001);
#999 = CARTESIAN_POINT('',(99.654007,-105.812246,0.91));
#1000 = DIRECTION('',(-0.,0.,-1.));
#1001 = DIRECTION('',(-7.105427357601E-14,-1.,0.));
#1002 = FACE_BOUND('',#1003,.T.);
#1003 = EDGE_LOOP('',(#1004));
#1004 = ORIENTED_EDGE('',*,*,#1005,.T.);
#1005 = EDGE_CURVE('',#1006,#1006,#1008,.T.);
#1006 = VERTEX_POINT('',#1007);
#1007 = CARTESIAN_POINT('',(100.820733,-105.528972,0.91));
#1008 = CIRCLE('',#1009,0.2);
#1009 = AXIS2_PLACEMENT_3D('',#1010,#1011,#1012);
#1010 = CARTESIAN_POINT('',(100.820733,-105.328972,0.91));
#1011 = DIRECTION('',(-0.,0.,-1.));
#1012 = DIRECTION('',(-0.,-1.,0.));
#1013 = FACE_BOUND('',#1014,.T.);
#1014 = EDGE_LOOP('',(#1015));
#1015 = ORIENTED_EDGE('',*,*,#1016,.T.);
#1016 = EDGE_CURVE('',#1017,#1017,#1019,.T.);
#1017 = VERTEX_POINT('',#1018);
#1018 = CARTESIAN_POINT('',(98.004007,-104.362246,0.91));
#1019 = CIRCLE('',#1020,0.2);
#1020 = AXIS2_PLACEMENT_3D('',#1021,#1022,#1023);
#1021 = CARTESIAN_POINT('',(98.004007,-104.162246,0.91));
#1022 = DIRECTION('',(-0.,0.,-1.));
#1023 = DIRECTION('',(-0.,-1.,0.));
#1024 = FACE_BOUND('',#1025,.T.);
#1025 = EDGE_LOOP('',(#1026));
#1026 = ORIENTED_EDGE('',*,*,#1027,.T.);
#1027 = EDGE_CURVE('',#1028,#1028,#1030,.T.);
#1028 = VERTEX_POINT('',#1029);
#1029 = CARTESIAN_POINT('',(99.654007,-105.262246,0.91));
#1030 = CIRCLE('',#1031,1.1);
#1031 = AXIS2_PLACEMENT_3D('',#1032,#1033,#1034);
#1032 = CARTESIAN_POINT('',(99.654007,-104.162246,0.91));
#1033 = DIRECTION('',(-0.,0.,-1.));
#1034 = DIRECTION('',(-1.2918958832E-14,-1.,0.));
#1035 = FACE_BOUND('',#1036,.T.);
#1036 = EDGE_LOOP('',(#1037));
#1037 = ORIENTED_EDGE('',*,*,#1038,.T.);
#1038 = EDGE_CURVE('',#1039,#1039,#1041,.T.);
#1039 = VERTEX_POINT('',#1040);
#1040 = CARTESIAN_POINT('',(101.304007,-104.362246,0.91));
#1041 = CIRCLE('',#1042,0.2);
#1042 = AXIS2_PLACEMENT_3D('',#1043,#1044,#1045);
#1043 = CARTESIAN_POINT('',(101.304007,-104.162246,0.91));
#1044 = DIRECTION('',(-0.,0.,-1.));
#1045 = DIRECTION('',(-0.,-1.,0.));
#1046 = FACE_BOUND('',#1047,.T.);
#1047 = EDGE_LOOP('',(#1048));
#1048 = ORIENTED_EDGE('',*,*,#1049,.T.);
#1049 = EDGE_CURVE('',#1050,#1050,#1052,.T.);
#1050 = VERTEX_POINT('',#1051);
#1051 = CARTESIAN_POINT('',(98.487281,-103.19552,0.91));
#1052 = CIRCLE('',#1053,0.2);
#1053 = AXIS2_PLACEMENT_3D('',#1054,#1055,#1056);
#1054 = CARTESIAN_POINT('',(98.487281,-102.99552,0.91));
#1055 = DIRECTION('',(-0.,0.,-1.));
#1056 = DIRECTION('',(-0.,-1.,0.));
#1057 = FACE_BOUND('',#1058,.T.);
#1058 = EDGE_LOOP('',(#1059));
#1059 = ORIENTED_EDGE('',*,*,#1060,.T.);
#1060 = EDGE_CURVE('',#1061,#1061,#1063,.T.);
#1061 = VERTEX_POINT('',#1062);
#1062 = CARTESIAN_POINT('',(99.654007,-102.712246,0.91));
#1063 = CIRCLE('',#1064,0.2);
#1064 = AXIS2_PLACEMENT_3D('',#1065,#1066,#1067);
#1065 = CARTESIAN_POINT('',(99.654007,-102.512246,0.91));
#1066 = DIRECTION('',(-0.,0.,-1.));
#1067 = DIRECTION('',(-7.105427357601E-14,-1.,0.));
#1068 = FACE_BOUND('',#1069,.T.);
#1069 = EDGE_LOOP('',(#1070));
#1070 = ORIENTED_EDGE('',*,*,#1071,.T.);
#1071 = EDGE_CURVE('',#1072,#1072,#1074,.T.);
#1072 = VERTEX_POINT('',#1073);
#1073 = CARTESIAN_POINT('',(100.820733,-103.19552,0.91));
#1074 = CIRCLE('',#1075,0.2);
#1075 = AXIS2_PLACEMENT_3D('',#1076,#1077,#1078);
#1076 = CARTESIAN_POINT('',(100.820733,-102.99552,0.91));
#1077 = DIRECTION('',(-0.,0.,-1.));
#1078 = DIRECTION('',(-0.,-1.,0.));
#1079 = FACE_BOUND('',#1080,.T.);
#1080 = EDGE_LOOP('',(#1081));
#1081 = ORIENTED_EDGE('',*,*,#1082,.T.);
#1082 = EDGE_CURVE('',#1083,#1083,#1085,.T.);
#1083 = VERTEX_POINT('',#1084);
#1084 = CARTESIAN_POINT('',(103.034007,-101.302246,0.91));
#1085 = CIRCLE('',#1086,0.5);
#1086 = AXIS2_PLACEMENT_3D('',#1087,#1088,#1089);
#1087 = CARTESIAN_POINT('',(103.034007,-100.802246,0.91));
#1088 = DIRECTION('',(-0.,0.,-1.));
#1089 = DIRECTION('',(-0.,-1.,0.));
#1090 = FACE_BOUND('',#1091,.T.);
#1091 = EDGE_LOOP('',(#1092));
#1092 = ORIENTED_EDGE('',*,*,#1093,.T.);
#1093 = EDGE_CURVE('',#1094,#1094,#1096,.T.);
#1094 = VERTEX_POINT('',#1095);
#1095 = CARTESIAN_POINT('',(105.234007,-101.302246,0.91));
#1096 = CIRCLE('',#1097,0.5);
#1097 = AXIS2_PLACEMENT_3D('',#1098,#1099,#1100);
#1098 = CARTESIAN_POINT('',(105.234007,-100.802246,0.91));
#1099 = DIRECTION('',(-0.,0.,-1.));
#1100 = DIRECTION('',(-0.,-1.,0.));
#1101 = FACE_BOUND('',#1102,.T.);
#1102 = EDGE_LOOP('',(#1103));
#1103 = ORIENTED_EDGE('',*,*,#1104,.T.);
#1104 = EDGE_CURVE('',#1105,#1105,#1107,.T.);
#1105 = VERTEX_POINT('',#1106);
#1106 = CARTESIAN_POINT('',(107.434007,-101.302246,0.91));
#1107 = CIRCLE('',#1108,0.5);
#1108 = AXIS2_PLACEMENT_3D('',#1109,#1110,#1111);
#1109 = CARTESIAN_POINT('',(107.434007,-100.802246,0.91));
#1110 = DIRECTION('',(-0.,0.,-1.));
#1111 = DIRECTION('',(-0.,-1.,0.));
#1112 = FACE_BOUND('',#1113,.T.);
#1113 = EDGE_LOOP('',(#1114));
#1114 = ORIENTED_EDGE('',*,*,#1115,.T.);
#1115 = EDGE_CURVE('',#1116,#1116,#1118,.T.);
#1116 = VERTEX_POINT('',#1117);
#1117 = CARTESIAN_POINT('',(109.634007,-101.302246,0.91));
#1118 = CIRCLE('',#1119,0.5);
#1119 = AXIS2_PLACEMENT_3D('',#1120,#1121,#1122);
#1120 = CARTESIAN_POINT('',(109.634007,-100.802246,0.91));
#1121 = DIRECTION('',(-0.,0.,-1.));
#1122 = DIRECTION('',(-0.,-1.,0.));
#1123 = FACE_BOUND('',#1124,.T.);
#1124 = EDGE_LOOP('',(#1125));
#1125 = ORIENTED_EDGE('',*,*,#1126,.T.);
#1126 = EDGE_CURVE('',#1127,#1127,#1129,.T.);
#1127 = VERTEX_POINT('',#1128);
#1128 = CARTESIAN_POINT('',(111.834007,-101.302246,0.91));
#1129 = CIRCLE('',#1130,0.5);
#1130 = AXIS2_PLACEMENT_3D('',#1131,#1132,#1133);
#1131 = CARTESIAN_POINT('',(111.834007,-100.802246,0.91));
#1132 = DIRECTION('',(-0.,0.,-1.));
#1133 = DIRECTION('',(-0.,-1.,0.));
#1134 = FACE_BOUND('',#1135,.T.);
#1135 = EDGE_LOOP('',(#1136));
#1136 = ORIENTED_EDGE('',*,*,#1137,.T.);
#1137 = EDGE_CURVE('',#1138,#1138,#1140,.T.);
#1138 = VERTEX_POINT('',#1139);
#1139 = CARTESIAN_POINT('',(114.864007,-102.432246,0.91));
#1140 = CIRCLE('',#1141,0.9);
#1141 = AXIS2_PLACEMENT_3D('',#1142,#1143,#1144);
#1142 = CARTESIAN_POINT('',(114.864007,-101.532246,0.91));
#1143 = DIRECTION('',(-0.,0.,-1.));
#1144 = DIRECTION('',(-0.,-1.,0.));
#1145 = FACE_BOUND('',#1146,.T.);
#1146 = EDGE_LOOP('',(#1147));
#1147 = ORIENTED_EDGE('',*,*,#1148,.T.);
#1148 = EDGE_CURVE('',#1149,#1149,#1151,.T.);
#1149 = VERTEX_POINT('',#1150);
#1150 = CARTESIAN_POINT('',(118.664007,-102.432246,0.91));
#1151 = CIRCLE('',#1152,0.9);
#1152 = AXIS2_PLACEMENT_3D('',#1153,#1154,#1155);
#1153 = CARTESIAN_POINT('',(118.664007,-101.532246,0.91));
#1154 = DIRECTION('',(-0.,0.,-1.));
#1155 = DIRECTION('',(-0.,-1.,0.));
#1156 = PLANE('',#1157);
#1157 = AXIS2_PLACEMENT_3D('',#1158,#1159,#1160);
#1158 = CARTESIAN_POINT('',(0.,0.,0.91));
#1159 = DIRECTION('',(0.,0.,1.));
#1160 = DIRECTION('',(1.,0.,-0.));
#1161 = ADVANCED_FACE('',(#1162),#1173,.T.);
#1162 = FACE_BOUND('',#1163,.T.);
#1163 = EDGE_LOOP('',(#1164,#1170,#1171,#1172));
#1164 = ORIENTED_EDGE('',*,*,#1165,.T.);
#1165 = EDGE_CURVE('',#158,#663,#1166,.T.);
#1166 = LINE('',#1167,#1168);
#1167 = CARTESIAN_POINT('',(101.284018,-99.958247,0.));
#1168 = VECTOR('',#1169,1.);
#1169 = DIRECTION('',(0.,0.,1.));
#1170 = ORIENTED_EDGE('',*,*,#662,.T.);
#1171 = ORIENTED_EDGE('',*,*,#93,.F.);
#1172 = ORIENTED_EDGE('',*,*,#157,.F.);
#1173 = CYLINDRICAL_SURFACE('',#1174,0.799997095442);
#1174 = AXIS2_PLACEMENT_3D('',#1175,#1176,#1177);
#1175 = CARTESIAN_POINT('',(102.08400511485,-99.96224309543,0.));
#1176 = DIRECTION('',(0.,0.,-1.));
#1177 = DIRECTION('',(-0.999987524223,4.995137435126E-03,0.));
#1178 = ADVANCED_FACE('',(#1179),#1190,.T.);
#1179 = FACE_BOUND('',#1180,.T.);
#1180 = EDGE_LOOP('',(#1181,#1182,#1183,#1189));
#1181 = ORIENTED_EDGE('',*,*,#133,.T.);
#1182 = ORIENTED_EDGE('',*,*,#797,.T.);
#1183 = ORIENTED_EDGE('',*,*,#1184,.F.);
#1184 = EDGE_CURVE('',#285,#790,#1185,.T.);
#1185 = LINE('',#1186,#1187);
#1186 = CARTESIAN_POINT('',(120.005507,-103.912146,0.));
#1187 = VECTOR('',#1188,1.);
#1188 = DIRECTION('',(0.,0.,1.));
#1189 = ORIENTED_EDGE('',*,*,#292,.F.);
#1190 = CYLINDRICAL_SURFACE('',#1191,0.799950240316);
#1191 = AXIS2_PLACEMENT_3D('',#1192,#1193,#1194);
#1192 = CARTESIAN_POINT('',(120.00552576123,-103.1121957599,0.));
#1193 = DIRECTION('',(0.,0.,-1.));
#1194 = DIRECTION('',(0.999999998065,6.220374851776E-05,0.));
#1195 = ADVANCED_FACE('',(#1196),#1207,.T.);
#1196 = FACE_BOUND('',#1197,.T.);
#1197 = EDGE_LOOP('',(#1198,#1204,#1205,#1206));
#1198 = ORIENTED_EDGE('',*,*,#1199,.T.);
#1199 = EDGE_CURVE('',#167,#672,#1200,.T.);
#1200 = LINE('',#1201,#1202);
#1201 = CARTESIAN_POINT('',(101.284018,-100.562246,0.));
#1202 = VECTOR('',#1203,1.);
#1203 = DIRECTION('',(0.,0.,1.));
#1204 = ORIENTED_EDGE('',*,*,#671,.T.);
#1205 = ORIENTED_EDGE('',*,*,#1165,.F.);
#1206 = ORIENTED_EDGE('',*,*,#166,.F.);
#1207 = PLANE('',#1208);
#1208 = AXIS2_PLACEMENT_3D('',#1209,#1210,#1211);
#1209 = CARTESIAN_POINT('',(101.284018,-100.562246,0.));
#1210 = DIRECTION('',(-1.,0.,0.));
#1211 = DIRECTION('',(0.,1.,0.));
#1212 = ADVANCED_FACE('',(#1213),#1224,.T.);
#1213 = FACE_BOUND('',#1214,.T.);
#1214 = EDGE_LOOP('',(#1215,#1216,#1217,#1223));
#1215 = ORIENTED_EDGE('',*,*,#1184,.T.);
#1216 = ORIENTED_EDGE('',*,*,#789,.T.);
#1217 = ORIENTED_EDGE('',*,*,#1218,.F.);
#1218 = EDGE_CURVE('',#276,#781,#1219,.T.);
#1219 = LINE('',#1220,#1221);
#1220 = CARTESIAN_POINT('',(118.802107,-103.912146,0.));
#1221 = VECTOR('',#1222,1.);
#1222 = DIRECTION('',(0.,0.,1.));
#1223 = ORIENTED_EDGE('',*,*,#284,.F.);
#1224 = PLANE('',#1225);
#1225 = AXIS2_PLACEMENT_3D('',#1226,#1227,#1228);
#1226 = CARTESIAN_POINT('',(120.005507,-103.912146,0.));
#1227 = DIRECTION('',(0.,-1.,0.));
#1228 = DIRECTION('',(-1.,0.,0.));
#1229 = ADVANCED_FACE('',(#1230),#1241,.T.);
#1230 = FACE_BOUND('',#1231,.T.);
#1231 = EDGE_LOOP('',(#1232,#1238,#1239,#1240));
#1232 = ORIENTED_EDGE('',*,*,#1233,.T.);
#1233 = EDGE_CURVE('',#175,#680,#1234,.T.);
#1234 = LINE('',#1235,#1236);
#1235 = CARTESIAN_POINT('',(101.284007,-100.562246,0.));
#1236 = VECTOR('',#1237,1.);
#1237 = DIRECTION('',(0.,0.,1.));
#1238 = ORIENTED_EDGE('',*,*,#679,.T.);
#1239 = ORIENTED_EDGE('',*,*,#1199,.F.);
#1240 = ORIENTED_EDGE('',*,*,#174,.F.);
#1241 = PLANE('',#1242);
#1242 = AXIS2_PLACEMENT_3D('',#1243,#1244,#1245);
#1243 = CARTESIAN_POINT('',(101.284007,-100.562246,0.));
#1244 = DIRECTION('',(0.,1.,0.));
#1245 = DIRECTION('',(1.,0.,0.));
#1246 = ADVANCED_FACE('',(#1247),#1258,.F.);
#1247 = FACE_BOUND('',#1248,.T.);
#1248 = EDGE_LOOP('',(#1249,#1250,#1251,#1257));
#1249 = ORIENTED_EDGE('',*,*,#1218,.T.);
#1250 = ORIENTED_EDGE('',*,*,#780,.T.);
#1251 = ORIENTED_EDGE('',*,*,#1252,.F.);
#1252 = EDGE_CURVE('',#268,#773,#1253,.T.);
#1253 = LINE('',#1254,#1255);
#1254 = CARTESIAN_POINT('',(117.794676,-108.595435,0.));
#1255 = VECTOR('',#1256,1.);
#1256 = DIRECTION('',(0.,0.,1.));
#1257 = ORIENTED_EDGE('',*,*,#275,.F.);
#1258 = CYLINDRICAL_SURFACE('',#1259,2.449999807773);
#1259 = AXIS2_PLACEMENT_3D('',#1260,#1261,#1262);
#1260 = CARTESIAN_POINT('',(118.80210760659,-106.3621458077,0.));
#1261 = DIRECTION('',(-0.,-0.,-1.));
#1262 = DIRECTION('',(-2.475901089902E-07,1.,0.));
#1263 = ADVANCED_FACE('',(#1264),#1275,.F.);
#1264 = FACE_BOUND('',#1265,.T.);
#1265 = EDGE_LOOP('',(#1266,#1272,#1273,#1274));
#1266 = ORIENTED_EDGE('',*,*,#1267,.T.);
#1267 = EDGE_CURVE('',#183,#688,#1268,.T.);
#1268 = LINE('',#1269,#1270);
#1269 = CARTESIAN_POINT('',(100.484007,-101.362246,0.));
#1270 = VECTOR('',#1271,1.);
#1271 = DIRECTION('',(0.,0.,1.));
#1272 = ORIENTED_EDGE('',*,*,#687,.T.);
#1273 = ORIENTED_EDGE('',*,*,#1233,.F.);
#1274 = ORIENTED_EDGE('',*,*,#182,.F.);
#1275 = CYLINDRICAL_SURFACE('',#1276,0.800001450872);
#1276 = AXIS2_PLACEMENT_3D('',#1277,#1278,#1279);
#1277 = CARTESIAN_POINT('',(100.48400554912,-100.5622445491,0.));
#1278 = DIRECTION('',(-0.,-0.,-1.));
#1279 = DIRECTION('',(1.813584994895E-06,-0.999999999998,0.));
#1280 = ADVANCED_FACE('',(#1281),#1292,.T.);
#1281 = FACE_BOUND('',#1282,.T.);
#1282 = EDGE_LOOP('',(#1283,#1284,#1285,#1291));
#1283 = ORIENTED_EDGE('',*,*,#1252,.T.);
#1284 = ORIENTED_EDGE('',*,*,#772,.T.);
#1285 = ORIENTED_EDGE('',*,*,#1286,.F.);
#1286 = EDGE_CURVE('',#260,#765,#1287,.T.);
#1287 = LINE('',#1288,#1289);
#1288 = CARTESIAN_POINT('',(117.794669,-108.59545,0.));
#1289 = VECTOR('',#1290,1.);
#1290 = DIRECTION('',(0.,0.,1.));
#1291 = ORIENTED_EDGE('',*,*,#267,.F.);
#1292 = PLANE('',#1293);
#1293 = AXIS2_PLACEMENT_3D('',#1294,#1295,#1296);
#1294 = CARTESIAN_POINT('',(117.794676,-108.595435,0.));
#1295 = DIRECTION('',(0.906183140127,-0.422885465049,0.));
#1296 = DIRECTION('',(-0.422885465049,-0.906183140127,0.));
#1297 = ADVANCED_FACE('',(#1298),#1309,.T.);
#1298 = FACE_BOUND('',#1299,.T.);
#1299 = EDGE_LOOP('',(#1300,#1306,#1307,#1308));
#1300 = ORIENTED_EDGE('',*,*,#1301,.T.);
#1301 = EDGE_CURVE('',#192,#697,#1302,.T.);
#1302 = LINE('',#1303,#1304);
#1303 = CARTESIAN_POINT('',(99.630607,-101.362246,0.));
#1304 = VECTOR('',#1305,1.);
#1305 = DIRECTION('',(0.,0.,1.));
#1306 = ORIENTED_EDGE('',*,*,#696,.T.);
#1307 = ORIENTED_EDGE('',*,*,#1267,.F.);
#1308 = ORIENTED_EDGE('',*,*,#191,.F.);
#1309 = PLANE('',#1310);
#1310 = AXIS2_PLACEMENT_3D('',#1311,#1312,#1313);
#1311 = CARTESIAN_POINT('',(99.630607,-101.362246,0.));
#1312 = DIRECTION('',(0.,1.,0.));
#1313 = DIRECTION('',(1.,0.,0.));
#1314 = ADVANCED_FACE('',(#1315),#1326,.T.);
#1315 = FACE_BOUND('',#1316,.T.);
#1316 = EDGE_LOOP('',(#1317,#1318,#1319,#1325));
#1317 = ORIENTED_EDGE('',*,*,#1286,.T.);
#1318 = ORIENTED_EDGE('',*,*,#764,.T.);
#1319 = ORIENTED_EDGE('',*,*,#1320,.F.);
#1320 = EDGE_CURVE('',#251,#756,#1321,.T.);
#1321 = LINE('',#1322,#1323);
#1322 = CARTESIAN_POINT('',(119.164629,-109.213435,0.));
#1323 = VECTOR('',#1324,1.);
#1324 = DIRECTION('',(0.,0.,1.));
#1325 = ORIENTED_EDGE('',*,*,#259,.F.);
#1326 = PLANE('',#1327);
#1327 = AXIS2_PLACEMENT_3D('',#1328,#1329,#1330);
#1328 = CARTESIAN_POINT('',(117.794669,-108.59545,0.));
#1329 = DIRECTION('',(0.41119616515,0.911546879631,-0.));
#1330 = DIRECTION('',(0.911546879631,-0.41119616515,0.));
#1331 = ADVANCED_FACE('',(#1332),#1343,.T.);
#1332 = FACE_BOUND('',#1333,.T.);
#1333 = EDGE_LOOP('',(#1334,#1340,#1341,#1342));
#1334 = ORIENTED_EDGE('',*,*,#1335,.T.);
#1335 = EDGE_CURVE('',#200,#705,#1336,.T.);
#1336 = LINE('',#1337,#1338);
#1337 = CARTESIAN_POINT('',(98.479256,-106.714575,0.));
#1338 = VECTOR('',#1339,1.);
#1339 = DIRECTION('',(0.,0.,1.));
#1340 = ORIENTED_EDGE('',*,*,#704,.T.);
#1341 = ORIENTED_EDGE('',*,*,#1301,.F.);
#1342 = ORIENTED_EDGE('',*,*,#199,.F.);
#1343 = CYLINDRICAL_SURFACE('',#1344,2.799998950257);
#1344 = AXIS2_PLACEMENT_3D('',#1345,#1346,#1347);
#1345 = CARTESIAN_POINT('',(99.630605399018,-104.1622449502,0.));
#1346 = DIRECTION('',(0.,0.,-1.));
#1347 = DIRECTION('',(-0.411196368096,-0.911546788083,-0.));
#1348 = ADVANCED_FACE('',(#1349),#1360,.T.);
#1349 = FACE_BOUND('',#1350,.T.);
#1350 = EDGE_LOOP('',(#1351,#1352,#1353,#1359));
#1351 = ORIENTED_EDGE('',*,*,#1320,.T.);
#1352 = ORIENTED_EDGE('',*,*,#755,.T.);
#1353 = ORIENTED_EDGE('',*,*,#1354,.F.);
#1354 = EDGE_CURVE('',#243,#748,#1355,.T.);
#1355 = LINE('',#1356,#1357);
#1356 = CARTESIAN_POINT('',(118.005507,-114.562246,0.));
#1357 = VECTOR('',#1358,1.);
#1358 = DIRECTION('',(0.,0.,1.));
#1359 = ORIENTED_EDGE('',*,*,#250,.F.);
#1360 = CYLINDRICAL_SURFACE('',#1361,2.800000501201);
#1361 = AXIS2_PLACEMENT_3D('',#1362,#1363,#1364);
#1362 = CARTESIAN_POINT('',(118.00550525857,-111.7622454987,0.));
#1363 = DIRECTION('',(0.,0.,-1.));
#1364 = DIRECTION('',(0.413972690694,0.910289300915,0.));
#1365 = ADVANCED_FACE('',(#1366),#1377,.T.);
#1366 = FACE_BOUND('',#1367,.T.);
#1367 = EDGE_LOOP('',(#1368,#1374,#1375,#1376));
#1368 = ORIENTED_EDGE('',*,*,#1369,.T.);
#1369 = EDGE_CURVE('',#209,#714,#1370,.T.);
#1370 = LINE('',#1371,#1372);
#1371 = CARTESIAN_POINT('',(99.847147,-107.331628,0.));
#1372 = VECTOR('',#1373,1.);
#1373 = DIRECTION('',(0.,0.,1.));
#1374 = ORIENTED_EDGE('',*,*,#713,.T.);
#1375 = ORIENTED_EDGE('',*,*,#1335,.F.);
#1376 = ORIENTED_EDGE('',*,*,#208,.F.);
#1377 = PLANE('',#1378);
#1378 = AXIS2_PLACEMENT_3D('',#1379,#1380,#1381);
#1379 = CARTESIAN_POINT('',(99.847147,-107.331628,0.));
#1380 = DIRECTION('',(-0.411196896011,-0.911546549942,0.));
#1381 = DIRECTION('',(-0.911546549942,0.411196896011,0.));
#1382 = ADVANCED_FACE('',(#1383),#1394,.T.);
#1383 = FACE_BOUND('',#1384,.T.);
#1384 = EDGE_LOOP('',(#1385,#1386,#1387,#1393));
#1385 = ORIENTED_EDGE('',*,*,#1354,.T.);
#1386 = ORIENTED_EDGE('',*,*,#747,.T.);
#1387 = ORIENTED_EDGE('',*,*,#1388,.F.);
#1388 = EDGE_CURVE('',#234,#739,#1389,.T.);
#1389 = LINE('',#1390,#1391);
#1390 = CARTESIAN_POINT('',(102.084018,-114.562246,0.));
#1391 = VECTOR('',#1392,1.);
#1392 = DIRECTION('',(0.,0.,1.));
#1393 = ORIENTED_EDGE('',*,*,#242,.F.);
#1394 = PLANE('',#1395);
#1395 = AXIS2_PLACEMENT_3D('',#1396,#1397,#1398);
#1396 = CARTESIAN_POINT('',(118.005507,-114.562246,0.));
#1397 = DIRECTION('',(0.,-1.,0.));
#1398 = DIRECTION('',(-1.,0.,0.));
#1399 = ADVANCED_FACE('',(#1400),#1411,.F.);
#1400 = FACE_BOUND('',#1401,.T.);
#1401 = EDGE_LOOP('',(#1402,#1408,#1409,#1410));
#1402 = ORIENTED_EDGE('',*,*,#1403,.T.);
#1403 = EDGE_CURVE('',#217,#722,#1404,.T.);
#1404 = LINE('',#1405,#1406);
#1405 = CARTESIAN_POINT('',(101.284018,-109.562346,0.));
#1406 = VECTOR('',#1407,1.);
#1407 = DIRECTION('',(0.,0.,1.));
#1408 = ORIENTED_EDGE('',*,*,#721,.T.);
#1409 = ORIENTED_EDGE('',*,*,#1369,.F.);
#1410 = ORIENTED_EDGE('',*,*,#216,.F.);
#1411 = CYLINDRICAL_SURFACE('',#1412,2.450014265449);
#1412 = AXIS2_PLACEMENT_3D('',#1413,#1414,#1415);
#1413 = CARTESIAN_POINT('',(98.834003734551,-109.5623477548,0.));
#1414 = DIRECTION('',(-0.,-0.,-1.));
#1415 = DIRECTION('',(1.,7.162522743388E-07,-0.));
#1416 = ADVANCED_FACE('',(#1417),#1428,.T.);
#1417 = FACE_BOUND('',#1418,.T.);
#1418 = EDGE_LOOP('',(#1419,#1420,#1421,#1427));
#1419 = ORIENTED_EDGE('',*,*,#1388,.T.);
#1420 = ORIENTED_EDGE('',*,*,#738,.T.);
#1421 = ORIENTED_EDGE('',*,*,#1422,.F.);
#1422 = EDGE_CURVE('',#226,#731,#1423,.T.);
#1423 = LINE('',#1424,#1425);
#1424 = CARTESIAN_POINT('',(101.284018,-113.762246,0.));
#1425 = VECTOR('',#1426,1.);
#1426 = DIRECTION('',(0.,0.,1.));
#1427 = ORIENTED_EDGE('',*,*,#233,.F.);
#1428 = CYLINDRICAL_SURFACE('',#1429,0.800006572279);
#1429 = AXIS2_PLACEMENT_3D('',#1430,#1431,#1432);
#1430 = CARTESIAN_POINT('',(102.08402457225,-113.7622394277,0.));
#1431 = DIRECTION('',(0.,0.,-1.));
#1432 = DIRECTION('',(-8.21524778138E-06,-0.999999999966,-0.));
#1433 = ADVANCED_FACE('',(#1434),#1440,.T.);
#1434 = FACE_BOUND('',#1435,.T.);
#1435 = EDGE_LOOP('',(#1436,#1437,#1438,#1439));
#1436 = ORIENTED_EDGE('',*,*,#1422,.T.);
#1437 = ORIENTED_EDGE('',*,*,#730,.T.);
#1438 = ORIENTED_EDGE('',*,*,#1403,.F.);
#1439 = ORIENTED_EDGE('',*,*,#225,.F.);
#1440 = PLANE('',#1441);
#1441 = AXIS2_PLACEMENT_3D('',#1442,#1443,#1444);
#1442 = CARTESIAN_POINT('',(101.284018,-113.762246,0.));
#1443 = DIRECTION('',(-1.,0.,0.));
#1444 = DIRECTION('',(0.,1.,0.));
#1445 = ADVANCED_FACE('',(#1446),#1457,.F.);
#1446 = FACE_BOUND('',#1447,.T.);
#1447 = EDGE_LOOP('',(#1448,#1449,#1455,#1456));
#1448 = ORIENTED_EDGE('',*,*,#302,.T.);
#1449 = ORIENTED_EDGE('',*,*,#1450,.T.);
#1450 = EDGE_CURVE('',#303,#808,#1451,.T.);
#1451 = LINE('',#1452,#1453);
#1452 = CARTESIAN_POINT('',(105.084007,-112.637246,-4.6E-02));
#1453 = VECTOR('',#1454,1.);
#1454 = DIRECTION('',(0.,0.,1.));
#1455 = ORIENTED_EDGE('',*,*,#807,.F.);
#1456 = ORIENTED_EDGE('',*,*,#1450,.F.);
#1457 = CYLINDRICAL_SURFACE('',#1458,0.875);
#1458 = AXIS2_PLACEMENT_3D('',#1459,#1460,#1461);
#1459 = CARTESIAN_POINT('',(105.084007,-111.762246,-4.6E-02));
#1460 = DIRECTION('',(-0.,-0.,-1.));
#1461 = DIRECTION('',(-0.,-1.,0.));
#1462 = ADVANCED_FACE('',(#1463),#1474,.F.);
#1463 = FACE_BOUND('',#1464,.T.);
#1464 = EDGE_LOOP('',(#1465,#1466,#1472,#1473));
#1465 = ORIENTED_EDGE('',*,*,#313,.T.);
#1466 = ORIENTED_EDGE('',*,*,#1467,.T.);
#1467 = EDGE_CURVE('',#314,#819,#1468,.T.);
#1468 = LINE('',#1469,#1470);
#1469 = CARTESIAN_POINT('',(103.084007,-109.837246,-4.6E-02));
#1470 = VECTOR('',#1471,1.);
#1471 = DIRECTION('',(0.,0.,1.));
#1472 = ORIENTED_EDGE('',*,*,#818,.F.);
#1473 = ORIENTED_EDGE('',*,*,#1467,.F.);
#1474 = CYLINDRICAL_SURFACE('',#1475,0.875);
#1475 = AXIS2_PLACEMENT_3D('',#1476,#1477,#1478);
#1476 = CARTESIAN_POINT('',(103.084007,-108.962246,-4.6E-02));
#1477 = DIRECTION('',(-0.,-0.,-1.));
#1478 = DIRECTION('',(-0.,-1.,0.));
#1479 = ADVANCED_FACE('',(#1480),#1491,.F.);
#1480 = FACE_BOUND('',#1481,.T.);
#1481 = EDGE_LOOP('',(#1482,#1483,#1489,#1490));
#1482 = ORIENTED_EDGE('',*,*,#324,.T.);
#1483 = ORIENTED_EDGE('',*,*,#1484,.T.);
#1484 = EDGE_CURVE('',#325,#830,#1485,.T.);
#1485 = LINE('',#1486,#1487);
#1486 = CARTESIAN_POINT('',(107.084007,-109.837246,-4.6E-02));
#1487 = VECTOR('',#1488,1.);
#1488 = DIRECTION('',(0.,0.,1.));
#1489 = ORIENTED_EDGE('',*,*,#829,.F.);
#1490 = ORIENTED_EDGE('',*,*,#1484,.F.);
#1491 = CYLINDRICAL_SURFACE('',#1492,0.875);
#1492 = AXIS2_PLACEMENT_3D('',#1493,#1494,#1495);
#1493 = CARTESIAN_POINT('',(107.084007,-108.962246,-4.6E-02));
#1494 = DIRECTION('',(-0.,-0.,-1.));
#1495 = DIRECTION('',(-0.,-1.,0.));
#1496 = ADVANCED_FACE('',(#1497),#1508,.F.);
#1497 = FACE_BOUND('',#1498,.T.);
#1498 = EDGE_LOOP('',(#1499,#1500,#1506,#1507));
#1499 = ORIENTED_EDGE('',*,*,#335,.T.);
#1500 = ORIENTED_EDGE('',*,*,#1501,.T.);
#1501 = EDGE_CURVE('',#336,#841,#1502,.T.);
#1502 = LINE('',#1503,#1504);
#1503 = CARTESIAN_POINT('',(109.084007,-112.637246,-4.6E-02));
#1504 = VECTOR('',#1505,1.);
#1505 = DIRECTION('',(0.,0.,1.));
#1506 = ORIENTED_EDGE('',*,*,#840,.F.);
#1507 = ORIENTED_EDGE('',*,*,#1501,.F.);
#1508 = CYLINDRICAL_SURFACE('',#1509,0.875);
#1509 = AXIS2_PLACEMENT_3D('',#1510,#1511,#1512);
#1510 = CARTESIAN_POINT('',(109.084007,-111.762246,-4.6E-02));
#1511 = DIRECTION('',(-0.,-0.,-1.));
#1512 = DIRECTION('',(-0.,-1.,0.));
#1513 = ADVANCED_FACE('',(#1514),#1525,.F.);
#1514 = FACE_BOUND('',#1515,.T.);
#1515 = EDGE_LOOP('',(#1516,#1517,#1523,#1524));
#1516 = ORIENTED_EDGE('',*,*,#346,.T.);
#1517 = ORIENTED_EDGE('',*,*,#1518,.T.);
#1518 = EDGE_CURVE('',#347,#852,#1519,.T.);
#1519 = LINE('',#1520,#1521);
#1520 = CARTESIAN_POINT('',(113.084007,-112.637246,-4.6E-02));
#1521 = VECTOR('',#1522,1.);
#1522 = DIRECTION('',(0.,0.,1.));
#1523 = ORIENTED_EDGE('',*,*,#851,.F.);
#1524 = ORIENTED_EDGE('',*,*,#1518,.F.);
#1525 = CYLINDRICAL_SURFACE('',#1526,0.875);
#1526 = AXIS2_PLACEMENT_3D('',#1527,#1528,#1529);
#1527 = CARTESIAN_POINT('',(113.084007,-111.762246,-4.6E-02));
#1528 = DIRECTION('',(-0.,-0.,-1.));
#1529 = DIRECTION('',(-0.,-1.,0.));
#1530 = ADVANCED_FACE('',(#1531),#1542,.F.);
#1531 = FACE_BOUND('',#1532,.T.);
#1532 = EDGE_LOOP('',(#1533,#1534,#1540,#1541));
#1533 = ORIENTED_EDGE('',*,*,#357,.T.);
#1534 = ORIENTED_EDGE('',*,*,#1535,.T.);
#1535 = EDGE_CURVE('',#358,#863,#1536,.T.);
#1536 = LINE('',#1537,#1538);
#1537 = CARTESIAN_POINT('',(116.847281,-113.108972,-4.6E-02));
#1538 = VECTOR('',#1539,1.);
#1539 = DIRECTION('',(0.,0.,1.));
#1540 = ORIENTED_EDGE('',*,*,#862,.F.);
#1541 = ORIENTED_EDGE('',*,*,#1535,.F.);
#1542 = CYLINDRICAL_SURFACE('',#1543,0.2);
#1543 = AXIS2_PLACEMENT_3D('',#1544,#1545,#1546);
#1544 = CARTESIAN_POINT('',(116.847281,-112.908972,-4.6E-02));
#1545 = DIRECTION('',(-0.,-0.,-1.));
#1546 = DIRECTION('',(-7.105427357601E-14,-1.,0.));
#1547 = ADVANCED_FACE('',(#1548),#1559,.F.);
#1548 = FACE_BOUND('',#1549,.T.);
#1549 = EDGE_LOOP('',(#1550,#1551,#1557,#1558));
#1550 = ORIENTED_EDGE('',*,*,#368,.T.);
#1551 = ORIENTED_EDGE('',*,*,#1552,.T.);
#1552 = EDGE_CURVE('',#369,#874,#1553,.T.);
#1553 = LINE('',#1554,#1555);
#1554 = CARTESIAN_POINT('',(118.014007,-113.592246,-4.6E-02));
#1555 = VECTOR('',#1556,1.);
#1556 = DIRECTION('',(0.,0.,1.));
#1557 = ORIENTED_EDGE('',*,*,#873,.F.);
#1558 = ORIENTED_EDGE('',*,*,#1552,.F.);
#1559 = CYLINDRICAL_SURFACE('',#1560,0.2);
#1560 = AXIS2_PLACEMENT_3D('',#1561,#1562,#1563);
#1561 = CARTESIAN_POINT('',(118.014007,-113.392246,-4.6E-02));
#1562 = DIRECTION('',(-0.,0.,-1.));
#1563 = DIRECTION('',(7.1054273576E-14,-1.,-0.));
#1564 = ADVANCED_FACE('',(#1565),#1576,.F.);
#1565 = FACE_BOUND('',#1566,.T.);
#1566 = EDGE_LOOP('',(#1567,#1568,#1574,#1575));
#1567 = ORIENTED_EDGE('',*,*,#379,.T.);
#1568 = ORIENTED_EDGE('',*,*,#1569,.T.);
#1569 = EDGE_CURVE('',#380,#885,#1570,.T.);
#1570 = LINE('',#1571,#1572);
#1571 = CARTESIAN_POINT('',(119.180733,-113.108972,-4.6E-02));
#1572 = VECTOR('',#1573,1.);
#1573 = DIRECTION('',(0.,0.,1.));
#1574 = ORIENTED_EDGE('',*,*,#884,.F.);
#1575 = ORIENTED_EDGE('',*,*,#1569,.F.);
#1576 = CYLINDRICAL_SURFACE('',#1577,0.2);
#1577 = AXIS2_PLACEMENT_3D('',#1578,#1579,#1580);
#1578 = CARTESIAN_POINT('',(119.180733,-112.908972,-4.6E-02));
#1579 = DIRECTION('',(-0.,-0.,-1.));
#1580 = DIRECTION('',(-0.,-1.,0.));
#1581 = ADVANCED_FACE('',(#1582),#1593,.F.);
#1582 = FACE_BOUND('',#1583,.T.);
#1583 = EDGE_LOOP('',(#1584,#1585,#1591,#1592));
#1584 = ORIENTED_EDGE('',*,*,#390,.T.);
#1585 = ORIENTED_EDGE('',*,*,#1586,.T.);
#1586 = EDGE_CURVE('',#391,#896,#1587,.T.);
#1587 = LINE('',#1588,#1589);
#1588 = CARTESIAN_POINT('',(116.364007,-111.942246,-4.6E-02));
#1589 = VECTOR('',#1590,1.);
#1590 = DIRECTION('',(0.,0.,1.));
#1591 = ORIENTED_EDGE('',*,*,#895,.F.);
#1592 = ORIENTED_EDGE('',*,*,#1586,.F.);
#1593 = CYLINDRICAL_SURFACE('',#1594,0.2);
#1594 = AXIS2_PLACEMENT_3D('',#1595,#1596,#1597);
#1595 = CARTESIAN_POINT('',(116.364007,-111.742246,-4.6E-02));
#1596 = DIRECTION('',(-0.,-0.,-1.));
#1597 = DIRECTION('',(-0.,-1.,0.));
#1598 = ADVANCED_FACE('',(#1599),#1610,.F.);
#1599 = FACE_BOUND('',#1600,.T.);
#1600 = EDGE_LOOP('',(#1601,#1602,#1608,#1609));
#1601 = ORIENTED_EDGE('',*,*,#401,.T.);
#1602 = ORIENTED_EDGE('',*,*,#1603,.T.);
#1603 = EDGE_CURVE('',#402,#907,#1604,.T.);
#1604 = LINE('',#1605,#1606);
#1605 = CARTESIAN_POINT('',(116.847281,-110.77552,-4.6E-02));
#1606 = VECTOR('',#1607,1.);
#1607 = DIRECTION('',(0.,0.,1.));
#1608 = ORIENTED_EDGE('',*,*,#906,.F.);
#1609 = ORIENTED_EDGE('',*,*,#1603,.F.);
#1610 = CYLINDRICAL_SURFACE('',#1611,0.2);
#1611 = AXIS2_PLACEMENT_3D('',#1612,#1613,#1614);
#1612 = CARTESIAN_POINT('',(116.847281,-110.57552,-4.6E-02));
#1613 = DIRECTION('',(-0.,-0.,-1.));
#1614 = DIRECTION('',(-7.105427357601E-14,-1.,0.));
#1615 = ADVANCED_FACE('',(#1616),#1627,.F.);
#1616 = FACE_BOUND('',#1617,.T.);
#1617 = EDGE_LOOP('',(#1618,#1619,#1625,#1626));
#1618 = ORIENTED_EDGE('',*,*,#412,.T.);
#1619 = ORIENTED_EDGE('',*,*,#1620,.T.);
#1620 = EDGE_CURVE('',#413,#918,#1621,.T.);
#1621 = LINE('',#1622,#1623);
#1622 = CARTESIAN_POINT('',(118.014007,-112.842246,-4.6E-02));
#1623 = VECTOR('',#1624,1.);
#1624 = DIRECTION('',(0.,0.,1.));
#1625 = ORIENTED_EDGE('',*,*,#917,.F.);
#1626 = ORIENTED_EDGE('',*,*,#1620,.F.);
#1627 = CYLINDRICAL_SURFACE('',#1628,1.1);
#1628 = AXIS2_PLACEMENT_3D('',#1629,#1630,#1631);
#1629 = CARTESIAN_POINT('',(118.014007,-111.742246,-4.6E-02));
#1630 = DIRECTION('',(-0.,0.,-1.));
#1631 = DIRECTION('',(1.2918958832E-14,-1.,-0.));
#1632 = ADVANCED_FACE('',(#1633),#1644,.F.);
#1633 = FACE_BOUND('',#1634,.T.);
#1634 = EDGE_LOOP('',(#1635,#1636,#1642,#1643));
#1635 = ORIENTED_EDGE('',*,*,#423,.T.);
#1636 = ORIENTED_EDGE('',*,*,#1637,.T.);
#1637 = EDGE_CURVE('',#424,#929,#1638,.T.);
#1638 = LINE('',#1639,#1640);
#1639 = CARTESIAN_POINT('',(119.664007,-111.942246,-4.6E-02));
#1640 = VECTOR('',#1641,1.);
#1641 = DIRECTION('',(0.,0.,1.));
#1642 = ORIENTED_EDGE('',*,*,#928,.F.);
#1643 = ORIENTED_EDGE('',*,*,#1637,.F.);
#1644 = CYLINDRICAL_SURFACE('',#1645,0.2);
#1645 = AXIS2_PLACEMENT_3D('',#1646,#1647,#1648);
#1646 = CARTESIAN_POINT('',(119.664007,-111.742246,-4.6E-02));
#1647 = DIRECTION('',(-0.,-0.,-1.));
#1648 = DIRECTION('',(-0.,-1.,0.));
#1649 = ADVANCED_FACE('',(#1650),#1661,.F.);
#1650 = FACE_BOUND('',#1651,.T.);
#1651 = EDGE_LOOP('',(#1652,#1653,#1659,#1660));
#1652 = ORIENTED_EDGE('',*,*,#434,.T.);
#1653 = ORIENTED_EDGE('',*,*,#1654,.T.);
#1654 = EDGE_CURVE('',#435,#940,#1655,.T.);
#1655 = LINE('',#1656,#1657);
#1656 = CARTESIAN_POINT('',(119.180733,-110.77552,-4.6E-02));
#1657 = VECTOR('',#1658,1.);
#1658 = DIRECTION('',(0.,0.,1.));
#1659 = ORIENTED_EDGE('',*,*,#939,.F.);
#1660 = ORIENTED_EDGE('',*,*,#1654,.F.);
#1661 = CYLINDRICAL_SURFACE('',#1662,0.2);
#1662 = AXIS2_PLACEMENT_3D('',#1663,#1664,#1665);
#1663 = CARTESIAN_POINT('',(119.180733,-110.57552,-4.6E-02));
#1664 = DIRECTION('',(-0.,-0.,-1.));
#1665 = DIRECTION('',(-0.,-1.,0.));
#1666 = ADVANCED_FACE('',(#1667),#1678,.F.);
#1667 = FACE_BOUND('',#1668,.T.);
#1668 = EDGE_LOOP('',(#1669,#1670,#1676,#1677));
#1669 = ORIENTED_EDGE('',*,*,#445,.T.);
#1670 = ORIENTED_EDGE('',*,*,#1671,.T.);
#1671 = EDGE_CURVE('',#446,#951,#1672,.T.);
#1672 = LINE('',#1673,#1674);
#1673 = CARTESIAN_POINT('',(111.084007,-109.837246,-4.6E-02));
#1674 = VECTOR('',#1675,1.);
#1675 = DIRECTION('',(0.,0.,1.));
#1676 = ORIENTED_EDGE('',*,*,#950,.F.);
#1677 = ORIENTED_EDGE('',*,*,#1671,.F.);
#1678 = CYLINDRICAL_SURFACE('',#1679,0.875);
#1679 = AXIS2_PLACEMENT_3D('',#1680,#1681,#1682);
#1680 = CARTESIAN_POINT('',(111.084007,-108.962246,-4.6E-02));
#1681 = DIRECTION('',(-0.,-0.,-1.));
#1682 = DIRECTION('',(-0.,-1.,0.));
#1683 = ADVANCED_FACE('',(#1684),#1695,.F.);
#1684 = FACE_BOUND('',#1685,.T.);
#1685 = EDGE_LOOP('',(#1686,#1687,#1693,#1694));
#1686 = ORIENTED_EDGE('',*,*,#456,.T.);
#1687 = ORIENTED_EDGE('',*,*,#1688,.T.);
#1688 = EDGE_CURVE('',#457,#962,#1689,.T.);
#1689 = LINE('',#1690,#1691);
#1690 = CARTESIAN_POINT('',(115.084007,-109.837246,-4.6E-02));
#1691 = VECTOR('',#1692,1.);
#1692 = DIRECTION('',(0.,0.,1.));
#1693 = ORIENTED_EDGE('',*,*,#961,.F.);
#1694 = ORIENTED_EDGE('',*,*,#1688,.F.);
#1695 = CYLINDRICAL_SURFACE('',#1696,0.875);
#1696 = AXIS2_PLACEMENT_3D('',#1697,#1698,#1699);
#1697 = CARTESIAN_POINT('',(115.084007,-108.962246,-4.6E-02));
#1698 = DIRECTION('',(-0.,-0.,-1.));
#1699 = DIRECTION('',(-0.,-1.,0.));
#1700 = ADVANCED_FACE('',(#1701),#1712,.F.);
#1701 = FACE_BOUND('',#1702,.T.);
#1702 = EDGE_LOOP('',(#1703,#1704,#1710,#1711));
#1703 = ORIENTED_EDGE('',*,*,#467,.T.);
#1704 = ORIENTED_EDGE('',*,*,#1705,.T.);
#1705 = EDGE_CURVE('',#468,#973,#1706,.T.);
#1706 = LINE('',#1707,#1708);
#1707 = CARTESIAN_POINT('',(118.014007,-110.292246,-4.6E-02));
#1708 = VECTOR('',#1709,1.);
#1709 = DIRECTION('',(0.,0.,1.));
#1710 = ORIENTED_EDGE('',*,*,#972,.F.);
#1711 = ORIENTED_EDGE('',*,*,#1705,.F.);
#1712 = CYLINDRICAL_SURFACE('',#1713,0.2);
#1713 = AXIS2_PLACEMENT_3D('',#1714,#1715,#1716);
#1714 = CARTESIAN_POINT('',(118.014007,-110.092246,-4.6E-02));
#1715 = DIRECTION('',(-0.,0.,-1.));
#1716 = DIRECTION('',(7.105427357601E-14,-1.,-0.));
#1717 = ADVANCED_FACE('',(#1718),#1729,.F.);
#1718 = FACE_BOUND('',#1719,.T.);
#1719 = EDGE_LOOP('',(#1720,#1721,#1727,#1728));
#1720 = ORIENTED_EDGE('',*,*,#478,.T.);
#1721 = ORIENTED_EDGE('',*,*,#1722,.T.);
#1722 = EDGE_CURVE('',#479,#984,#1723,.T.);
#1723 = LINE('',#1724,#1725);
#1724 = CARTESIAN_POINT('',(98.487281,-105.528972,-4.6E-02));
#1725 = VECTOR('',#1726,1.);
#1726 = DIRECTION('',(0.,0.,1.));
#1727 = ORIENTED_EDGE('',*,*,#983,.F.);
#1728 = ORIENTED_EDGE('',*,*,#1722,.F.);
#1729 = CYLINDRICAL_SURFACE('',#1730,0.2);
#1730 = AXIS2_PLACEMENT_3D('',#1731,#1732,#1733);
#1731 = CARTESIAN_POINT('',(98.487281,-105.328972,-4.6E-02));
#1732 = DIRECTION('',(-0.,-0.,-1.));
#1733 = DIRECTION('',(-0.,-1.,0.));
#1734 = ADVANCED_FACE('',(#1735),#1746,.F.);
#1735 = FACE_BOUND('',#1736,.T.);
#1736 = EDGE_LOOP('',(#1737,#1738,#1744,#1745));
#1737 = ORIENTED_EDGE('',*,*,#489,.T.);
#1738 = ORIENTED_EDGE('',*,*,#1739,.T.);
#1739 = EDGE_CURVE('',#490,#995,#1740,.T.);
#1740 = LINE('',#1741,#1742);
#1741 = CARTESIAN_POINT('',(99.654007,-106.012246,-4.6E-02));
#1742 = VECTOR('',#1743,1.);
#1743 = DIRECTION('',(0.,0.,1.));
#1744 = ORIENTED_EDGE('',*,*,#994,.F.);
#1745 = ORIENTED_EDGE('',*,*,#1739,.F.);
#1746 = CYLINDRICAL_SURFACE('',#1747,0.2);
#1747 = AXIS2_PLACEMENT_3D('',#1748,#1749,#1750);
#1748 = CARTESIAN_POINT('',(99.654007,-105.812246,-4.6E-02));
#1749 = DIRECTION('',(-0.,-0.,-1.));
#1750 = DIRECTION('',(-7.105427357601E-14,-1.,0.));
#1751 = ADVANCED_FACE('',(#1752),#1763,.F.);
#1752 = FACE_BOUND('',#1753,.T.);
#1753 = EDGE_LOOP('',(#1754,#1755,#1761,#1762));
#1754 = ORIENTED_EDGE('',*,*,#500,.T.);
#1755 = ORIENTED_EDGE('',*,*,#1756,.T.);
#1756 = EDGE_CURVE('',#501,#1006,#1757,.T.);
#1757 = LINE('',#1758,#1759);
#1758 = CARTESIAN_POINT('',(100.820733,-105.528972,-4.6E-02));
#1759 = VECTOR('',#1760,1.);
#1760 = DIRECTION('',(0.,0.,1.));
#1761 = ORIENTED_EDGE('',*,*,#1005,.F.);
#1762 = ORIENTED_EDGE('',*,*,#1756,.F.);
#1763 = CYLINDRICAL_SURFACE('',#1764,0.2);
#1764 = AXIS2_PLACEMENT_3D('',#1765,#1766,#1767);
#1765 = CARTESIAN_POINT('',(100.820733,-105.328972,-4.6E-02));
#1766 = DIRECTION('',(-0.,-0.,-1.));
#1767 = DIRECTION('',(-0.,-1.,0.));
#1768 = ADVANCED_FACE('',(#1769),#1780,.F.);
#1769 = FACE_BOUND('',#1770,.T.);
#1770 = EDGE_LOOP('',(#1771,#1772,#1778,#1779));
#1771 = ORIENTED_EDGE('',*,*,#511,.T.);
#1772 = ORIENTED_EDGE('',*,*,#1773,.T.);
#1773 = EDGE_CURVE('',#512,#1017,#1774,.T.);
#1774 = LINE('',#1775,#1776);
#1775 = CARTESIAN_POINT('',(98.004007,-104.362246,-4.6E-02));
#1776 = VECTOR('',#1777,1.);
#1777 = DIRECTION('',(0.,0.,1.));
#1778 = ORIENTED_EDGE('',*,*,#1016,.F.);
#1779 = ORIENTED_EDGE('',*,*,#1773,.F.);
#1780 = CYLINDRICAL_SURFACE('',#1781,0.2);
#1781 = AXIS2_PLACEMENT_3D('',#1782,#1783,#1784);
#1782 = CARTESIAN_POINT('',(98.004007,-104.162246,-4.6E-02));
#1783 = DIRECTION('',(-0.,-0.,-1.));
#1784 = DIRECTION('',(-0.,-1.,0.));
#1785 = ADVANCED_FACE('',(#1786),#1797,.F.);
#1786 = FACE_BOUND('',#1787,.T.);
#1787 = EDGE_LOOP('',(#1788,#1789,#1795,#1796));
#1788 = ORIENTED_EDGE('',*,*,#522,.T.);
#1789 = ORIENTED_EDGE('',*,*,#1790,.T.);
#1790 = EDGE_CURVE('',#523,#1028,#1791,.T.);
#1791 = LINE('',#1792,#1793);
#1792 = CARTESIAN_POINT('',(99.654007,-105.262246,-4.6E-02));
#1793 = VECTOR('',#1794,1.);
#1794 = DIRECTION('',(0.,0.,1.));
#1795 = ORIENTED_EDGE('',*,*,#1027,.F.);
#1796 = ORIENTED_EDGE('',*,*,#1790,.F.);
#1797 = CYLINDRICAL_SURFACE('',#1798,1.1);
#1798 = AXIS2_PLACEMENT_3D('',#1799,#1800,#1801);
#1799 = CARTESIAN_POINT('',(99.654007,-104.162246,-4.6E-02));
#1800 = DIRECTION('',(-0.,-0.,-1.));
#1801 = DIRECTION('',(-1.2918958832E-14,-1.,0.));
#1802 = ADVANCED_FACE('',(#1803),#1814,.F.);
#1803 = FACE_BOUND('',#1804,.T.);
#1804 = EDGE_LOOP('',(#1805,#1806,#1812,#1813));
#1805 = ORIENTED_EDGE('',*,*,#533,.T.);
#1806 = ORIENTED_EDGE('',*,*,#1807,.T.);
#1807 = EDGE_CURVE('',#534,#1039,#1808,.T.);
#1808 = LINE('',#1809,#1810);
#1809 = CARTESIAN_POINT('',(101.304007,-104.362246,-4.6E-02));
#1810 = VECTOR('',#1811,1.);
#1811 = DIRECTION('',(0.,0.,1.));
#1812 = ORIENTED_EDGE('',*,*,#1038,.F.);
#1813 = ORIENTED_EDGE('',*,*,#1807,.F.);
#1814 = CYLINDRICAL_SURFACE('',#1815,0.2);
#1815 = AXIS2_PLACEMENT_3D('',#1816,#1817,#1818);
#1816 = CARTESIAN_POINT('',(101.304007,-104.162246,-4.6E-02));
#1817 = DIRECTION('',(-0.,-0.,-1.));
#1818 = DIRECTION('',(-0.,-1.,0.));
#1819 = ADVANCED_FACE('',(#1820),#1831,.F.);
#1820 = FACE_BOUND('',#1821,.T.);
#1821 = EDGE_LOOP('',(#1822,#1823,#1829,#1830));
#1822 = ORIENTED_EDGE('',*,*,#544,.T.);
#1823 = ORIENTED_EDGE('',*,*,#1824,.T.);
#1824 = EDGE_CURVE('',#545,#1050,#1825,.T.);
#1825 = LINE('',#1826,#1827);
#1826 = CARTESIAN_POINT('',(98.487281,-103.19552,-4.6E-02));
#1827 = VECTOR('',#1828,1.);
#1828 = DIRECTION('',(0.,0.,1.));
#1829 = ORIENTED_EDGE('',*,*,#1049,.F.);
#1830 = ORIENTED_EDGE('',*,*,#1824,.F.);
#1831 = CYLINDRICAL_SURFACE('',#1832,0.2);
#1832 = AXIS2_PLACEMENT_3D('',#1833,#1834,#1835);
#1833 = CARTESIAN_POINT('',(98.487281,-102.99552,-4.6E-02));
#1834 = DIRECTION('',(-0.,-0.,-1.));
#1835 = DIRECTION('',(-0.,-1.,0.));
#1836 = ADVANCED_FACE('',(#1837),#1848,.F.);
#1837 = FACE_BOUND('',#1838,.T.);
#1838 = EDGE_LOOP('',(#1839,#1840,#1846,#1847));
#1839 = ORIENTED_EDGE('',*,*,#555,.T.);
#1840 = ORIENTED_EDGE('',*,*,#1841,.T.);
#1841 = EDGE_CURVE('',#556,#1061,#1842,.T.);
#1842 = LINE('',#1843,#1844);
#1843 = CARTESIAN_POINT('',(99.654007,-102.712246,-4.6E-02));
#1844 = VECTOR('',#1845,1.);
#1845 = DIRECTION('',(0.,0.,1.));
#1846 = ORIENTED_EDGE('',*,*,#1060,.F.);
#1847 = ORIENTED_EDGE('',*,*,#1841,.F.);
#1848 = CYLINDRICAL_SURFACE('',#1849,0.2);
#1849 = AXIS2_PLACEMENT_3D('',#1850,#1851,#1852);
#1850 = CARTESIAN_POINT('',(99.654007,-102.512246,-4.6E-02));
#1851 = DIRECTION('',(-0.,-0.,-1.));
#1852 = DIRECTION('',(-7.105427357601E-14,-1.,0.));
#1853 = ADVANCED_FACE('',(#1854),#1865,.F.);
#1854 = FACE_BOUND('',#1855,.T.);
#1855 = EDGE_LOOP('',(#1856,#1857,#1863,#1864));
#1856 = ORIENTED_EDGE('',*,*,#566,.T.);
#1857 = ORIENTED_EDGE('',*,*,#1858,.T.);
#1858 = EDGE_CURVE('',#567,#1072,#1859,.T.);
#1859 = LINE('',#1860,#1861);
#1860 = CARTESIAN_POINT('',(100.820733,-103.19552,-4.6E-02));
#1861 = VECTOR('',#1862,1.);
#1862 = DIRECTION('',(0.,0.,1.));
#1863 = ORIENTED_EDGE('',*,*,#1071,.F.);
#1864 = ORIENTED_EDGE('',*,*,#1858,.F.);
#1865 = CYLINDRICAL_SURFACE('',#1866,0.2);
#1866 = AXIS2_PLACEMENT_3D('',#1867,#1868,#1869);
#1867 = CARTESIAN_POINT('',(100.820733,-102.99552,-4.6E-02));
#1868 = DIRECTION('',(-0.,-0.,-1.));
#1869 = DIRECTION('',(-0.,-1.,0.));
#1870 = ADVANCED_FACE('',(#1871),#1882,.F.);
#1871 = FACE_BOUND('',#1872,.T.);
#1872 = EDGE_LOOP('',(#1873,#1874,#1880,#1881));
#1873 = ORIENTED_EDGE('',*,*,#577,.T.);
#1874 = ORIENTED_EDGE('',*,*,#1875,.T.);
#1875 = EDGE_CURVE('',#578,#1083,#1876,.T.);
#1876 = LINE('',#1877,#1878);
#1877 = CARTESIAN_POINT('',(103.034007,-101.302246,-4.6E-02));
#1878 = VECTOR('',#1879,1.);
#1879 = DIRECTION('',(0.,0.,1.));
#1880 = ORIENTED_EDGE('',*,*,#1082,.F.);
#1881 = ORIENTED_EDGE('',*,*,#1875,.F.);
#1882 = CYLINDRICAL_SURFACE('',#1883,0.5);
#1883 = AXIS2_PLACEMENT_3D('',#1884,#1885,#1886);
#1884 = CARTESIAN_POINT('',(103.034007,-100.802246,-4.6E-02));
#1885 = DIRECTION('',(-0.,-0.,-1.));
#1886 = DIRECTION('',(-0.,-1.,0.));
#1887 = ADVANCED_FACE('',(#1888),#1899,.F.);
#1888 = FACE_BOUND('',#1889,.T.);
#1889 = EDGE_LOOP('',(#1890,#1891,#1897,#1898));
#1890 = ORIENTED_EDGE('',*,*,#588,.T.);
#1891 = ORIENTED_EDGE('',*,*,#1892,.T.);
#1892 = EDGE_CURVE('',#589,#1094,#1893,.T.);
#1893 = LINE('',#1894,#1895);
#1894 = CARTESIAN_POINT('',(105.234007,-101.302246,-4.6E-02));
#1895 = VECTOR('',#1896,1.);
#1896 = DIRECTION('',(0.,0.,1.));
#1897 = ORIENTED_EDGE('',*,*,#1093,.F.);
#1898 = ORIENTED_EDGE('',*,*,#1892,.F.);
#1899 = CYLINDRICAL_SURFACE('',#1900,0.5);
#1900 = AXIS2_PLACEMENT_3D('',#1901,#1902,#1903);
#1901 = CARTESIAN_POINT('',(105.234007,-100.802246,-4.6E-02));
#1902 = DIRECTION('',(-0.,-0.,-1.));
#1903 = DIRECTION('',(-0.,-1.,0.));
#1904 = ADVANCED_FACE('',(#1905),#1916,.F.);
#1905 = FACE_BOUND('',#1906,.T.);
#1906 = EDGE_LOOP('',(#1907,#1908,#1914,#1915));
#1907 = ORIENTED_EDGE('',*,*,#599,.T.);
#1908 = ORIENTED_EDGE('',*,*,#1909,.T.);
#1909 = EDGE_CURVE('',#600,#1105,#1910,.T.);
#1910 = LINE('',#1911,#1912);
#1911 = CARTESIAN_POINT('',(107.434007,-101.302246,-4.6E-02));
#1912 = VECTOR('',#1913,1.);
#1913 = DIRECTION('',(0.,0.,1.));
#1914 = ORIENTED_EDGE('',*,*,#1104,.F.);
#1915 = ORIENTED_EDGE('',*,*,#1909,.F.);
#1916 = CYLINDRICAL_SURFACE('',#1917,0.5);
#1917 = AXIS2_PLACEMENT_3D('',#1918,#1919,#1920);
#1918 = CARTESIAN_POINT('',(107.434007,-100.802246,-4.6E-02));
#1919 = DIRECTION('',(-0.,-0.,-1.));
#1920 = DIRECTION('',(-0.,-1.,0.));
#1921 = ADVANCED_FACE('',(#1922),#1933,.F.);
#1922 = FACE_BOUND('',#1923,.T.);
#1923 = EDGE_LOOP('',(#1924,#1925,#1931,#1932));
#1924 = ORIENTED_EDGE('',*,*,#610,.T.);
#1925 = ORIENTED_EDGE('',*,*,#1926,.T.);
#1926 = EDGE_CURVE('',#611,#1116,#1927,.T.);
#1927 = LINE('',#1928,#1929);
#1928 = CARTESIAN_POINT('',(109.634007,-101.302246,-4.6E-02));
#1929 = VECTOR('',#1930,1.);
#1930 = DIRECTION('',(0.,0.,1.));
#1931 = ORIENTED_EDGE('',*,*,#1115,.F.);
#1932 = ORIENTED_EDGE('',*,*,#1926,.F.);
#1933 = CYLINDRICAL_SURFACE('',#1934,0.5);
#1934 = AXIS2_PLACEMENT_3D('',#1935,#1936,#1937);
#1935 = CARTESIAN_POINT('',(109.634007,-100.802246,-4.6E-02));
#1936 = DIRECTION('',(-0.,-0.,-1.));
#1937 = DIRECTION('',(-0.,-1.,0.));
#1938 = ADVANCED_FACE('',(#1939),#1950,.F.);
#1939 = FACE_BOUND('',#1940,.T.);
#1940 = EDGE_LOOP('',(#1941,#1942,#1948,#1949));
#1941 = ORIENTED_EDGE('',*,*,#621,.T.);
#1942 = ORIENTED_EDGE('',*,*,#1943,.T.);
#1943 = EDGE_CURVE('',#622,#1127,#1944,.T.);
#1944 = LINE('',#1945,#1946);
#1945 = CARTESIAN_POINT('',(111.834007,-101.302246,-4.6E-02));
#1946 = VECTOR('',#1947,1.);
#1947 = DIRECTION('',(0.,0.,1.));
#1948 = ORIENTED_EDGE('',*,*,#1126,.F.);
#1949 = ORIENTED_EDGE('',*,*,#1943,.F.);
#1950 = CYLINDRICAL_SURFACE('',#1951,0.5);
#1951 = AXIS2_PLACEMENT_3D('',#1952,#1953,#1954);
#1952 = CARTESIAN_POINT('',(111.834007,-100.802246,-4.6E-02));
#1953 = DIRECTION('',(-0.,-0.,-1.));
#1954 = DIRECTION('',(-0.,-1.,0.));
#1955 = ADVANCED_FACE('',(#1956),#1967,.F.);
#1956 = FACE_BOUND('',#1957,.T.);
#1957 = EDGE_LOOP('',(#1958,#1959,#1965,#1966));
#1958 = ORIENTED_EDGE('',*,*,#632,.T.);
#1959 = ORIENTED_EDGE('',*,*,#1960,.T.);
#1960 = EDGE_CURVE('',#633,#1138,#1961,.T.);
#1961 = LINE('',#1962,#1963);
#1962 = CARTESIAN_POINT('',(114.864007,-102.432246,-4.6E-02));
#1963 = VECTOR('',#1964,1.);
#1964 = DIRECTION('',(0.,0.,1.));
#1965 = ORIENTED_EDGE('',*,*,#1137,.F.);
#1966 = ORIENTED_EDGE('',*,*,#1960,.F.);
#1967 = CYLINDRICAL_SURFACE('',#1968,0.9);
#1968 = AXIS2_PLACEMENT_3D('',#1969,#1970,#1971);
#1969 = CARTESIAN_POINT('',(114.864007,-101.532246,-4.6E-02));
#1970 = DIRECTION('',(-0.,-0.,-1.));
#1971 = DIRECTION('',(-0.,-1.,0.));
#1972 = ADVANCED_FACE('',(#1973),#1984,.F.);
#1973 = FACE_BOUND('',#1974,.T.);
#1974 = EDGE_LOOP('',(#1975,#1976,#1982,#1983));
#1975 = ORIENTED_EDGE('',*,*,#643,.T.);
#1976 = ORIENTED_EDGE('',*,*,#1977,.T.);
#1977 = EDGE_CURVE('',#644,#1149,#1978,.T.);
#1978 = LINE('',#1979,#1980);
#1979 = CARTESIAN_POINT('',(118.664007,-102.432246,-4.6E-02));
#1980 = VECTOR('',#1981,1.);
#1981 = DIRECTION('',(0.,0.,1.));
#1982 = ORIENTED_EDGE('',*,*,#1148,.F.);
#1983 = ORIENTED_EDGE('',*,*,#1977,.F.);
#1984 = CYLINDRICAL_SURFACE('',#1985,0.9);
#1985 = AXIS2_PLACEMENT_3D('',#1986,#1987,#1988);
#1986 = CARTESIAN_POINT('',(118.664007,-101.532246,-4.6E-02));
#1987 = DIRECTION('',(-0.,-0.,-1.));
#1988 = DIRECTION('',(-0.,-1.,0.));
#1989 = ( GEOMETRIC_REPRESENTATION_CONTEXT(3) 
GLOBAL_UNCERTAINTY_ASSIGNED_CONTEXT((#1993)) 
GLOBAL_UNIT_ASSIGNED_CONTEXT((#1990,#1991,#1992)) REPRESENTATION_CONTEXT
('Context #1','3D Context with UNIT and UNCERTAINTY') );
#1990 = ( LENGTH_UNIT() NAMED_UNIT(*) SI_UNIT(.MILLI.,.METRE.) );
#1991 = ( NAMED_UNIT(*) PLANE_ANGLE_UNIT() SI_UNIT($,.RADIAN.) );
#1992 = ( NAMED_UNIT(*) SI_UNIT($,.STERADIAN.) SOLID_ANGLE_UNIT() );
#1993 = UNCERTAINTY_MEASURE_WITH_UNIT(LENGTH_MEASURE(1.E-07),#1990,
  'distance_accuracy_value','confusion accuracy');
#1994 = CONTEXT_DEPENDENT_SHAPE_REPRESENTATION(#1995,#1997);
#1995 = ( REPRESENTATION_RELATIONSHIP('','',#44,#10) 
REPRESENTATION_RELATIONSHIP_WITH_TRANSFORMATION(#1996) 
SHAPE_REPRESENTATION_RELATIONSHIP() );
#1996 = ITEM_DEFINED_TRANSFORMATION('','',#11,#15);
#1997 = PRODUCT_DEFINITION_SHAPE('Placement','Placement of an item',
  #1998);
#1998 = NEXT_ASSEMBLY_USAGE_OCCURRENCE('1','=>[0:1:1:2]','',#5,#39,$);
#1999 = PRODUCT_RELATED_PRODUCT_CATEGORY('part',$,(#41));
#2000 = SHAPE_DEFINITION_REPRESENTATION(#2001,#2007);
#2001 = PRODUCT_DEFINITION_SHAPE('','',#2002);
#2002 = PRODUCT_DEFINITION('design','',#2003,#2006);
#2003 = PRODUCT_DEFINITION_FORMATION('','',#2004);
#2004 = PRODUCT('Vortac_Panel_PCB_2','Vortac_Panel_PCB_2','',(#2005));
#2005 = PRODUCT_CONTEXT('',#2,'mechanical');
#2006 = PRODUCT_DEFINITION_CONTEXT('part definition',#2,'design');
#2007 = ADVANCED_BREP_SHAPE_REPRESENTATION('',(#11,#2008),#3952);
#2008 = MANIFOLD_SOLID_BREP('',#2009);
#2009 = CLOSED_SHELL('',(#2010,#2052,#2083,#2114,#2619,#3124,#3141,#3158
    ,#3175,#3192,#3209,#3226,#3243,#3260,#3277,#3294,#3311,#3328,#3345,
    #3362,#3379,#3396,#3408,#3425,#3442,#3459,#3476,#3493,#3510,#3527,
    #3544,#3561,#3578,#3595,#3612,#3629,#3646,#3663,#3680,#3697,#3714,
    #3731,#3748,#3765,#3782,#3799,#3816,#3833,#3850,#3867,#3884,#3901,
    #3918,#3935));
#2010 = ADVANCED_FACE('',(#2011),#2047,.T.);
#2011 = FACE_BOUND('',#2012,.T.);
#2012 = EDGE_LOOP('',(#2013,#2023,#2032,#2040));
#2013 = ORIENTED_EDGE('',*,*,#2014,.T.);
#2014 = EDGE_CURVE('',#2015,#2017,#2019,.T.);
#2015 = VERTEX_POINT('',#2016);
#2016 = CARTESIAN_POINT('',(140.552094,-99.162177,0.));
#2017 = VERTEX_POINT('',#2018);
#2018 = CARTESIAN_POINT('',(140.552094,-99.162177,0.91));
#2019 = LINE('',#2020,#2021);
#2020 = CARTESIAN_POINT('',(140.552094,-99.162177,0.));
#2021 = VECTOR('',#2022,1.);
#2022 = DIRECTION('',(0.,0.,1.));
#2023 = ORIENTED_EDGE('',*,*,#2024,.T.);
#2024 = EDGE_CURVE('',#2017,#2025,#2027,.T.);
#2025 = VERTEX_POINT('',#2026);
#2026 = CARTESIAN_POINT('',(141.352094,-99.962177,0.91));
#2027 = CIRCLE('',#2028,0.800008279441);
#2028 = AXIS2_PLACEMENT_3D('',#2029,#2030,#2031);
#2029 = CARTESIAN_POINT('',(140.5520857206,-99.96218527939,0.91));
#2030 = DIRECTION('',(0.,0.,-1.));
#2031 = DIRECTION('',(1.034914043258E-05,0.999999999946,0.));
#2032 = ORIENTED_EDGE('',*,*,#2033,.F.);
#2033 = EDGE_CURVE('',#2034,#2025,#2036,.T.);
#2034 = VERTEX_POINT('',#2035);
#2035 = CARTESIAN_POINT('',(141.352094,-99.962177,0.));
#2036 = LINE('',#2037,#2038);
#2037 = CARTESIAN_POINT('',(141.352094,-99.962177,0.));
#2038 = VECTOR('',#2039,1.);
#2039 = DIRECTION('',(0.,0.,1.));
#2040 = ORIENTED_EDGE('',*,*,#2041,.F.);
#2041 = EDGE_CURVE('',#2015,#2034,#2042,.T.);
#2042 = CIRCLE('',#2043,0.800008279441);
#2043 = AXIS2_PLACEMENT_3D('',#2044,#2045,#2046);
#2044 = CARTESIAN_POINT('',(140.5520857206,-99.96218527939,0.));
#2045 = DIRECTION('',(0.,0.,-1.));
#2046 = DIRECTION('',(1.034914043258E-05,0.999999999946,0.));
#2047 = CYLINDRICAL_SURFACE('',#2048,0.800008279441);
#2048 = AXIS2_PLACEMENT_3D('',#2049,#2050,#2051);
#2049 = CARTESIAN_POINT('',(140.5520857206,-99.96218527939,0.));
#2050 = DIRECTION('',(0.,0.,-1.));
#2051 = DIRECTION('',(1.034914043258E-05,0.999999999946,0.));
#2052 = ADVANCED_FACE('',(#2053),#2078,.T.);
#2053 = FACE_BOUND('',#2054,.T.);
#2054 = EDGE_LOOP('',(#2055,#2065,#2071,#2072));
#2055 = ORIENTED_EDGE('',*,*,#2056,.T.);
#2056 = EDGE_CURVE('',#2057,#2059,#2061,.T.);
#2057 = VERTEX_POINT('',#2058);
#2058 = CARTESIAN_POINT('',(124.630605,-99.162177,0.));
#2059 = VERTEX_POINT('',#2060);
#2060 = CARTESIAN_POINT('',(124.630605,-99.162177,0.91));
#2061 = LINE('',#2062,#2063);
#2062 = CARTESIAN_POINT('',(124.630605,-99.162177,0.));
#2063 = VECTOR('',#2064,1.);
#2064 = DIRECTION('',(0.,0.,1.));
#2065 = ORIENTED_EDGE('',*,*,#2066,.T.);
#2066 = EDGE_CURVE('',#2059,#2017,#2067,.T.);
#2067 = LINE('',#2068,#2069);
#2068 = CARTESIAN_POINT('',(124.630605,-99.162177,0.91));
#2069 = VECTOR('',#2070,1.);
#2070 = DIRECTION('',(1.,0.,0.));
#2071 = ORIENTED_EDGE('',*,*,#2014,.F.);
#2072 = ORIENTED_EDGE('',*,*,#2073,.F.);
#2073 = EDGE_CURVE('',#2057,#2015,#2074,.T.);
#2074 = LINE('',#2075,#2076);
#2075 = CARTESIAN_POINT('',(124.630605,-99.162177,0.));
#2076 = VECTOR('',#2077,1.);
#2077 = DIRECTION('',(1.,0.,0.));
#2078 = PLANE('',#2079);
#2079 = AXIS2_PLACEMENT_3D('',#2080,#2081,#2082);
#2080 = CARTESIAN_POINT('',(124.630605,-99.162177,0.));
#2081 = DIRECTION('',(0.,1.,0.));
#2082 = DIRECTION('',(1.,0.,0.));
#2083 = ADVANCED_FACE('',(#2084),#2109,.T.);
#2084 = FACE_BOUND('',#2085,.T.);
#2085 = EDGE_LOOP('',(#2086,#2087,#2095,#2103));
#2086 = ORIENTED_EDGE('',*,*,#2033,.T.);
#2087 = ORIENTED_EDGE('',*,*,#2088,.T.);
#2088 = EDGE_CURVE('',#2025,#2089,#2091,.T.);
#2089 = VERTEX_POINT('',#2090);
#2090 = CARTESIAN_POINT('',(141.352094,-104.162077,0.91));
#2091 = LINE('',#2092,#2093);
#2092 = CARTESIAN_POINT('',(141.352094,-99.962177,0.91));
#2093 = VECTOR('',#2094,1.);
#2094 = DIRECTION('',(0.,-1.,0.));
#2095 = ORIENTED_EDGE('',*,*,#2096,.F.);
#2096 = EDGE_CURVE('',#2097,#2089,#2099,.T.);
#2097 = VERTEX_POINT('',#2098);
#2098 = CARTESIAN_POINT('',(141.352094,-104.162077,0.));
#2099 = LINE('',#2100,#2101);
#2100 = CARTESIAN_POINT('',(141.352094,-104.162077,0.));
#2101 = VECTOR('',#2102,1.);
#2102 = DIRECTION('',(0.,0.,1.));
#2103 = ORIENTED_EDGE('',*,*,#2104,.F.);
#2104 = EDGE_CURVE('',#2034,#2097,#2105,.T.);
#2105 = LINE('',#2106,#2107);
#2106 = CARTESIAN_POINT('',(141.352094,-99.962177,0.));
#2107 = VECTOR('',#2108,1.);
#2108 = DIRECTION('',(0.,-1.,0.));
#2109 = PLANE('',#2110);
#2110 = AXIS2_PLACEMENT_3D('',#2111,#2112,#2113);
#2111 = CARTESIAN_POINT('',(141.352094,-99.962177,0.));
#2112 = DIRECTION('',(1.,0.,-0.));
#2113 = DIRECTION('',(0.,-1.,0.));
#2114 = ADVANCED_FACE('',(#2115,#2262,#2273,#2284,#2295,#2306,#2317,
    #2328,#2339,#2350,#2361,#2372,#2383,#2394,#2405,#2416,#2427,#2438,
    #2449,#2460,#2471,#2482,#2493,#2504,#2515,#2526,#2537,#2548,#2559,
    #2570,#2581,#2592,#2603),#2614,.F.);
#2115 = FACE_BOUND('',#2116,.F.);
#2116 = EDGE_LOOP('',(#2117,#2118,#2119,#2128,#2136,#2144,#2153,#2161,
    #2170,#2178,#2187,#2195,#2204,#2212,#2220,#2229,#2237,#2246,#2254,
    #2261));
#2117 = ORIENTED_EDGE('',*,*,#2041,.F.);
#2118 = ORIENTED_EDGE('',*,*,#2073,.F.);
#2119 = ORIENTED_EDGE('',*,*,#2120,.F.);
#2120 = EDGE_CURVE('',#2121,#2057,#2123,.T.);
#2121 = VERTEX_POINT('',#2122);
#2122 = CARTESIAN_POINT('',(123.471483,-104.510988,0.));
#2123 = CIRCLE('',#2124,2.800000706897);
#2124 = AXIS2_PLACEMENT_3D('',#2125,#2126,#2127);
#2125 = CARTESIAN_POINT('',(124.63060769061,-101.9621777068,0.));
#2126 = DIRECTION('',(0.,0.,-1.));
#2127 = DIRECTION('',(-0.413972999278,-0.91028916058,-0.));
#2128 = ORIENTED_EDGE('',*,*,#2129,.F.);
#2129 = EDGE_CURVE('',#2130,#2121,#2132,.T.);
#2130 = VERTEX_POINT('',#2131);
#2131 = CARTESIAN_POINT('',(124.841443,-105.128973,0.));
#2132 = LINE('',#2133,#2134);
#2133 = CARTESIAN_POINT('',(124.841443,-105.128973,0.));
#2134 = VECTOR('',#2135,1.);
#2135 = DIRECTION('',(-0.911546879631,0.41119616515,0.));
#2136 = ORIENTED_EDGE('',*,*,#2137,.F.);
#2137 = EDGE_CURVE('',#2138,#2130,#2140,.T.);
#2138 = VERTEX_POINT('',#2139);
#2139 = CARTESIAN_POINT('',(124.841436,-105.128988,0.));
#2140 = LINE('',#2141,#2142);
#2141 = CARTESIAN_POINT('',(124.841436,-105.128988,0.));
#2142 = VECTOR('',#2143,1.);
#2143 = DIRECTION('',(0.422885465049,0.906183140127,0.));
#2144 = ORIENTED_EDGE('',*,*,#2145,.F.);
#2145 = EDGE_CURVE('',#2146,#2138,#2148,.T.);
#2146 = VERTEX_POINT('',#2147);
#2147 = CARTESIAN_POINT('',(123.834005,-109.812277,0.));
#2148 = CIRCLE('',#2149,2.449999807773);
#2149 = AXIS2_PLACEMENT_3D('',#2150,#2151,#2152);
#2150 = CARTESIAN_POINT('',(123.8340043934,-107.3622771922,0.));
#2151 = DIRECTION('',(0.,-0.,1.));
#2152 = DIRECTION('',(2.475901147905E-07,-1.,-0.));
#2153 = ORIENTED_EDGE('',*,*,#2154,.F.);
#2154 = EDGE_CURVE('',#2155,#2146,#2157,.T.);
#2155 = VERTEX_POINT('',#2156);
#2156 = CARTESIAN_POINT('',(122.630605,-109.812277,0.));
#2157 = LINE('',#2158,#2159);
#2158 = CARTESIAN_POINT('',(122.630605,-109.812277,0.));
#2159 = VECTOR('',#2160,1.);
#2160 = DIRECTION('',(1.,0.,0.));
#2161 = ORIENTED_EDGE('',*,*,#2162,.F.);
#2162 = EDGE_CURVE('',#2163,#2155,#2165,.T.);
#2163 = VERTEX_POINT('',#2164);
#2164 = CARTESIAN_POINT('',(121.830636,-110.612277,0.));
#2165 = CIRCLE('',#2166,0.799948533498);
#2166 = AXIS2_PLACEMENT_3D('',#2167,#2168,#2169);
#2167 = CARTESIAN_POINT('',(122.63058453184,-110.6122255332,0.));
#2168 = DIRECTION('',(0.,0.,-1.));
#2169 = DIRECTION('',(-0.99999999793,-6.433759397526E-05,-0.));
#2170 = ORIENTED_EDGE('',*,*,#2171,.F.);
#2171 = EDGE_CURVE('',#2172,#2163,#2174,.T.);
#2172 = VERTEX_POINT('',#2173);
#2173 = CARTESIAN_POINT('',(121.830636,-113.762077,0.));
#2174 = LINE('',#2175,#2176);
#2175 = CARTESIAN_POINT('',(121.830636,-113.762077,0.));
#2176 = VECTOR('',#2177,1.);
#2177 = DIRECTION('',(0.,1.,0.));
#2178 = ORIENTED_EDGE('',*,*,#2179,.F.);
#2179 = EDGE_CURVE('',#2180,#2172,#2182,.T.);
#2180 = VERTEX_POINT('',#2181);
#2181 = CARTESIAN_POINT('',(122.641212,-114.562177,0.));
#2182 = CIRCLE('',#2183,0.800075015758);
#2183 = AXIS2_PLACEMENT_3D('',#2184,#2185,#2186);
#2184 = CARTESIAN_POINT('',(122.63071101024,-113.7621708999,0.));
#2185 = DIRECTION('',(0.,0.,-1.));
#2186 = DIRECTION('',(1.312500646291E-02,-0.999913863393,0.));
#2187 = ORIENTED_EDGE('',*,*,#2188,.F.);
#2188 = EDGE_CURVE('',#2189,#2180,#2191,.T.);
#2189 = VERTEX_POINT('',#2190);
#2190 = CARTESIAN_POINT('',(140.552105,-114.562177,0.));
#2191 = LINE('',#2192,#2193);
#2192 = CARTESIAN_POINT('',(140.552105,-114.562177,0.));
#2193 = VECTOR('',#2194,1.);
#2194 = DIRECTION('',(-1.,0.,0.));
#2195 = ORIENTED_EDGE('',*,*,#2196,.F.);
#2196 = EDGE_CURVE('',#2197,#2189,#2199,.T.);
#2197 = VERTEX_POINT('',#2198);
#2198 = CARTESIAN_POINT('',(141.352094,-113.766176,0.));
#2199 = CIRCLE('',#2200,0.799997095442);
#2200 = AXIS2_PLACEMENT_3D('',#2201,#2202,#2203);
#2201 = CARTESIAN_POINT('',(140.55210688514,-113.7621799045,0.));
#2202 = DIRECTION('',(0.,0.,-1.));
#2203 = DIRECTION('',(0.999987524223,-4.995137435109E-03,0.));
#2204 = ORIENTED_EDGE('',*,*,#2205,.F.);
#2205 = EDGE_CURVE('',#2206,#2197,#2208,.T.);
#2206 = VERTEX_POINT('',#2207);
#2207 = CARTESIAN_POINT('',(141.352094,-113.162177,0.));
#2208 = LINE('',#2209,#2210);
#2209 = CARTESIAN_POINT('',(141.352094,-113.162177,0.));
#2210 = VECTOR('',#2211,1.);
#2211 = DIRECTION('',(0.,-1.,0.));
#2212 = ORIENTED_EDGE('',*,*,#2213,.F.);
#2213 = EDGE_CURVE('',#2214,#2206,#2216,.T.);
#2214 = VERTEX_POINT('',#2215);
#2215 = CARTESIAN_POINT('',(141.352105,-113.162177,0.));
#2216 = LINE('',#2217,#2218);
#2217 = CARTESIAN_POINT('',(141.352105,-113.162177,0.));
#2218 = VECTOR('',#2219,1.);
#2219 = DIRECTION('',(-1.,0.,0.));
#2220 = ORIENTED_EDGE('',*,*,#2221,.F.);
#2221 = EDGE_CURVE('',#2222,#2214,#2224,.T.);
#2222 = VERTEX_POINT('',#2223);
#2223 = CARTESIAN_POINT('',(142.152105,-112.362177,0.));
#2224 = CIRCLE('',#2225,0.800001450872);
#2225 = AXIS2_PLACEMENT_3D('',#2226,#2227,#2228);
#2226 = CARTESIAN_POINT('',(142.15210645087,-113.1621784508,0.));
#2227 = DIRECTION('',(0.,0.,1.));
#2228 = DIRECTION('',(-1.813584959368E-06,0.999999999998,0.));
#2229 = ORIENTED_EDGE('',*,*,#2230,.F.);
#2230 = EDGE_CURVE('',#2231,#2222,#2233,.T.);
#2231 = VERTEX_POINT('',#2232);
#2232 = CARTESIAN_POINT('',(143.005505,-112.362177,0.));
#2233 = LINE('',#2234,#2235);
#2234 = CARTESIAN_POINT('',(143.005505,-112.362177,0.));
#2235 = VECTOR('',#2236,1.);
#2236 = DIRECTION('',(-1.,0.,0.));
#2237 = ORIENTED_EDGE('',*,*,#2238,.F.);
#2238 = EDGE_CURVE('',#2239,#2231,#2241,.T.);
#2239 = VERTEX_POINT('',#2240);
#2240 = CARTESIAN_POINT('',(144.156856,-107.009848,0.));
#2241 = CIRCLE('',#2242,2.799998950257);
#2242 = AXIS2_PLACEMENT_3D('',#2243,#2244,#2245);
#2243 = CARTESIAN_POINT('',(143.00550660098,-109.5621780497,0.));
#2244 = DIRECTION('',(0.,0.,-1.));
#2245 = DIRECTION('',(0.411196368096,0.911546788083,0.));
#2246 = ORIENTED_EDGE('',*,*,#2247,.F.);
#2247 = EDGE_CURVE('',#2248,#2239,#2250,.T.);
#2248 = VERTEX_POINT('',#2249);
#2249 = CARTESIAN_POINT('',(142.788965,-106.392795,0.));
#2250 = LINE('',#2251,#2252);
#2251 = CARTESIAN_POINT('',(142.788965,-106.392795,0.));
#2252 = VECTOR('',#2253,1.);
#2253 = DIRECTION('',(0.911546549942,-0.411196896011,0.));
#2254 = ORIENTED_EDGE('',*,*,#2255,.F.);
#2255 = EDGE_CURVE('',#2097,#2248,#2256,.T.);
#2256 = CIRCLE('',#2257,2.450014265449);
#2257 = AXIS2_PLACEMENT_3D('',#2258,#2259,#2260);
#2258 = CARTESIAN_POINT('',(143.80210826544,-104.1620752451,0.));
#2259 = DIRECTION('',(0.,0.,1.));
#2260 = DIRECTION('',(-1.,-7.162522743388E-07,0.));
#2261 = ORIENTED_EDGE('',*,*,#2104,.F.);
#2262 = FACE_BOUND('',#2263,.F.);
#2263 = EDGE_LOOP('',(#2264));
#2264 = ORIENTED_EDGE('',*,*,#2265,.T.);
#2265 = EDGE_CURVE('',#2266,#2266,#2268,.T.);
#2266 = VERTEX_POINT('',#2267);
#2267 = CARTESIAN_POINT('',(123.972105,-113.092177,0.));
#2268 = CIRCLE('',#2269,0.9);
#2269 = AXIS2_PLACEMENT_3D('',#2270,#2271,#2272);
#2270 = CARTESIAN_POINT('',(123.972105,-112.192177,0.));
#2271 = DIRECTION('',(-0.,0.,-1.));
#2272 = DIRECTION('',(-0.,-1.,0.));
#2273 = FACE_BOUND('',#2274,.F.);
#2274 = EDGE_LOOP('',(#2275));
#2275 = ORIENTED_EDGE('',*,*,#2276,.T.);
#2276 = EDGE_CURVE('',#2277,#2277,#2279,.T.);
#2277 = VERTEX_POINT('',#2278);
#2278 = CARTESIAN_POINT('',(127.772105,-113.092177,0.));
#2279 = CIRCLE('',#2280,0.9);
#2280 = AXIS2_PLACEMENT_3D('',#2281,#2282,#2283);
#2281 = CARTESIAN_POINT('',(127.772105,-112.192177,0.));
#2282 = DIRECTION('',(-0.,0.,-1.));
#2283 = DIRECTION('',(-0.,-1.,0.));
#2284 = FACE_BOUND('',#2285,.F.);
#2285 = EDGE_LOOP('',(#2286));
#2286 = ORIENTED_EDGE('',*,*,#2287,.T.);
#2287 = EDGE_CURVE('',#2288,#2288,#2290,.T.);
#2288 = VERTEX_POINT('',#2289);
#2289 = CARTESIAN_POINT('',(130.802105,-113.422177,0.));
#2290 = CIRCLE('',#2291,0.5);
#2291 = AXIS2_PLACEMENT_3D('',#2292,#2293,#2294);
#2292 = CARTESIAN_POINT('',(130.802105,-112.922177,0.));
#2293 = DIRECTION('',(-0.,0.,-1.));
#2294 = DIRECTION('',(-0.,-1.,0.));
#2295 = FACE_BOUND('',#2296,.F.);
#2296 = EDGE_LOOP('',(#2297));
#2297 = ORIENTED_EDGE('',*,*,#2298,.T.);
#2298 = EDGE_CURVE('',#2299,#2299,#2301,.T.);
#2299 = VERTEX_POINT('',#2300);
#2300 = CARTESIAN_POINT('',(133.002105,-113.422177,0.));
#2301 = CIRCLE('',#2302,0.5);
#2302 = AXIS2_PLACEMENT_3D('',#2303,#2304,#2305);
#2303 = CARTESIAN_POINT('',(133.002105,-112.922177,0.));
#2304 = DIRECTION('',(-0.,0.,-1.));
#2305 = DIRECTION('',(-0.,-1.,0.));
#2306 = FACE_BOUND('',#2307,.F.);
#2307 = EDGE_LOOP('',(#2308));
#2308 = ORIENTED_EDGE('',*,*,#2309,.T.);
#2309 = EDGE_CURVE('',#2310,#2310,#2312,.T.);
#2310 = VERTEX_POINT('',#2311);
#2311 = CARTESIAN_POINT('',(135.202105,-113.422177,0.));
#2312 = CIRCLE('',#2313,0.5);
#2313 = AXIS2_PLACEMENT_3D('',#2314,#2315,#2316);
#2314 = CARTESIAN_POINT('',(135.202105,-112.922177,0.));
#2315 = DIRECTION('',(-0.,0.,-1.));
#2316 = DIRECTION('',(-0.,-1.,0.));
#2317 = FACE_BOUND('',#2318,.F.);
#2318 = EDGE_LOOP('',(#2319));
#2319 = ORIENTED_EDGE('',*,*,#2320,.T.);
#2320 = EDGE_CURVE('',#2321,#2321,#2323,.T.);
#2321 = VERTEX_POINT('',#2322);
#2322 = CARTESIAN_POINT('',(137.402105,-113.422177,0.));
#2323 = CIRCLE('',#2324,0.5);
#2324 = AXIS2_PLACEMENT_3D('',#2325,#2326,#2327);
#2325 = CARTESIAN_POINT('',(137.402105,-112.922177,0.));
#2326 = DIRECTION('',(-0.,0.,-1.));
#2327 = DIRECTION('',(-0.,-1.,0.));
#2328 = FACE_BOUND('',#2329,.F.);
#2329 = EDGE_LOOP('',(#2330));
#2330 = ORIENTED_EDGE('',*,*,#2331,.T.);
#2331 = EDGE_CURVE('',#2332,#2332,#2334,.T.);
#2332 = VERTEX_POINT('',#2333);
#2333 = CARTESIAN_POINT('',(139.602105,-113.422177,0.));
#2334 = CIRCLE('',#2335,0.5);
#2335 = AXIS2_PLACEMENT_3D('',#2336,#2337,#2338);
#2336 = CARTESIAN_POINT('',(139.602105,-112.922177,0.));
#2337 = DIRECTION('',(-0.,0.,-1.));
#2338 = DIRECTION('',(-0.,-1.,0.));
#2339 = FACE_BOUND('',#2340,.F.);
#2340 = EDGE_LOOP('',(#2341));
#2341 = ORIENTED_EDGE('',*,*,#2342,.T.);
#2342 = EDGE_CURVE('',#2343,#2343,#2345,.T.);
#2343 = VERTEX_POINT('',#2344);
#2344 = CARTESIAN_POINT('',(141.815379,-110.928903,0.));
#2345 = CIRCLE('',#2346,0.2);
#2346 = AXIS2_PLACEMENT_3D('',#2347,#2348,#2349);
#2347 = CARTESIAN_POINT('',(141.815379,-110.728903,0.));
#2348 = DIRECTION('',(-0.,0.,-1.));
#2349 = DIRECTION('',(-0.,-1.,0.));
#2350 = FACE_BOUND('',#2351,.F.);
#2351 = EDGE_LOOP('',(#2352));
#2352 = ORIENTED_EDGE('',*,*,#2353,.T.);
#2353 = EDGE_CURVE('',#2354,#2354,#2356,.T.);
#2354 = VERTEX_POINT('',#2355);
#2355 = CARTESIAN_POINT('',(142.982105,-111.412177,0.));
#2356 = CIRCLE('',#2357,0.2);
#2357 = AXIS2_PLACEMENT_3D('',#2358,#2359,#2360);
#2358 = CARTESIAN_POINT('',(142.982105,-111.212177,0.));
#2359 = DIRECTION('',(-0.,0.,-1.));
#2360 = DIRECTION('',(-0.,-1.,0.));
#2361 = FACE_BOUND('',#2362,.F.);
#2362 = EDGE_LOOP('',(#2363));
#2363 = ORIENTED_EDGE('',*,*,#2364,.T.);
#2364 = EDGE_CURVE('',#2365,#2365,#2367,.T.);
#2365 = VERTEX_POINT('',#2366);
#2366 = CARTESIAN_POINT('',(144.148831,-110.928903,0.));
#2367 = CIRCLE('',#2368,0.2);
#2368 = AXIS2_PLACEMENT_3D('',#2369,#2370,#2371);
#2369 = CARTESIAN_POINT('',(144.148831,-110.728903,0.));
#2370 = DIRECTION('',(-0.,0.,-1.));
#2371 = DIRECTION('',(-0.,-1.,0.));
#2372 = FACE_BOUND('',#2373,.F.);
#2373 = EDGE_LOOP('',(#2374));
#2374 = ORIENTED_EDGE('',*,*,#2375,.T.);
#2375 = EDGE_CURVE('',#2376,#2376,#2378,.T.);
#2376 = VERTEX_POINT('',#2377);
#2377 = CARTESIAN_POINT('',(141.332105,-109.762177,0.));
#2378 = CIRCLE('',#2379,0.2);
#2379 = AXIS2_PLACEMENT_3D('',#2380,#2381,#2382);
#2380 = CARTESIAN_POINT('',(141.332105,-109.562177,0.));
#2381 = DIRECTION('',(-0.,0.,-1.));
#2382 = DIRECTION('',(-0.,-1.,0.));
#2383 = FACE_BOUND('',#2384,.F.);
#2384 = EDGE_LOOP('',(#2385));
#2385 = ORIENTED_EDGE('',*,*,#2386,.T.);
#2386 = EDGE_CURVE('',#2387,#2387,#2389,.T.);
#2387 = VERTEX_POINT('',#2388);
#2388 = CARTESIAN_POINT('',(142.982105,-110.662177,0.));
#2389 = CIRCLE('',#2390,1.1);
#2390 = AXIS2_PLACEMENT_3D('',#2391,#2392,#2393);
#2391 = CARTESIAN_POINT('',(142.982105,-109.562177,0.));
#2392 = DIRECTION('',(-0.,0.,-1.));
#2393 = DIRECTION('',(-0.,-1.,0.));
#2394 = FACE_BOUND('',#2395,.F.);
#2395 = EDGE_LOOP('',(#2396));
#2396 = ORIENTED_EDGE('',*,*,#2397,.T.);
#2397 = EDGE_CURVE('',#2398,#2398,#2400,.T.);
#2398 = VERTEX_POINT('',#2399);
#2399 = CARTESIAN_POINT('',(144.632105,-109.762177,0.));
#2400 = CIRCLE('',#2401,0.2);
#2401 = AXIS2_PLACEMENT_3D('',#2402,#2403,#2404);
#2402 = CARTESIAN_POINT('',(144.632105,-109.562177,0.));
#2403 = DIRECTION('',(-0.,0.,-1.));
#2404 = DIRECTION('',(-1.42108547152E-13,-1.,0.));
#2405 = FACE_BOUND('',#2406,.F.);
#2406 = EDGE_LOOP('',(#2407));
#2407 = ORIENTED_EDGE('',*,*,#2408,.T.);
#2408 = EDGE_CURVE('',#2409,#2409,#2411,.T.);
#2409 = VERTEX_POINT('',#2410);
#2410 = CARTESIAN_POINT('',(141.815379,-108.595451,0.));
#2411 = CIRCLE('',#2412,0.2);
#2412 = AXIS2_PLACEMENT_3D('',#2413,#2414,#2415);
#2413 = CARTESIAN_POINT('',(141.815379,-108.395451,0.));
#2414 = DIRECTION('',(-0.,0.,-1.));
#2415 = DIRECTION('',(-0.,-1.,0.));
#2416 = FACE_BOUND('',#2417,.F.);
#2417 = EDGE_LOOP('',(#2418));
#2418 = ORIENTED_EDGE('',*,*,#2419,.T.);
#2419 = EDGE_CURVE('',#2420,#2420,#2422,.T.);
#2420 = VERTEX_POINT('',#2421);
#2421 = CARTESIAN_POINT('',(142.982105,-108.112177,0.));
#2422 = CIRCLE('',#2423,0.2);
#2423 = AXIS2_PLACEMENT_3D('',#2424,#2425,#2426);
#2424 = CARTESIAN_POINT('',(142.982105,-107.912177,0.));
#2425 = DIRECTION('',(-0.,0.,-1.));
#2426 = DIRECTION('',(-0.,-1.,0.));
#2427 = FACE_BOUND('',#2428,.F.);
#2428 = EDGE_LOOP('',(#2429));
#2429 = ORIENTED_EDGE('',*,*,#2430,.T.);
#2430 = EDGE_CURVE('',#2431,#2431,#2433,.T.);
#2431 = VERTEX_POINT('',#2432);
#2432 = CARTESIAN_POINT('',(144.148831,-108.595451,0.));
#2433 = CIRCLE('',#2434,0.2);
#2434 = AXIS2_PLACEMENT_3D('',#2435,#2436,#2437);
#2435 = CARTESIAN_POINT('',(144.148831,-108.395451,0.));
#2436 = DIRECTION('',(-0.,0.,-1.));
#2437 = DIRECTION('',(-0.,-1.,0.));
#2438 = FACE_BOUND('',#2439,.F.);
#2439 = EDGE_LOOP('',(#2440));
#2440 = ORIENTED_EDGE('',*,*,#2441,.T.);
#2441 = EDGE_CURVE('',#2442,#2442,#2444,.T.);
#2442 = VERTEX_POINT('',#2443);
#2443 = CARTESIAN_POINT('',(124.622105,-103.832177,0.));
#2444 = CIRCLE('',#2445,0.2);
#2445 = AXIS2_PLACEMENT_3D('',#2446,#2447,#2448);
#2446 = CARTESIAN_POINT('',(124.622105,-103.632177,0.));
#2447 = DIRECTION('',(-0.,0.,-1.));
#2448 = DIRECTION('',(-0.,-1.,0.));
#2449 = FACE_BOUND('',#2450,.F.);
#2450 = EDGE_LOOP('',(#2451));
#2451 = ORIENTED_EDGE('',*,*,#2452,.T.);
#2452 = EDGE_CURVE('',#2453,#2453,#2455,.T.);
#2453 = VERTEX_POINT('',#2454);
#2454 = CARTESIAN_POINT('',(127.552105,-105.637177,0.));
#2455 = CIRCLE('',#2456,0.875);
#2456 = AXIS2_PLACEMENT_3D('',#2457,#2458,#2459);
#2457 = CARTESIAN_POINT('',(127.552105,-104.762177,0.));
#2458 = DIRECTION('',(-0.,0.,-1.));
#2459 = DIRECTION('',(-1.624097681737E-14,-1.,0.));
#2460 = FACE_BOUND('',#2461,.F.);
#2461 = EDGE_LOOP('',(#2462));
#2462 = ORIENTED_EDGE('',*,*,#2463,.T.);
#2463 = EDGE_CURVE('',#2464,#2464,#2466,.T.);
#2464 = VERTEX_POINT('',#2465);
#2465 = CARTESIAN_POINT('',(131.552105,-105.637177,0.));
#2466 = CIRCLE('',#2467,0.875);
#2467 = AXIS2_PLACEMENT_3D('',#2468,#2469,#2470);
#2468 = CARTESIAN_POINT('',(131.552105,-104.762177,0.));
#2469 = DIRECTION('',(-0.,0.,-1.));
#2470 = DIRECTION('',(-0.,-1.,0.));
#2471 = FACE_BOUND('',#2472,.F.);
#2472 = EDGE_LOOP('',(#2473));
#2473 = ORIENTED_EDGE('',*,*,#2474,.T.);
#2474 = EDGE_CURVE('',#2475,#2475,#2477,.T.);
#2475 = VERTEX_POINT('',#2476);
#2476 = CARTESIAN_POINT('',(123.455379,-103.348903,0.));
#2477 = CIRCLE('',#2478,0.2);
#2478 = AXIS2_PLACEMENT_3D('',#2479,#2480,#2481);
#2479 = CARTESIAN_POINT('',(123.455379,-103.148903,0.));
#2480 = DIRECTION('',(-0.,0.,-1.));
#2481 = DIRECTION('',(-0.,-1.,0.));
#2482 = FACE_BOUND('',#2483,.F.);
#2483 = EDGE_LOOP('',(#2484));
#2484 = ORIENTED_EDGE('',*,*,#2485,.T.);
#2485 = EDGE_CURVE('',#2486,#2486,#2488,.T.);
#2486 = VERTEX_POINT('',#2487);
#2487 = CARTESIAN_POINT('',(122.972105,-102.182177,0.));
#2488 = CIRCLE('',#2489,0.2);
#2489 = AXIS2_PLACEMENT_3D('',#2490,#2491,#2492);
#2490 = CARTESIAN_POINT('',(122.972105,-101.982177,0.));
#2491 = DIRECTION('',(-0.,0.,-1.));
#2492 = DIRECTION('',(-0.,-1.,0.));
#2493 = FACE_BOUND('',#2494,.F.);
#2494 = EDGE_LOOP('',(#2495));
#2495 = ORIENTED_EDGE('',*,*,#2496,.T.);
#2496 = EDGE_CURVE('',#2497,#2497,#2499,.T.);
#2497 = VERTEX_POINT('',#2498);
#2498 = CARTESIAN_POINT('',(124.622105,-103.082177,0.));
#2499 = CIRCLE('',#2500,1.1);
#2500 = AXIS2_PLACEMENT_3D('',#2501,#2502,#2503);
#2501 = CARTESIAN_POINT('',(124.622105,-101.982177,0.));
#2502 = DIRECTION('',(-0.,0.,-1.));
#2503 = DIRECTION('',(-0.,-1.,0.));
#2504 = FACE_BOUND('',#2505,.F.);
#2505 = EDGE_LOOP('',(#2506));
#2506 = ORIENTED_EDGE('',*,*,#2507,.T.);
#2507 = EDGE_CURVE('',#2508,#2508,#2510,.T.);
#2508 = VERTEX_POINT('',#2509);
#2509 = CARTESIAN_POINT('',(125.788831,-103.348903,0.));
#2510 = CIRCLE('',#2511,0.2);
#2511 = AXIS2_PLACEMENT_3D('',#2512,#2513,#2514);
#2512 = CARTESIAN_POINT('',(125.788831,-103.148903,0.));
#2513 = DIRECTION('',(-0.,0.,-1.));
#2514 = DIRECTION('',(-0.,-1.,0.));
#2515 = FACE_BOUND('',#2516,.F.);
#2516 = EDGE_LOOP('',(#2517));
#2517 = ORIENTED_EDGE('',*,*,#2518,.T.);
#2518 = EDGE_CURVE('',#2519,#2519,#2521,.T.);
#2519 = VERTEX_POINT('',#2520);
#2520 = CARTESIAN_POINT('',(126.272105,-102.182177,0.));
#2521 = CIRCLE('',#2522,0.2);
#2522 = AXIS2_PLACEMENT_3D('',#2523,#2524,#2525);
#2523 = CARTESIAN_POINT('',(126.272105,-101.982177,0.));
#2524 = DIRECTION('',(-0.,0.,-1.));
#2525 = DIRECTION('',(-0.,-1.,0.));
#2526 = FACE_BOUND('',#2527,.F.);
#2527 = EDGE_LOOP('',(#2528));
#2528 = ORIENTED_EDGE('',*,*,#2529,.T.);
#2529 = EDGE_CURVE('',#2530,#2530,#2532,.T.);
#2530 = VERTEX_POINT('',#2531);
#2531 = CARTESIAN_POINT('',(123.455379,-101.015451,0.));
#2532 = CIRCLE('',#2533,0.2);
#2533 = AXIS2_PLACEMENT_3D('',#2534,#2535,#2536);
#2534 = CARTESIAN_POINT('',(123.455379,-100.815451,0.));
#2535 = DIRECTION('',(-0.,0.,-1.));
#2536 = DIRECTION('',(-0.,-1.,0.));
#2537 = FACE_BOUND('',#2538,.F.);
#2538 = EDGE_LOOP('',(#2539));
#2539 = ORIENTED_EDGE('',*,*,#2540,.T.);
#2540 = EDGE_CURVE('',#2541,#2541,#2543,.T.);
#2541 = VERTEX_POINT('',#2542);
#2542 = CARTESIAN_POINT('',(124.622105,-100.532177,0.));
#2543 = CIRCLE('',#2544,0.2);
#2544 = AXIS2_PLACEMENT_3D('',#2545,#2546,#2547);
#2545 = CARTESIAN_POINT('',(124.622105,-100.332177,0.));
#2546 = DIRECTION('',(-0.,0.,-1.));
#2547 = DIRECTION('',(-0.,-1.,0.));
#2548 = FACE_BOUND('',#2549,.F.);
#2549 = EDGE_LOOP('',(#2550));
#2550 = ORIENTED_EDGE('',*,*,#2551,.T.);
#2551 = EDGE_CURVE('',#2552,#2552,#2554,.T.);
#2552 = VERTEX_POINT('',#2553);
#2553 = CARTESIAN_POINT('',(125.788831,-101.015451,0.));
#2554 = CIRCLE('',#2555,0.2);
#2555 = AXIS2_PLACEMENT_3D('',#2556,#2557,#2558);
#2556 = CARTESIAN_POINT('',(125.788831,-100.815451,0.));
#2557 = DIRECTION('',(-0.,0.,-1.));
#2558 = DIRECTION('',(-0.,-1.,0.));
#2559 = FACE_BOUND('',#2560,.F.);
#2560 = EDGE_LOOP('',(#2561));
#2561 = ORIENTED_EDGE('',*,*,#2562,.T.);
#2562 = EDGE_CURVE('',#2563,#2563,#2565,.T.);
#2563 = VERTEX_POINT('',#2564);
#2564 = CARTESIAN_POINT('',(129.552105,-102.837177,0.));
#2565 = CIRCLE('',#2566,0.875);
#2566 = AXIS2_PLACEMENT_3D('',#2567,#2568,#2569);
#2567 = CARTESIAN_POINT('',(129.552105,-101.962177,0.));
#2568 = DIRECTION('',(-0.,0.,-1.));
#2569 = DIRECTION('',(-0.,-1.,0.));
#2570 = FACE_BOUND('',#2571,.F.);
#2571 = EDGE_LOOP('',(#2572));
#2572 = ORIENTED_EDGE('',*,*,#2573,.T.);
#2573 = EDGE_CURVE('',#2574,#2574,#2576,.T.);
#2574 = VERTEX_POINT('',#2575);
#2575 = CARTESIAN_POINT('',(133.552105,-102.837177,0.));
#2576 = CIRCLE('',#2577,0.875);
#2577 = AXIS2_PLACEMENT_3D('',#2578,#2579,#2580);
#2578 = CARTESIAN_POINT('',(133.552105,-101.962177,0.));
#2579 = DIRECTION('',(-0.,0.,-1.));
#2580 = DIRECTION('',(-0.,-1.,0.));
#2581 = FACE_BOUND('',#2582,.F.);
#2582 = EDGE_LOOP('',(#2583));
#2583 = ORIENTED_EDGE('',*,*,#2584,.T.);
#2584 = EDGE_CURVE('',#2585,#2585,#2587,.T.);
#2585 = VERTEX_POINT('',#2586);
#2586 = CARTESIAN_POINT('',(135.552105,-105.637177,0.));
#2587 = CIRCLE('',#2588,0.875);
#2588 = AXIS2_PLACEMENT_3D('',#2589,#2590,#2591);
#2589 = CARTESIAN_POINT('',(135.552105,-104.762177,0.));
#2590 = DIRECTION('',(-0.,0.,-1.));
#2591 = DIRECTION('',(-0.,-1.,0.));
#2592 = FACE_BOUND('',#2593,.F.);
#2593 = EDGE_LOOP('',(#2594));
#2594 = ORIENTED_EDGE('',*,*,#2595,.T.);
#2595 = EDGE_CURVE('',#2596,#2596,#2598,.T.);
#2596 = VERTEX_POINT('',#2597);
#2597 = CARTESIAN_POINT('',(139.552105,-105.637177,0.));
#2598 = CIRCLE('',#2599,0.875);
#2599 = AXIS2_PLACEMENT_3D('',#2600,#2601,#2602);
#2600 = CARTESIAN_POINT('',(139.552105,-104.762177,0.));
#2601 = DIRECTION('',(-0.,0.,-1.));
#2602 = DIRECTION('',(-0.,-1.,0.));
#2603 = FACE_BOUND('',#2604,.F.);
#2604 = EDGE_LOOP('',(#2605));
#2605 = ORIENTED_EDGE('',*,*,#2606,.T.);
#2606 = EDGE_CURVE('',#2607,#2607,#2609,.T.);
#2607 = VERTEX_POINT('',#2608);
#2608 = CARTESIAN_POINT('',(137.552105,-102.837177,0.));
#2609 = CIRCLE('',#2610,0.875);
#2610 = AXIS2_PLACEMENT_3D('',#2611,#2612,#2613);
#2611 = CARTESIAN_POINT('',(137.552105,-101.962177,0.));
#2612 = DIRECTION('',(-0.,0.,-1.));
#2613 = DIRECTION('',(-0.,-1.,0.));
#2614 = PLANE('',#2615);
#2615 = AXIS2_PLACEMENT_3D('',#2616,#2617,#2618);
#2616 = CARTESIAN_POINT('',(0.,0.,0.));
#2617 = DIRECTION('',(0.,0.,1.));
#2618 = DIRECTION('',(1.,0.,-0.));
#2619 = ADVANCED_FACE('',(#2620,#2767,#2778,#2789,#2800,#2811,#2822,
    #2833,#2844,#2855,#2866,#2877,#2888,#2899,#2910,#2921,#2932,#2943,
    #2954,#2965,#2976,#2987,#2998,#3009,#3020,#3031,#3042,#3053,#3064,
    #3075,#3086,#3097,#3108),#3119,.T.);
#2620 = FACE_BOUND('',#2621,.T.);
#2621 = EDGE_LOOP('',(#2622,#2623,#2624,#2633,#2641,#2649,#2658,#2666,
    #2675,#2683,#2692,#2700,#2709,#2717,#2725,#2734,#2742,#2751,#2759,
    #2766));
#2622 = ORIENTED_EDGE('',*,*,#2024,.F.);
#2623 = ORIENTED_EDGE('',*,*,#2066,.F.);
#2624 = ORIENTED_EDGE('',*,*,#2625,.F.);
#2625 = EDGE_CURVE('',#2626,#2059,#2628,.T.);
#2626 = VERTEX_POINT('',#2627);
#2627 = CARTESIAN_POINT('',(123.471483,-104.510988,0.91));
#2628 = CIRCLE('',#2629,2.800000706897);
#2629 = AXIS2_PLACEMENT_3D('',#2630,#2631,#2632);
#2630 = CARTESIAN_POINT('',(124.63060769061,-101.9621777068,0.91));
#2631 = DIRECTION('',(0.,0.,-1.));
#2632 = DIRECTION('',(-0.413972999278,-0.91028916058,-0.));
#2633 = ORIENTED_EDGE('',*,*,#2634,.F.);
#2634 = EDGE_CURVE('',#2635,#2626,#2637,.T.);
#2635 = VERTEX_POINT('',#2636);
#2636 = CARTESIAN_POINT('',(124.841443,-105.128973,0.91));
#2637 = LINE('',#2638,#2639);
#2638 = CARTESIAN_POINT('',(124.841443,-105.128973,0.91));
#2639 = VECTOR('',#2640,1.);
#2640 = DIRECTION('',(-0.911546879631,0.41119616515,0.));
#2641 = ORIENTED_EDGE('',*,*,#2642,.F.);
#2642 = EDGE_CURVE('',#2643,#2635,#2645,.T.);
#2643 = VERTEX_POINT('',#2644);
#2644 = CARTESIAN_POINT('',(124.841436,-105.128988,0.91));
#2645 = LINE('',#2646,#2647);
#2646 = CARTESIAN_POINT('',(124.841436,-105.128988,0.91));
#2647 = VECTOR('',#2648,1.);
#2648 = DIRECTION('',(0.422885465049,0.906183140127,0.));
#2649 = ORIENTED_EDGE('',*,*,#2650,.F.);
#2650 = EDGE_CURVE('',#2651,#2643,#2653,.T.);
#2651 = VERTEX_POINT('',#2652);
#2652 = CARTESIAN_POINT('',(123.834005,-109.812277,0.91));
#2653 = CIRCLE('',#2654,2.449999807773);
#2654 = AXIS2_PLACEMENT_3D('',#2655,#2656,#2657);
#2655 = CARTESIAN_POINT('',(123.8340043934,-107.3622771922,0.91));
#2656 = DIRECTION('',(0.,-0.,1.));
#2657 = DIRECTION('',(2.475901147905E-07,-1.,-0.));
#2658 = ORIENTED_EDGE('',*,*,#2659,.F.);
#2659 = EDGE_CURVE('',#2660,#2651,#2662,.T.);
#2660 = VERTEX_POINT('',#2661);
#2661 = CARTESIAN_POINT('',(122.630605,-109.812277,0.91));
#2662 = LINE('',#2663,#2664);
#2663 = CARTESIAN_POINT('',(122.630605,-109.812277,0.91));
#2664 = VECTOR('',#2665,1.);
#2665 = DIRECTION('',(1.,0.,0.));
#2666 = ORIENTED_EDGE('',*,*,#2667,.F.);
#2667 = EDGE_CURVE('',#2668,#2660,#2670,.T.);
#2668 = VERTEX_POINT('',#2669);
#2669 = CARTESIAN_POINT('',(121.830636,-110.612277,0.91));
#2670 = CIRCLE('',#2671,0.799948533498);
#2671 = AXIS2_PLACEMENT_3D('',#2672,#2673,#2674);
#2672 = CARTESIAN_POINT('',(122.63058453184,-110.6122255332,0.91));
#2673 = DIRECTION('',(0.,0.,-1.));
#2674 = DIRECTION('',(-0.99999999793,-6.433759397526E-05,-0.));
#2675 = ORIENTED_EDGE('',*,*,#2676,.F.);
#2676 = EDGE_CURVE('',#2677,#2668,#2679,.T.);
#2677 = VERTEX_POINT('',#2678);
#2678 = CARTESIAN_POINT('',(121.830636,-113.762077,0.91));
#2679 = LINE('',#2680,#2681);
#2680 = CARTESIAN_POINT('',(121.830636,-113.762077,0.91));
#2681 = VECTOR('',#2682,1.);
#2682 = DIRECTION('',(0.,1.,0.));
#2683 = ORIENTED_EDGE('',*,*,#2684,.F.);
#2684 = EDGE_CURVE('',#2685,#2677,#2687,.T.);
#2685 = VERTEX_POINT('',#2686);
#2686 = CARTESIAN_POINT('',(122.641212,-114.562177,0.91));
#2687 = CIRCLE('',#2688,0.800075015758);
#2688 = AXIS2_PLACEMENT_3D('',#2689,#2690,#2691);
#2689 = CARTESIAN_POINT('',(122.63071101024,-113.7621708999,0.91));
#2690 = DIRECTION('',(0.,0.,-1.));
#2691 = DIRECTION('',(1.312500646291E-02,-0.999913863393,0.));
#2692 = ORIENTED_EDGE('',*,*,#2693,.F.);
#2693 = EDGE_CURVE('',#2694,#2685,#2696,.T.);
#2694 = VERTEX_POINT('',#2695);
#2695 = CARTESIAN_POINT('',(140.552105,-114.562177,0.91));
#2696 = LINE('',#2697,#2698);
#2697 = CARTESIAN_POINT('',(140.552105,-114.562177,0.91));
#2698 = VECTOR('',#2699,1.);
#2699 = DIRECTION('',(-1.,0.,0.));
#2700 = ORIENTED_EDGE('',*,*,#2701,.F.);
#2701 = EDGE_CURVE('',#2702,#2694,#2704,.T.);
#2702 = VERTEX_POINT('',#2703);
#2703 = CARTESIAN_POINT('',(141.352094,-113.766176,0.91));
#2704 = CIRCLE('',#2705,0.799997095442);
#2705 = AXIS2_PLACEMENT_3D('',#2706,#2707,#2708);
#2706 = CARTESIAN_POINT('',(140.55210688514,-113.7621799045,0.91));
#2707 = DIRECTION('',(0.,0.,-1.));
#2708 = DIRECTION('',(0.999987524223,-4.995137435109E-03,0.));
#2709 = ORIENTED_EDGE('',*,*,#2710,.F.);
#2710 = EDGE_CURVE('',#2711,#2702,#2713,.T.);
#2711 = VERTEX_POINT('',#2712);
#2712 = CARTESIAN_POINT('',(141.352094,-113.162177,0.91));
#2713 = LINE('',#2714,#2715);
#2714 = CARTESIAN_POINT('',(141.352094,-113.162177,0.91));
#2715 = VECTOR('',#2716,1.);
#2716 = DIRECTION('',(0.,-1.,0.));
#2717 = ORIENTED_EDGE('',*,*,#2718,.F.);
#2718 = EDGE_CURVE('',#2719,#2711,#2721,.T.);
#2719 = VERTEX_POINT('',#2720);
#2720 = CARTESIAN_POINT('',(141.352105,-113.162177,0.91));
#2721 = LINE('',#2722,#2723);
#2722 = CARTESIAN_POINT('',(141.352105,-113.162177,0.91));
#2723 = VECTOR('',#2724,1.);
#2724 = DIRECTION('',(-1.,0.,0.));
#2725 = ORIENTED_EDGE('',*,*,#2726,.F.);
#2726 = EDGE_CURVE('',#2727,#2719,#2729,.T.);
#2727 = VERTEX_POINT('',#2728);
#2728 = CARTESIAN_POINT('',(142.152105,-112.362177,0.91));
#2729 = CIRCLE('',#2730,0.800001450872);
#2730 = AXIS2_PLACEMENT_3D('',#2731,#2732,#2733);
#2731 = CARTESIAN_POINT('',(142.15210645087,-113.1621784508,0.91));
#2732 = DIRECTION('',(0.,0.,1.));
#2733 = DIRECTION('',(-1.813584959368E-06,0.999999999998,0.));
#2734 = ORIENTED_EDGE('',*,*,#2735,.F.);
#2735 = EDGE_CURVE('',#2736,#2727,#2738,.T.);
#2736 = VERTEX_POINT('',#2737);
#2737 = CARTESIAN_POINT('',(143.005505,-112.362177,0.91));
#2738 = LINE('',#2739,#2740);
#2739 = CARTESIAN_POINT('',(143.005505,-112.362177,0.91));
#2740 = VECTOR('',#2741,1.);
#2741 = DIRECTION('',(-1.,0.,0.));
#2742 = ORIENTED_EDGE('',*,*,#2743,.F.);
#2743 = EDGE_CURVE('',#2744,#2736,#2746,.T.);
#2744 = VERTEX_POINT('',#2745);
#2745 = CARTESIAN_POINT('',(144.156856,-107.009848,0.91));
#2746 = CIRCLE('',#2747,2.799998950257);
#2747 = AXIS2_PLACEMENT_3D('',#2748,#2749,#2750);
#2748 = CARTESIAN_POINT('',(143.00550660098,-109.5621780497,0.91));
#2749 = DIRECTION('',(0.,0.,-1.));
#2750 = DIRECTION('',(0.411196368096,0.911546788083,0.));
#2751 = ORIENTED_EDGE('',*,*,#2752,.F.);
#2752 = EDGE_CURVE('',#2753,#2744,#2755,.T.);
#2753 = VERTEX_POINT('',#2754);
#2754 = CARTESIAN_POINT('',(142.788965,-106.392795,0.91));
#2755 = LINE('',#2756,#2757);
#2756 = CARTESIAN_POINT('',(142.788965,-106.392795,0.91));
#2757 = VECTOR('',#2758,1.);
#2758 = DIRECTION('',(0.911546549942,-0.411196896011,0.));
#2759 = ORIENTED_EDGE('',*,*,#2760,.F.);
#2760 = EDGE_CURVE('',#2089,#2753,#2761,.T.);
#2761 = CIRCLE('',#2762,2.450014265449);
#2762 = AXIS2_PLACEMENT_3D('',#2763,#2764,#2765);
#2763 = CARTESIAN_POINT('',(143.80210826544,-104.1620752451,0.91));
#2764 = DIRECTION('',(0.,0.,1.));
#2765 = DIRECTION('',(-1.,-7.162522743388E-07,0.));
#2766 = ORIENTED_EDGE('',*,*,#2088,.F.);
#2767 = FACE_BOUND('',#2768,.T.);
#2768 = EDGE_LOOP('',(#2769));
#2769 = ORIENTED_EDGE('',*,*,#2770,.T.);
#2770 = EDGE_CURVE('',#2771,#2771,#2773,.T.);
#2771 = VERTEX_POINT('',#2772);
#2772 = CARTESIAN_POINT('',(123.972105,-113.092177,0.91));
#2773 = CIRCLE('',#2774,0.9);
#2774 = AXIS2_PLACEMENT_3D('',#2775,#2776,#2777);
#2775 = CARTESIAN_POINT('',(123.972105,-112.192177,0.91));
#2776 = DIRECTION('',(-0.,0.,-1.));
#2777 = DIRECTION('',(-0.,-1.,0.));
#2778 = FACE_BOUND('',#2779,.T.);
#2779 = EDGE_LOOP('',(#2780));
#2780 = ORIENTED_EDGE('',*,*,#2781,.T.);
#2781 = EDGE_CURVE('',#2782,#2782,#2784,.T.);
#2782 = VERTEX_POINT('',#2783);
#2783 = CARTESIAN_POINT('',(127.772105,-113.092177,0.91));
#2784 = CIRCLE('',#2785,0.9);
#2785 = AXIS2_PLACEMENT_3D('',#2786,#2787,#2788);
#2786 = CARTESIAN_POINT('',(127.772105,-112.192177,0.91));
#2787 = DIRECTION('',(-0.,0.,-1.));
#2788 = DIRECTION('',(-0.,-1.,0.));
#2789 = FACE_BOUND('',#2790,.T.);
#2790 = EDGE_LOOP('',(#2791));
#2791 = ORIENTED_EDGE('',*,*,#2792,.T.);
#2792 = EDGE_CURVE('',#2793,#2793,#2795,.T.);
#2793 = VERTEX_POINT('',#2794);
#2794 = CARTESIAN_POINT('',(130.802105,-113.422177,0.91));
#2795 = CIRCLE('',#2796,0.5);
#2796 = AXIS2_PLACEMENT_3D('',#2797,#2798,#2799);
#2797 = CARTESIAN_POINT('',(130.802105,-112.922177,0.91));
#2798 = DIRECTION('',(-0.,0.,-1.));
#2799 = DIRECTION('',(-0.,-1.,0.));
#2800 = FACE_BOUND('',#2801,.T.);
#2801 = EDGE_LOOP('',(#2802));
#2802 = ORIENTED_EDGE('',*,*,#2803,.T.);
#2803 = EDGE_CURVE('',#2804,#2804,#2806,.T.);
#2804 = VERTEX_POINT('',#2805);
#2805 = CARTESIAN_POINT('',(133.002105,-113.422177,0.91));
#2806 = CIRCLE('',#2807,0.5);
#2807 = AXIS2_PLACEMENT_3D('',#2808,#2809,#2810);
#2808 = CARTESIAN_POINT('',(133.002105,-112.922177,0.91));
#2809 = DIRECTION('',(-0.,0.,-1.));
#2810 = DIRECTION('',(-0.,-1.,0.));
#2811 = FACE_BOUND('',#2812,.T.);
#2812 = EDGE_LOOP('',(#2813));
#2813 = ORIENTED_EDGE('',*,*,#2814,.T.);
#2814 = EDGE_CURVE('',#2815,#2815,#2817,.T.);
#2815 = VERTEX_POINT('',#2816);
#2816 = CARTESIAN_POINT('',(135.202105,-113.422177,0.91));
#2817 = CIRCLE('',#2818,0.5);
#2818 = AXIS2_PLACEMENT_3D('',#2819,#2820,#2821);
#2819 = CARTESIAN_POINT('',(135.202105,-112.922177,0.91));
#2820 = DIRECTION('',(-0.,0.,-1.));
#2821 = DIRECTION('',(-0.,-1.,0.));
#2822 = FACE_BOUND('',#2823,.T.);
#2823 = EDGE_LOOP('',(#2824));
#2824 = ORIENTED_EDGE('',*,*,#2825,.T.);
#2825 = EDGE_CURVE('',#2826,#2826,#2828,.T.);
#2826 = VERTEX_POINT('',#2827);
#2827 = CARTESIAN_POINT('',(137.402105,-113.422177,0.91));
#2828 = CIRCLE('',#2829,0.5);
#2829 = AXIS2_PLACEMENT_3D('',#2830,#2831,#2832);
#2830 = CARTESIAN_POINT('',(137.402105,-112.922177,0.91));
#2831 = DIRECTION('',(-0.,0.,-1.));
#2832 = DIRECTION('',(-0.,-1.,0.));
#2833 = FACE_BOUND('',#2834,.T.);
#2834 = EDGE_LOOP('',(#2835));
#2835 = ORIENTED_EDGE('',*,*,#2836,.T.);
#2836 = EDGE_CURVE('',#2837,#2837,#2839,.T.);
#2837 = VERTEX_POINT('',#2838);
#2838 = CARTESIAN_POINT('',(139.602105,-113.422177,0.91));
#2839 = CIRCLE('',#2840,0.5);
#2840 = AXIS2_PLACEMENT_3D('',#2841,#2842,#2843);
#2841 = CARTESIAN_POINT('',(139.602105,-112.922177,0.91));
#2842 = DIRECTION('',(-0.,0.,-1.));
#2843 = DIRECTION('',(-0.,-1.,0.));
#2844 = FACE_BOUND('',#2845,.T.);
#2845 = EDGE_LOOP('',(#2846));
#2846 = ORIENTED_EDGE('',*,*,#2847,.T.);
#2847 = EDGE_CURVE('',#2848,#2848,#2850,.T.);
#2848 = VERTEX_POINT('',#2849);
#2849 = CARTESIAN_POINT('',(141.815379,-110.928903,0.91));
#2850 = CIRCLE('',#2851,0.2);
#2851 = AXIS2_PLACEMENT_3D('',#2852,#2853,#2854);
#2852 = CARTESIAN_POINT('',(141.815379,-110.728903,0.91));
#2853 = DIRECTION('',(-0.,0.,-1.));
#2854 = DIRECTION('',(-0.,-1.,0.));
#2855 = FACE_BOUND('',#2856,.T.);
#2856 = EDGE_LOOP('',(#2857));
#2857 = ORIENTED_EDGE('',*,*,#2858,.T.);
#2858 = EDGE_CURVE('',#2859,#2859,#2861,.T.);
#2859 = VERTEX_POINT('',#2860);
#2860 = CARTESIAN_POINT('',(142.982105,-111.412177,0.91));
#2861 = CIRCLE('',#2862,0.2);
#2862 = AXIS2_PLACEMENT_3D('',#2863,#2864,#2865);
#2863 = CARTESIAN_POINT('',(142.982105,-111.212177,0.91));
#2864 = DIRECTION('',(-0.,0.,-1.));
#2865 = DIRECTION('',(-0.,-1.,0.));
#2866 = FACE_BOUND('',#2867,.T.);
#2867 = EDGE_LOOP('',(#2868));
#2868 = ORIENTED_EDGE('',*,*,#2869,.T.);
#2869 = EDGE_CURVE('',#2870,#2870,#2872,.T.);
#2870 = VERTEX_POINT('',#2871);
#2871 = CARTESIAN_POINT('',(144.148831,-110.928903,0.91));
#2872 = CIRCLE('',#2873,0.2);
#2873 = AXIS2_PLACEMENT_3D('',#2874,#2875,#2876);
#2874 = CARTESIAN_POINT('',(144.148831,-110.728903,0.91));
#2875 = DIRECTION('',(-0.,0.,-1.));
#2876 = DIRECTION('',(-0.,-1.,0.));
#2877 = FACE_BOUND('',#2878,.T.);
#2878 = EDGE_LOOP('',(#2879));
#2879 = ORIENTED_EDGE('',*,*,#2880,.T.);
#2880 = EDGE_CURVE('',#2881,#2881,#2883,.T.);
#2881 = VERTEX_POINT('',#2882);
#2882 = CARTESIAN_POINT('',(141.332105,-109.762177,0.91));
#2883 = CIRCLE('',#2884,0.2);
#2884 = AXIS2_PLACEMENT_3D('',#2885,#2886,#2887);
#2885 = CARTESIAN_POINT('',(141.332105,-109.562177,0.91));
#2886 = DIRECTION('',(-0.,0.,-1.));
#2887 = DIRECTION('',(-0.,-1.,0.));
#2888 = FACE_BOUND('',#2889,.T.);
#2889 = EDGE_LOOP('',(#2890));
#2890 = ORIENTED_EDGE('',*,*,#2891,.T.);
#2891 = EDGE_CURVE('',#2892,#2892,#2894,.T.);
#2892 = VERTEX_POINT('',#2893);
#2893 = CARTESIAN_POINT('',(142.982105,-110.662177,0.91));
#2894 = CIRCLE('',#2895,1.1);
#2895 = AXIS2_PLACEMENT_3D('',#2896,#2897,#2898);
#2896 = CARTESIAN_POINT('',(142.982105,-109.562177,0.91));
#2897 = DIRECTION('',(-0.,0.,-1.));
#2898 = DIRECTION('',(-0.,-1.,0.));
#2899 = FACE_BOUND('',#2900,.T.);
#2900 = EDGE_LOOP('',(#2901));
#2901 = ORIENTED_EDGE('',*,*,#2902,.T.);
#2902 = EDGE_CURVE('',#2903,#2903,#2905,.T.);
#2903 = VERTEX_POINT('',#2904);
#2904 = CARTESIAN_POINT('',(144.632105,-109.762177,0.91));
#2905 = CIRCLE('',#2906,0.2);
#2906 = AXIS2_PLACEMENT_3D('',#2907,#2908,#2909);
#2907 = CARTESIAN_POINT('',(144.632105,-109.562177,0.91));
#2908 = DIRECTION('',(-0.,0.,-1.));
#2909 = DIRECTION('',(-1.42108547152E-13,-1.,0.));
#2910 = FACE_BOUND('',#2911,.T.);
#2911 = EDGE_LOOP('',(#2912));
#2912 = ORIENTED_EDGE('',*,*,#2913,.T.);
#2913 = EDGE_CURVE('',#2914,#2914,#2916,.T.);
#2914 = VERTEX_POINT('',#2915);
#2915 = CARTESIAN_POINT('',(141.815379,-108.595451,0.91));
#2916 = CIRCLE('',#2917,0.2);
#2917 = AXIS2_PLACEMENT_3D('',#2918,#2919,#2920);
#2918 = CARTESIAN_POINT('',(141.815379,-108.395451,0.91));
#2919 = DIRECTION('',(-0.,0.,-1.));
#2920 = DIRECTION('',(-0.,-1.,0.));
#2921 = FACE_BOUND('',#2922,.T.);
#2922 = EDGE_LOOP('',(#2923));
#2923 = ORIENTED_EDGE('',*,*,#2924,.T.);
#2924 = EDGE_CURVE('',#2925,#2925,#2927,.T.);
#2925 = VERTEX_POINT('',#2926);
#2926 = CARTESIAN_POINT('',(142.982105,-108.112177,0.91));
#2927 = CIRCLE('',#2928,0.2);
#2928 = AXIS2_PLACEMENT_3D('',#2929,#2930,#2931);
#2929 = CARTESIAN_POINT('',(142.982105,-107.912177,0.91));
#2930 = DIRECTION('',(-0.,0.,-1.));
#2931 = DIRECTION('',(-0.,-1.,0.));
#2932 = FACE_BOUND('',#2933,.T.);
#2933 = EDGE_LOOP('',(#2934));
#2934 = ORIENTED_EDGE('',*,*,#2935,.T.);
#2935 = EDGE_CURVE('',#2936,#2936,#2938,.T.);
#2936 = VERTEX_POINT('',#2937);
#2937 = CARTESIAN_POINT('',(144.148831,-108.595451,0.91));
#2938 = CIRCLE('',#2939,0.2);
#2939 = AXIS2_PLACEMENT_3D('',#2940,#2941,#2942);
#2940 = CARTESIAN_POINT('',(144.148831,-108.395451,0.91));
#2941 = DIRECTION('',(-0.,0.,-1.));
#2942 = DIRECTION('',(-0.,-1.,0.));
#2943 = FACE_BOUND('',#2944,.T.);
#2944 = EDGE_LOOP('',(#2945));
#2945 = ORIENTED_EDGE('',*,*,#2946,.T.);
#2946 = EDGE_CURVE('',#2947,#2947,#2949,.T.);
#2947 = VERTEX_POINT('',#2948);
#2948 = CARTESIAN_POINT('',(124.622105,-103.832177,0.91));
#2949 = CIRCLE('',#2950,0.2);
#2950 = AXIS2_PLACEMENT_3D('',#2951,#2952,#2953);
#2951 = CARTESIAN_POINT('',(124.622105,-103.632177,0.91));
#2952 = DIRECTION('',(-0.,0.,-1.));
#2953 = DIRECTION('',(-0.,-1.,0.));
#2954 = FACE_BOUND('',#2955,.T.);
#2955 = EDGE_LOOP('',(#2956));
#2956 = ORIENTED_EDGE('',*,*,#2957,.T.);
#2957 = EDGE_CURVE('',#2958,#2958,#2960,.T.);
#2958 = VERTEX_POINT('',#2959);
#2959 = CARTESIAN_POINT('',(127.552105,-105.637177,0.91));
#2960 = CIRCLE('',#2961,0.875);
#2961 = AXIS2_PLACEMENT_3D('',#2962,#2963,#2964);
#2962 = CARTESIAN_POINT('',(127.552105,-104.762177,0.91));
#2963 = DIRECTION('',(-0.,0.,-1.));
#2964 = DIRECTION('',(-1.624097681737E-14,-1.,0.));
#2965 = FACE_BOUND('',#2966,.T.);
#2966 = EDGE_LOOP('',(#2967));
#2967 = ORIENTED_EDGE('',*,*,#2968,.T.);
#2968 = EDGE_CURVE('',#2969,#2969,#2971,.T.);
#2969 = VERTEX_POINT('',#2970);
#2970 = CARTESIAN_POINT('',(131.552105,-105.637177,0.91));
#2971 = CIRCLE('',#2972,0.875);
#2972 = AXIS2_PLACEMENT_3D('',#2973,#2974,#2975);
#2973 = CARTESIAN_POINT('',(131.552105,-104.762177,0.91));
#2974 = DIRECTION('',(-0.,0.,-1.));
#2975 = DIRECTION('',(-0.,-1.,0.));
#2976 = FACE_BOUND('',#2977,.T.);
#2977 = EDGE_LOOP('',(#2978));
#2978 = ORIENTED_EDGE('',*,*,#2979,.T.);
#2979 = EDGE_CURVE('',#2980,#2980,#2982,.T.);
#2980 = VERTEX_POINT('',#2981);
#2981 = CARTESIAN_POINT('',(123.455379,-103.348903,0.91));
#2982 = CIRCLE('',#2983,0.2);
#2983 = AXIS2_PLACEMENT_3D('',#2984,#2985,#2986);
#2984 = CARTESIAN_POINT('',(123.455379,-103.148903,0.91));
#2985 = DIRECTION('',(-0.,0.,-1.));
#2986 = DIRECTION('',(-0.,-1.,0.));
#2987 = FACE_BOUND('',#2988,.T.);
#2988 = EDGE_LOOP('',(#2989));
#2989 = ORIENTED_EDGE('',*,*,#2990,.T.);
#2990 = EDGE_CURVE('',#2991,#2991,#2993,.T.);
#2991 = VERTEX_POINT('',#2992);
#2992 = CARTESIAN_POINT('',(122.972105,-102.182177,0.91));
#2993 = CIRCLE('',#2994,0.2);
#2994 = AXIS2_PLACEMENT_3D('',#2995,#2996,#2997);
#2995 = CARTESIAN_POINT('',(122.972105,-101.982177,0.91));
#2996 = DIRECTION('',(-0.,0.,-1.));
#2997 = DIRECTION('',(-0.,-1.,0.));
#2998 = FACE_BOUND('',#2999,.T.);
#2999 = EDGE_LOOP('',(#3000));
#3000 = ORIENTED_EDGE('',*,*,#3001,.T.);
#3001 = EDGE_CURVE('',#3002,#3002,#3004,.T.);
#3002 = VERTEX_POINT('',#3003);
#3003 = CARTESIAN_POINT('',(124.622105,-103.082177,0.91));
#3004 = CIRCLE('',#3005,1.1);
#3005 = AXIS2_PLACEMENT_3D('',#3006,#3007,#3008);
#3006 = CARTESIAN_POINT('',(124.622105,-101.982177,0.91));
#3007 = DIRECTION('',(-0.,0.,-1.));
#3008 = DIRECTION('',(-0.,-1.,0.));
#3009 = FACE_BOUND('',#3010,.T.);
#3010 = EDGE_LOOP('',(#3011));
#3011 = ORIENTED_EDGE('',*,*,#3012,.T.);
#3012 = EDGE_CURVE('',#3013,#3013,#3015,.T.);
#3013 = VERTEX_POINT('',#3014);
#3014 = CARTESIAN_POINT('',(125.788831,-103.348903,0.91));
#3015 = CIRCLE('',#3016,0.2);
#3016 = AXIS2_PLACEMENT_3D('',#3017,#3018,#3019);
#3017 = CARTESIAN_POINT('',(125.788831,-103.148903,0.91));
#3018 = DIRECTION('',(-0.,0.,-1.));
#3019 = DIRECTION('',(-0.,-1.,0.));
#3020 = FACE_BOUND('',#3021,.T.);
#3021 = EDGE_LOOP('',(#3022));
#3022 = ORIENTED_EDGE('',*,*,#3023,.T.);
#3023 = EDGE_CURVE('',#3024,#3024,#3026,.T.);
#3024 = VERTEX_POINT('',#3025);
#3025 = CARTESIAN_POINT('',(126.272105,-102.182177,0.91));
#3026 = CIRCLE('',#3027,0.2);
#3027 = AXIS2_PLACEMENT_3D('',#3028,#3029,#3030);
#3028 = CARTESIAN_POINT('',(126.272105,-101.982177,0.91));
#3029 = DIRECTION('',(-0.,0.,-1.));
#3030 = DIRECTION('',(-0.,-1.,0.));
#3031 = FACE_BOUND('',#3032,.T.);
#3032 = EDGE_LOOP('',(#3033));
#3033 = ORIENTED_EDGE('',*,*,#3034,.T.);
#3034 = EDGE_CURVE('',#3035,#3035,#3037,.T.);
#3035 = VERTEX_POINT('',#3036);
#3036 = CARTESIAN_POINT('',(123.455379,-101.015451,0.91));
#3037 = CIRCLE('',#3038,0.2);
#3038 = AXIS2_PLACEMENT_3D('',#3039,#3040,#3041);
#3039 = CARTESIAN_POINT('',(123.455379,-100.815451,0.91));
#3040 = DIRECTION('',(-0.,0.,-1.));
#3041 = DIRECTION('',(-0.,-1.,0.));
#3042 = FACE_BOUND('',#3043,.T.);
#3043 = EDGE_LOOP('',(#3044));
#3044 = ORIENTED_EDGE('',*,*,#3045,.T.);
#3045 = EDGE_CURVE('',#3046,#3046,#3048,.T.);
#3046 = VERTEX_POINT('',#3047);
#3047 = CARTESIAN_POINT('',(124.622105,-100.532177,0.91));
#3048 = CIRCLE('',#3049,0.2);
#3049 = AXIS2_PLACEMENT_3D('',#3050,#3051,#3052);
#3050 = CARTESIAN_POINT('',(124.622105,-100.332177,0.91));
#3051 = DIRECTION('',(-0.,0.,-1.));
#3052 = DIRECTION('',(-0.,-1.,0.));
#3053 = FACE_BOUND('',#3054,.T.);
#3054 = EDGE_LOOP('',(#3055));
#3055 = ORIENTED_EDGE('',*,*,#3056,.T.);
#3056 = EDGE_CURVE('',#3057,#3057,#3059,.T.);
#3057 = VERTEX_POINT('',#3058);
#3058 = CARTESIAN_POINT('',(125.788831,-101.015451,0.91));
#3059 = CIRCLE('',#3060,0.2);
#3060 = AXIS2_PLACEMENT_3D('',#3061,#3062,#3063);
#3061 = CARTESIAN_POINT('',(125.788831,-100.815451,0.91));
#3062 = DIRECTION('',(-0.,0.,-1.));
#3063 = DIRECTION('',(-0.,-1.,0.));
#3064 = FACE_BOUND('',#3065,.T.);
#3065 = EDGE_LOOP('',(#3066));
#3066 = ORIENTED_EDGE('',*,*,#3067,.T.);
#3067 = EDGE_CURVE('',#3068,#3068,#3070,.T.);
#3068 = VERTEX_POINT('',#3069);
#3069 = CARTESIAN_POINT('',(129.552105,-102.837177,0.91));
#3070 = CIRCLE('',#3071,0.875);
#3071 = AXIS2_PLACEMENT_3D('',#3072,#3073,#3074);
#3072 = CARTESIAN_POINT('',(129.552105,-101.962177,0.91));
#3073 = DIRECTION('',(-0.,0.,-1.));
#3074 = DIRECTION('',(-0.,-1.,0.));
#3075 = FACE_BOUND('',#3076,.T.);
#3076 = EDGE_LOOP('',(#3077));
#3077 = ORIENTED_EDGE('',*,*,#3078,.T.);
#3078 = EDGE_CURVE('',#3079,#3079,#3081,.T.);
#3079 = VERTEX_POINT('',#3080);
#3080 = CARTESIAN_POINT('',(133.552105,-102.837177,0.91));
#3081 = CIRCLE('',#3082,0.875);
#3082 = AXIS2_PLACEMENT_3D('',#3083,#3084,#3085);
#3083 = CARTESIAN_POINT('',(133.552105,-101.962177,0.91));
#3084 = DIRECTION('',(-0.,0.,-1.));
#3085 = DIRECTION('',(-0.,-1.,0.));
#3086 = FACE_BOUND('',#3087,.T.);
#3087 = EDGE_LOOP('',(#3088));
#3088 = ORIENTED_EDGE('',*,*,#3089,.T.);
#3089 = EDGE_CURVE('',#3090,#3090,#3092,.T.);
#3090 = VERTEX_POINT('',#3091);
#3091 = CARTESIAN_POINT('',(135.552105,-105.637177,0.91));
#3092 = CIRCLE('',#3093,0.875);
#3093 = AXIS2_PLACEMENT_3D('',#3094,#3095,#3096);
#3094 = CARTESIAN_POINT('',(135.552105,-104.762177,0.91));
#3095 = DIRECTION('',(-0.,0.,-1.));
#3096 = DIRECTION('',(-0.,-1.,0.));
#3097 = FACE_BOUND('',#3098,.T.);
#3098 = EDGE_LOOP('',(#3099));
#3099 = ORIENTED_EDGE('',*,*,#3100,.T.);
#3100 = EDGE_CURVE('',#3101,#3101,#3103,.T.);
#3101 = VERTEX_POINT('',#3102);
#3102 = CARTESIAN_POINT('',(139.552105,-105.637177,0.91));
#3103 = CIRCLE('',#3104,0.875);
#3104 = AXIS2_PLACEMENT_3D('',#3105,#3106,#3107);
#3105 = CARTESIAN_POINT('',(139.552105,-104.762177,0.91));
#3106 = DIRECTION('',(-0.,0.,-1.));
#3107 = DIRECTION('',(-0.,-1.,0.));
#3108 = FACE_BOUND('',#3109,.T.);
#3109 = EDGE_LOOP('',(#3110));
#3110 = ORIENTED_EDGE('',*,*,#3111,.T.);
#3111 = EDGE_CURVE('',#3112,#3112,#3114,.T.);
#3112 = VERTEX_POINT('',#3113);
#3113 = CARTESIAN_POINT('',(137.552105,-102.837177,0.91));
#3114 = CIRCLE('',#3115,0.875);
#3115 = AXIS2_PLACEMENT_3D('',#3116,#3117,#3118);
#3116 = CARTESIAN_POINT('',(137.552105,-101.962177,0.91));
#3117 = DIRECTION('',(-0.,0.,-1.));
#3118 = DIRECTION('',(-0.,-1.,0.));
#3119 = PLANE('',#3120);
#3120 = AXIS2_PLACEMENT_3D('',#3121,#3122,#3123);
#3121 = CARTESIAN_POINT('',(0.,0.,0.91));
#3122 = DIRECTION('',(0.,0.,1.));
#3123 = DIRECTION('',(1.,0.,-0.));
#3124 = ADVANCED_FACE('',(#3125),#3136,.T.);
#3125 = FACE_BOUND('',#3126,.T.);
#3126 = EDGE_LOOP('',(#3127,#3133,#3134,#3135));
#3127 = ORIENTED_EDGE('',*,*,#3128,.T.);
#3128 = EDGE_CURVE('',#2121,#2626,#3129,.T.);
#3129 = LINE('',#3130,#3131);
#3130 = CARTESIAN_POINT('',(123.471483,-104.510988,0.));
#3131 = VECTOR('',#3132,1.);
#3132 = DIRECTION('',(0.,0.,1.));
#3133 = ORIENTED_EDGE('',*,*,#2625,.T.);
#3134 = ORIENTED_EDGE('',*,*,#2056,.F.);
#3135 = ORIENTED_EDGE('',*,*,#2120,.F.);
#3136 = CYLINDRICAL_SURFACE('',#3137,2.800000706897);
#3137 = AXIS2_PLACEMENT_3D('',#3138,#3139,#3140);
#3138 = CARTESIAN_POINT('',(124.63060769061,-101.9621777068,0.));
#3139 = DIRECTION('',(0.,0.,-1.));
#3140 = DIRECTION('',(-0.413972999278,-0.91028916058,-0.));
#3141 = ADVANCED_FACE('',(#3142),#3153,.F.);
#3142 = FACE_BOUND('',#3143,.T.);
#3143 = EDGE_LOOP('',(#3144,#3145,#3146,#3152));
#3144 = ORIENTED_EDGE('',*,*,#2096,.T.);
#3145 = ORIENTED_EDGE('',*,*,#2760,.T.);
#3146 = ORIENTED_EDGE('',*,*,#3147,.F.);
#3147 = EDGE_CURVE('',#2248,#2753,#3148,.T.);
#3148 = LINE('',#3149,#3150);
#3149 = CARTESIAN_POINT('',(142.788965,-106.392795,0.));
#3150 = VECTOR('',#3151,1.);
#3151 = DIRECTION('',(0.,0.,1.));
#3152 = ORIENTED_EDGE('',*,*,#2255,.F.);
#3153 = CYLINDRICAL_SURFACE('',#3154,2.450014265449);
#3154 = AXIS2_PLACEMENT_3D('',#3155,#3156,#3157);
#3155 = CARTESIAN_POINT('',(143.80210826544,-104.1620752451,0.));
#3156 = DIRECTION('',(-0.,-0.,-1.));
#3157 = DIRECTION('',(-1.,-7.162522743388E-07,0.));
#3158 = ADVANCED_FACE('',(#3159),#3170,.T.);
#3159 = FACE_BOUND('',#3160,.T.);
#3160 = EDGE_LOOP('',(#3161,#3167,#3168,#3169));
#3161 = ORIENTED_EDGE('',*,*,#3162,.T.);
#3162 = EDGE_CURVE('',#2130,#2635,#3163,.T.);
#3163 = LINE('',#3164,#3165);
#3164 = CARTESIAN_POINT('',(124.841443,-105.128973,0.));
#3165 = VECTOR('',#3166,1.);
#3166 = DIRECTION('',(0.,0.,1.));
#3167 = ORIENTED_EDGE('',*,*,#2634,.T.);
#3168 = ORIENTED_EDGE('',*,*,#3128,.F.);
#3169 = ORIENTED_EDGE('',*,*,#2129,.F.);
#3170 = PLANE('',#3171);
#3171 = AXIS2_PLACEMENT_3D('',#3172,#3173,#3174);
#3172 = CARTESIAN_POINT('',(124.841443,-105.128973,0.));
#3173 = DIRECTION('',(-0.41119616515,-0.911546879631,0.));
#3174 = DIRECTION('',(-0.911546879631,0.41119616515,0.));
#3175 = ADVANCED_FACE('',(#3176),#3187,.T.);
#3176 = FACE_BOUND('',#3177,.T.);
#3177 = EDGE_LOOP('',(#3178,#3179,#3180,#3186));
#3178 = ORIENTED_EDGE('',*,*,#3147,.T.);
#3179 = ORIENTED_EDGE('',*,*,#2752,.T.);
#3180 = ORIENTED_EDGE('',*,*,#3181,.F.);
#3181 = EDGE_CURVE('',#2239,#2744,#3182,.T.);
#3182 = LINE('',#3183,#3184);
#3183 = CARTESIAN_POINT('',(144.156856,-107.009848,0.));
#3184 = VECTOR('',#3185,1.);
#3185 = DIRECTION('',(0.,0.,1.));
#3186 = ORIENTED_EDGE('',*,*,#2247,.F.);
#3187 = PLANE('',#3188);
#3188 = AXIS2_PLACEMENT_3D('',#3189,#3190,#3191);
#3189 = CARTESIAN_POINT('',(142.788965,-106.392795,0.));
#3190 = DIRECTION('',(0.411196896011,0.911546549942,-0.));
#3191 = DIRECTION('',(0.911546549942,-0.411196896011,0.));
#3192 = ADVANCED_FACE('',(#3193),#3204,.T.);
#3193 = FACE_BOUND('',#3194,.T.);
#3194 = EDGE_LOOP('',(#3195,#3201,#3202,#3203));
#3195 = ORIENTED_EDGE('',*,*,#3196,.T.);
#3196 = EDGE_CURVE('',#2138,#2643,#3197,.T.);
#3197 = LINE('',#3198,#3199);
#3198 = CARTESIAN_POINT('',(124.841436,-105.128988,0.));
#3199 = VECTOR('',#3200,1.);
#3200 = DIRECTION('',(0.,0.,1.));
#3201 = ORIENTED_EDGE('',*,*,#2642,.T.);
#3202 = ORIENTED_EDGE('',*,*,#3162,.F.);
#3203 = ORIENTED_EDGE('',*,*,#2137,.F.);
#3204 = PLANE('',#3205);
#3205 = AXIS2_PLACEMENT_3D('',#3206,#3207,#3208);
#3206 = CARTESIAN_POINT('',(124.841436,-105.128988,0.));
#3207 = DIRECTION('',(-0.906183140127,0.422885465049,0.));
#3208 = DIRECTION('',(0.422885465049,0.906183140127,0.));
#3209 = ADVANCED_FACE('',(#3210),#3221,.T.);
#3210 = FACE_BOUND('',#3211,.T.);
#3211 = EDGE_LOOP('',(#3212,#3213,#3214,#3220));
#3212 = ORIENTED_EDGE('',*,*,#3181,.T.);
#3213 = ORIENTED_EDGE('',*,*,#2743,.T.);
#3214 = ORIENTED_EDGE('',*,*,#3215,.F.);
#3215 = EDGE_CURVE('',#2231,#2736,#3216,.T.);
#3216 = LINE('',#3217,#3218);
#3217 = CARTESIAN_POINT('',(143.005505,-112.362177,0.));
#3218 = VECTOR('',#3219,1.);
#3219 = DIRECTION('',(0.,0.,1.));
#3220 = ORIENTED_EDGE('',*,*,#2238,.F.);
#3221 = CYLINDRICAL_SURFACE('',#3222,2.799998950257);
#3222 = AXIS2_PLACEMENT_3D('',#3223,#3224,#3225);
#3223 = CARTESIAN_POINT('',(143.00550660098,-109.5621780497,0.));
#3224 = DIRECTION('',(0.,0.,-1.));
#3225 = DIRECTION('',(0.411196368096,0.911546788083,0.));
#3226 = ADVANCED_FACE('',(#3227),#3238,.F.);
#3227 = FACE_BOUND('',#3228,.T.);
#3228 = EDGE_LOOP('',(#3229,#3235,#3236,#3237));
#3229 = ORIENTED_EDGE('',*,*,#3230,.T.);
#3230 = EDGE_CURVE('',#2146,#2651,#3231,.T.);
#3231 = LINE('',#3232,#3233);
#3232 = CARTESIAN_POINT('',(123.834005,-109.812277,0.));
#3233 = VECTOR('',#3234,1.);
#3234 = DIRECTION('',(0.,0.,1.));
#3235 = ORIENTED_EDGE('',*,*,#2650,.T.);
#3236 = ORIENTED_EDGE('',*,*,#3196,.F.);
#3237 = ORIENTED_EDGE('',*,*,#2145,.F.);
#3238 = CYLINDRICAL_SURFACE('',#3239,2.449999807773);
#3239 = AXIS2_PLACEMENT_3D('',#3240,#3241,#3242);
#3240 = CARTESIAN_POINT('',(123.8340043934,-107.3622771922,0.));
#3241 = DIRECTION('',(-0.,0.,-1.));
#3242 = DIRECTION('',(2.475901147905E-07,-1.,-0.));
#3243 = ADVANCED_FACE('',(#3244),#3255,.T.);
#3244 = FACE_BOUND('',#3245,.T.);
#3245 = EDGE_LOOP('',(#3246,#3247,#3248,#3254));
#3246 = ORIENTED_EDGE('',*,*,#3215,.T.);
#3247 = ORIENTED_EDGE('',*,*,#2735,.T.);
#3248 = ORIENTED_EDGE('',*,*,#3249,.F.);
#3249 = EDGE_CURVE('',#2222,#2727,#3250,.T.);
#3250 = LINE('',#3251,#3252);
#3251 = CARTESIAN_POINT('',(142.152105,-112.362177,0.));
#3252 = VECTOR('',#3253,1.);
#3253 = DIRECTION('',(0.,0.,1.));
#3254 = ORIENTED_EDGE('',*,*,#2230,.F.);
#3255 = PLANE('',#3256);
#3256 = AXIS2_PLACEMENT_3D('',#3257,#3258,#3259);
#3257 = CARTESIAN_POINT('',(143.005505,-112.362177,0.));
#3258 = DIRECTION('',(0.,-1.,0.));
#3259 = DIRECTION('',(-1.,0.,0.));
#3260 = ADVANCED_FACE('',(#3261),#3272,.T.);
#3261 = FACE_BOUND('',#3262,.T.);
#3262 = EDGE_LOOP('',(#3263,#3269,#3270,#3271));
#3263 = ORIENTED_EDGE('',*,*,#3264,.T.);
#3264 = EDGE_CURVE('',#2155,#2660,#3265,.T.);
#3265 = LINE('',#3266,#3267);
#3266 = CARTESIAN_POINT('',(122.630605,-109.812277,0.));
#3267 = VECTOR('',#3268,1.);
#3268 = DIRECTION('',(0.,0.,1.));
#3269 = ORIENTED_EDGE('',*,*,#2659,.T.);
#3270 = ORIENTED_EDGE('',*,*,#3230,.F.);
#3271 = ORIENTED_EDGE('',*,*,#2154,.F.);
#3272 = PLANE('',#3273);
#3273 = AXIS2_PLACEMENT_3D('',#3274,#3275,#3276);
#3274 = CARTESIAN_POINT('',(122.630605,-109.812277,0.));
#3275 = DIRECTION('',(0.,1.,0.));
#3276 = DIRECTION('',(1.,0.,0.));
#3277 = ADVANCED_FACE('',(#3278),#3289,.F.);
#3278 = FACE_BOUND('',#3279,.T.);
#3279 = EDGE_LOOP('',(#3280,#3281,#3282,#3288));
#3280 = ORIENTED_EDGE('',*,*,#3249,.T.);
#3281 = ORIENTED_EDGE('',*,*,#2726,.T.);
#3282 = ORIENTED_EDGE('',*,*,#3283,.F.);
#3283 = EDGE_CURVE('',#2214,#2719,#3284,.T.);
#3284 = LINE('',#3285,#3286);
#3285 = CARTESIAN_POINT('',(141.352105,-113.162177,0.));
#3286 = VECTOR('',#3287,1.);
#3287 = DIRECTION('',(0.,0.,1.));
#3288 = ORIENTED_EDGE('',*,*,#2221,.F.);
#3289 = CYLINDRICAL_SURFACE('',#3290,0.800001450872);
#3290 = AXIS2_PLACEMENT_3D('',#3291,#3292,#3293);
#3291 = CARTESIAN_POINT('',(142.15210645087,-113.1621784508,0.));
#3292 = DIRECTION('',(-0.,-0.,-1.));
#3293 = DIRECTION('',(-1.813584959368E-06,0.999999999998,0.));
#3294 = ADVANCED_FACE('',(#3295),#3306,.T.);
#3295 = FACE_BOUND('',#3296,.T.);
#3296 = EDGE_LOOP('',(#3297,#3303,#3304,#3305));
#3297 = ORIENTED_EDGE('',*,*,#3298,.T.);
#3298 = EDGE_CURVE('',#2163,#2668,#3299,.T.);
#3299 = LINE('',#3300,#3301);
#3300 = CARTESIAN_POINT('',(121.830636,-110.612277,0.));
#3301 = VECTOR('',#3302,1.);
#3302 = DIRECTION('',(0.,0.,1.));
#3303 = ORIENTED_EDGE('',*,*,#2667,.T.);
#3304 = ORIENTED_EDGE('',*,*,#3264,.F.);
#3305 = ORIENTED_EDGE('',*,*,#2162,.F.);
#3306 = CYLINDRICAL_SURFACE('',#3307,0.799948533498);
#3307 = AXIS2_PLACEMENT_3D('',#3308,#3309,#3310);
#3308 = CARTESIAN_POINT('',(122.63058453184,-110.6122255332,0.));
#3309 = DIRECTION('',(0.,0.,-1.));
#3310 = DIRECTION('',(-0.99999999793,-6.433759397526E-05,-0.));
#3311 = ADVANCED_FACE('',(#3312),#3323,.T.);
#3312 = FACE_BOUND('',#3313,.T.);
#3313 = EDGE_LOOP('',(#3314,#3315,#3316,#3322));
#3314 = ORIENTED_EDGE('',*,*,#3283,.T.);
#3315 = ORIENTED_EDGE('',*,*,#2718,.T.);
#3316 = ORIENTED_EDGE('',*,*,#3317,.F.);
#3317 = EDGE_CURVE('',#2206,#2711,#3318,.T.);
#3318 = LINE('',#3319,#3320);
#3319 = CARTESIAN_POINT('',(141.352094,-113.162177,0.));
#3320 = VECTOR('',#3321,1.);
#3321 = DIRECTION('',(0.,0.,1.));
#3322 = ORIENTED_EDGE('',*,*,#2213,.F.);
#3323 = PLANE('',#3324);
#3324 = AXIS2_PLACEMENT_3D('',#3325,#3326,#3327);
#3325 = CARTESIAN_POINT('',(141.352105,-113.162177,0.));
#3326 = DIRECTION('',(0.,-1.,0.));
#3327 = DIRECTION('',(-1.,0.,0.));
#3328 = ADVANCED_FACE('',(#3329),#3340,.T.);
#3329 = FACE_BOUND('',#3330,.T.);
#3330 = EDGE_LOOP('',(#3331,#3337,#3338,#3339));
#3331 = ORIENTED_EDGE('',*,*,#3332,.T.);
#3332 = EDGE_CURVE('',#2172,#2677,#3333,.T.);
#3333 = LINE('',#3334,#3335);
#3334 = CARTESIAN_POINT('',(121.830636,-113.762077,0.));
#3335 = VECTOR('',#3336,1.);
#3336 = DIRECTION('',(0.,0.,1.));
#3337 = ORIENTED_EDGE('',*,*,#2676,.T.);
#3338 = ORIENTED_EDGE('',*,*,#3298,.F.);
#3339 = ORIENTED_EDGE('',*,*,#2171,.F.);
#3340 = PLANE('',#3341);
#3341 = AXIS2_PLACEMENT_3D('',#3342,#3343,#3344);
#3342 = CARTESIAN_POINT('',(121.830636,-113.762077,0.));
#3343 = DIRECTION('',(-1.,0.,0.));
#3344 = DIRECTION('',(0.,1.,0.));
#3345 = ADVANCED_FACE('',(#3346),#3357,.T.);
#3346 = FACE_BOUND('',#3347,.T.);
#3347 = EDGE_LOOP('',(#3348,#3349,#3350,#3356));
#3348 = ORIENTED_EDGE('',*,*,#3317,.T.);
#3349 = ORIENTED_EDGE('',*,*,#2710,.T.);
#3350 = ORIENTED_EDGE('',*,*,#3351,.F.);
#3351 = EDGE_CURVE('',#2197,#2702,#3352,.T.);
#3352 = LINE('',#3353,#3354);
#3353 = CARTESIAN_POINT('',(141.352094,-113.766176,0.));
#3354 = VECTOR('',#3355,1.);
#3355 = DIRECTION('',(0.,0.,1.));
#3356 = ORIENTED_EDGE('',*,*,#2205,.F.);
#3357 = PLANE('',#3358);
#3358 = AXIS2_PLACEMENT_3D('',#3359,#3360,#3361);
#3359 = CARTESIAN_POINT('',(141.352094,-113.162177,0.));
#3360 = DIRECTION('',(1.,0.,-0.));
#3361 = DIRECTION('',(0.,-1.,0.));
#3362 = ADVANCED_FACE('',(#3363),#3374,.T.);
#3363 = FACE_BOUND('',#3364,.T.);
#3364 = EDGE_LOOP('',(#3365,#3371,#3372,#3373));
#3365 = ORIENTED_EDGE('',*,*,#3366,.T.);
#3366 = EDGE_CURVE('',#2180,#2685,#3367,.T.);
#3367 = LINE('',#3368,#3369);
#3368 = CARTESIAN_POINT('',(122.641212,-114.562177,0.));
#3369 = VECTOR('',#3370,1.);
#3370 = DIRECTION('',(0.,0.,1.));
#3371 = ORIENTED_EDGE('',*,*,#2684,.T.);
#3372 = ORIENTED_EDGE('',*,*,#3332,.F.);
#3373 = ORIENTED_EDGE('',*,*,#2179,.F.);
#3374 = CYLINDRICAL_SURFACE('',#3375,0.800075015758);
#3375 = AXIS2_PLACEMENT_3D('',#3376,#3377,#3378);
#3376 = CARTESIAN_POINT('',(122.63071101024,-113.7621708999,0.));
#3377 = DIRECTION('',(0.,0.,-1.));
#3378 = DIRECTION('',(1.312500646291E-02,-0.999913863393,0.));
#3379 = ADVANCED_FACE('',(#3380),#3391,.T.);
#3380 = FACE_BOUND('',#3381,.T.);
#3381 = EDGE_LOOP('',(#3382,#3383,#3384,#3390));
#3382 = ORIENTED_EDGE('',*,*,#3351,.T.);
#3383 = ORIENTED_EDGE('',*,*,#2701,.T.);
#3384 = ORIENTED_EDGE('',*,*,#3385,.F.);
#3385 = EDGE_CURVE('',#2189,#2694,#3386,.T.);
#3386 = LINE('',#3387,#3388);
#3387 = CARTESIAN_POINT('',(140.552105,-114.562177,0.));
#3388 = VECTOR('',#3389,1.);
#3389 = DIRECTION('',(0.,0.,1.));
#3390 = ORIENTED_EDGE('',*,*,#2196,.F.);
#3391 = CYLINDRICAL_SURFACE('',#3392,0.799997095442);
#3392 = AXIS2_PLACEMENT_3D('',#3393,#3394,#3395);
#3393 = CARTESIAN_POINT('',(140.55210688514,-113.7621799045,0.));
#3394 = DIRECTION('',(0.,0.,-1.));
#3395 = DIRECTION('',(0.999987524223,-4.995137435109E-03,0.));
#3396 = ADVANCED_FACE('',(#3397),#3403,.T.);
#3397 = FACE_BOUND('',#3398,.T.);
#3398 = EDGE_LOOP('',(#3399,#3400,#3401,#3402));
#3399 = ORIENTED_EDGE('',*,*,#3385,.T.);
#3400 = ORIENTED_EDGE('',*,*,#2693,.T.);
#3401 = ORIENTED_EDGE('',*,*,#3366,.F.);
#3402 = ORIENTED_EDGE('',*,*,#2188,.F.);
#3403 = PLANE('',#3404);
#3404 = AXIS2_PLACEMENT_3D('',#3405,#3406,#3407);
#3405 = CARTESIAN_POINT('',(140.552105,-114.562177,0.));
#3406 = DIRECTION('',(0.,-1.,0.));
#3407 = DIRECTION('',(-1.,0.,0.));
#3408 = ADVANCED_FACE('',(#3409),#3420,.F.);
#3409 = FACE_BOUND('',#3410,.T.);
#3410 = EDGE_LOOP('',(#3411,#3412,#3418,#3419));
#3411 = ORIENTED_EDGE('',*,*,#2265,.T.);
#3412 = ORIENTED_EDGE('',*,*,#3413,.T.);
#3413 = EDGE_CURVE('',#2266,#2771,#3414,.T.);
#3414 = LINE('',#3415,#3416);
#3415 = CARTESIAN_POINT('',(123.972105,-113.092177,-4.6E-02));
#3416 = VECTOR('',#3417,1.);
#3417 = DIRECTION('',(0.,0.,1.));
#3418 = ORIENTED_EDGE('',*,*,#2770,.F.);
#3419 = ORIENTED_EDGE('',*,*,#3413,.F.);
#3420 = CYLINDRICAL_SURFACE('',#3421,0.9);
#3421 = AXIS2_PLACEMENT_3D('',#3422,#3423,#3424);
#3422 = CARTESIAN_POINT('',(123.972105,-112.192177,-4.6E-02));
#3423 = DIRECTION('',(-0.,-0.,-1.));
#3424 = DIRECTION('',(-0.,-1.,0.));
#3425 = ADVANCED_FACE('',(#3426),#3437,.F.);
#3426 = FACE_BOUND('',#3427,.T.);
#3427 = EDGE_LOOP('',(#3428,#3429,#3435,#3436));
#3428 = ORIENTED_EDGE('',*,*,#2276,.T.);
#3429 = ORIENTED_EDGE('',*,*,#3430,.T.);
#3430 = EDGE_CURVE('',#2277,#2782,#3431,.T.);
#3431 = LINE('',#3432,#3433);
#3432 = CARTESIAN_POINT('',(127.772105,-113.092177,-4.6E-02));
#3433 = VECTOR('',#3434,1.);
#3434 = DIRECTION('',(0.,0.,1.));
#3435 = ORIENTED_EDGE('',*,*,#2781,.F.);
#3436 = ORIENTED_EDGE('',*,*,#3430,.F.);
#3437 = CYLINDRICAL_SURFACE('',#3438,0.9);
#3438 = AXIS2_PLACEMENT_3D('',#3439,#3440,#3441);
#3439 = CARTESIAN_POINT('',(127.772105,-112.192177,-4.6E-02));
#3440 = DIRECTION('',(-0.,-0.,-1.));
#3441 = DIRECTION('',(-0.,-1.,0.));
#3442 = ADVANCED_FACE('',(#3443),#3454,.F.);
#3443 = FACE_BOUND('',#3444,.T.);
#3444 = EDGE_LOOP('',(#3445,#3446,#3452,#3453));
#3445 = ORIENTED_EDGE('',*,*,#2287,.T.);
#3446 = ORIENTED_EDGE('',*,*,#3447,.T.);
#3447 = EDGE_CURVE('',#2288,#2793,#3448,.T.);
#3448 = LINE('',#3449,#3450);
#3449 = CARTESIAN_POINT('',(130.802105,-113.422177,-4.6E-02));
#3450 = VECTOR('',#3451,1.);
#3451 = DIRECTION('',(0.,0.,1.));
#3452 = ORIENTED_EDGE('',*,*,#2792,.F.);
#3453 = ORIENTED_EDGE('',*,*,#3447,.F.);
#3454 = CYLINDRICAL_SURFACE('',#3455,0.5);
#3455 = AXIS2_PLACEMENT_3D('',#3456,#3457,#3458);
#3456 = CARTESIAN_POINT('',(130.802105,-112.922177,-4.6E-02));
#3457 = DIRECTION('',(-0.,-0.,-1.));
#3458 = DIRECTION('',(-0.,-1.,0.));
#3459 = ADVANCED_FACE('',(#3460),#3471,.F.);
#3460 = FACE_BOUND('',#3461,.T.);
#3461 = EDGE_LOOP('',(#3462,#3463,#3469,#3470));
#3462 = ORIENTED_EDGE('',*,*,#2298,.T.);
#3463 = ORIENTED_EDGE('',*,*,#3464,.T.);
#3464 = EDGE_CURVE('',#2299,#2804,#3465,.T.);
#3465 = LINE('',#3466,#3467);
#3466 = CARTESIAN_POINT('',(133.002105,-113.422177,-4.6E-02));
#3467 = VECTOR('',#3468,1.);
#3468 = DIRECTION('',(0.,0.,1.));
#3469 = ORIENTED_EDGE('',*,*,#2803,.F.);
#3470 = ORIENTED_EDGE('',*,*,#3464,.F.);
#3471 = CYLINDRICAL_SURFACE('',#3472,0.5);
#3472 = AXIS2_PLACEMENT_3D('',#3473,#3474,#3475);
#3473 = CARTESIAN_POINT('',(133.002105,-112.922177,-4.6E-02));
#3474 = DIRECTION('',(-0.,-0.,-1.));
#3475 = DIRECTION('',(-0.,-1.,0.));
#3476 = ADVANCED_FACE('',(#3477),#3488,.F.);
#3477 = FACE_BOUND('',#3478,.T.);
#3478 = EDGE_LOOP('',(#3479,#3480,#3486,#3487));
#3479 = ORIENTED_EDGE('',*,*,#2309,.T.);
#3480 = ORIENTED_EDGE('',*,*,#3481,.T.);
#3481 = EDGE_CURVE('',#2310,#2815,#3482,.T.);
#3482 = LINE('',#3483,#3484);
#3483 = CARTESIAN_POINT('',(135.202105,-113.422177,-4.6E-02));
#3484 = VECTOR('',#3485,1.);
#3485 = DIRECTION('',(0.,0.,1.));
#3486 = ORIENTED_EDGE('',*,*,#2814,.F.);
#3487 = ORIENTED_EDGE('',*,*,#3481,.F.);
#3488 = CYLINDRICAL_SURFACE('',#3489,0.5);
#3489 = AXIS2_PLACEMENT_3D('',#3490,#3491,#3492);
#3490 = CARTESIAN_POINT('',(135.202105,-112.922177,-4.6E-02));
#3491 = DIRECTION('',(-0.,-0.,-1.));
#3492 = DIRECTION('',(-0.,-1.,0.));
#3493 = ADVANCED_FACE('',(#3494),#3505,.F.);
#3494 = FACE_BOUND('',#3495,.T.);
#3495 = EDGE_LOOP('',(#3496,#3497,#3503,#3504));
#3496 = ORIENTED_EDGE('',*,*,#2320,.T.);
#3497 = ORIENTED_EDGE('',*,*,#3498,.T.);
#3498 = EDGE_CURVE('',#2321,#2826,#3499,.T.);
#3499 = LINE('',#3500,#3501);
#3500 = CARTESIAN_POINT('',(137.402105,-113.422177,-4.6E-02));
#3501 = VECTOR('',#3502,1.);
#3502 = DIRECTION('',(0.,0.,1.));
#3503 = ORIENTED_EDGE('',*,*,#2825,.F.);
#3504 = ORIENTED_EDGE('',*,*,#3498,.F.);
#3505 = CYLINDRICAL_SURFACE('',#3506,0.5);
#3506 = AXIS2_PLACEMENT_3D('',#3507,#3508,#3509);
#3507 = CARTESIAN_POINT('',(137.402105,-112.922177,-4.6E-02));
#3508 = DIRECTION('',(-0.,-0.,-1.));
#3509 = DIRECTION('',(-0.,-1.,0.));
#3510 = ADVANCED_FACE('',(#3511),#3522,.F.);
#3511 = FACE_BOUND('',#3512,.T.);
#3512 = EDGE_LOOP('',(#3513,#3514,#3520,#3521));
#3513 = ORIENTED_EDGE('',*,*,#2331,.T.);
#3514 = ORIENTED_EDGE('',*,*,#3515,.T.);
#3515 = EDGE_CURVE('',#2332,#2837,#3516,.T.);
#3516 = LINE('',#3517,#3518);
#3517 = CARTESIAN_POINT('',(139.602105,-113.422177,-4.6E-02));
#3518 = VECTOR('',#3519,1.);
#3519 = DIRECTION('',(0.,0.,1.));
#3520 = ORIENTED_EDGE('',*,*,#2836,.F.);
#3521 = ORIENTED_EDGE('',*,*,#3515,.F.);
#3522 = CYLINDRICAL_SURFACE('',#3523,0.5);
#3523 = AXIS2_PLACEMENT_3D('',#3524,#3525,#3526);
#3524 = CARTESIAN_POINT('',(139.602105,-112.922177,-4.6E-02));
#3525 = DIRECTION('',(-0.,-0.,-1.));
#3526 = DIRECTION('',(-0.,-1.,0.));
#3527 = ADVANCED_FACE('',(#3528),#3539,.F.);
#3528 = FACE_BOUND('',#3529,.T.);
#3529 = EDGE_LOOP('',(#3530,#3531,#3537,#3538));
#3530 = ORIENTED_EDGE('',*,*,#2342,.T.);
#3531 = ORIENTED_EDGE('',*,*,#3532,.T.);
#3532 = EDGE_CURVE('',#2343,#2848,#3533,.T.);
#3533 = LINE('',#3534,#3535);
#3534 = CARTESIAN_POINT('',(141.815379,-110.928903,-4.6E-02));
#3535 = VECTOR('',#3536,1.);
#3536 = DIRECTION('',(0.,0.,1.));
#3537 = ORIENTED_EDGE('',*,*,#2847,.F.);
#3538 = ORIENTED_EDGE('',*,*,#3532,.F.);
#3539 = CYLINDRICAL_SURFACE('',#3540,0.2);
#3540 = AXIS2_PLACEMENT_3D('',#3541,#3542,#3543);
#3541 = CARTESIAN_POINT('',(141.815379,-110.728903,-4.6E-02));
#3542 = DIRECTION('',(-0.,-0.,-1.));
#3543 = DIRECTION('',(-0.,-1.,0.));
#3544 = ADVANCED_FACE('',(#3545),#3556,.F.);
#3545 = FACE_BOUND('',#3546,.T.);
#3546 = EDGE_LOOP('',(#3547,#3548,#3554,#3555));
#3547 = ORIENTED_EDGE('',*,*,#2353,.T.);
#3548 = ORIENTED_EDGE('',*,*,#3549,.T.);
#3549 = EDGE_CURVE('',#2354,#2859,#3550,.T.);
#3550 = LINE('',#3551,#3552);
#3551 = CARTESIAN_POINT('',(142.982105,-111.412177,-4.6E-02));
#3552 = VECTOR('',#3553,1.);
#3553 = DIRECTION('',(0.,0.,1.));
#3554 = ORIENTED_EDGE('',*,*,#2858,.F.);
#3555 = ORIENTED_EDGE('',*,*,#3549,.F.);
#3556 = CYLINDRICAL_SURFACE('',#3557,0.2);
#3557 = AXIS2_PLACEMENT_3D('',#3558,#3559,#3560);
#3558 = CARTESIAN_POINT('',(142.982105,-111.212177,-4.6E-02));
#3559 = DIRECTION('',(-0.,-0.,-1.));
#3560 = DIRECTION('',(-0.,-1.,0.));
#3561 = ADVANCED_FACE('',(#3562),#3573,.F.);
#3562 = FACE_BOUND('',#3563,.T.);
#3563 = EDGE_LOOP('',(#3564,#3565,#3571,#3572));
#3564 = ORIENTED_EDGE('',*,*,#2364,.T.);
#3565 = ORIENTED_EDGE('',*,*,#3566,.T.);
#3566 = EDGE_CURVE('',#2365,#2870,#3567,.T.);
#3567 = LINE('',#3568,#3569);
#3568 = CARTESIAN_POINT('',(144.148831,-110.928903,-4.6E-02));
#3569 = VECTOR('',#3570,1.);
#3570 = DIRECTION('',(0.,0.,1.));
#3571 = ORIENTED_EDGE('',*,*,#2869,.F.);
#3572 = ORIENTED_EDGE('',*,*,#3566,.F.);
#3573 = CYLINDRICAL_SURFACE('',#3574,0.2);
#3574 = AXIS2_PLACEMENT_3D('',#3575,#3576,#3577);
#3575 = CARTESIAN_POINT('',(144.148831,-110.728903,-4.6E-02));
#3576 = DIRECTION('',(-0.,-0.,-1.));
#3577 = DIRECTION('',(-0.,-1.,0.));
#3578 = ADVANCED_FACE('',(#3579),#3590,.F.);
#3579 = FACE_BOUND('',#3580,.T.);
#3580 = EDGE_LOOP('',(#3581,#3582,#3588,#3589));
#3581 = ORIENTED_EDGE('',*,*,#2375,.T.);
#3582 = ORIENTED_EDGE('',*,*,#3583,.T.);
#3583 = EDGE_CURVE('',#2376,#2881,#3584,.T.);
#3584 = LINE('',#3585,#3586);
#3585 = CARTESIAN_POINT('',(141.332105,-109.762177,-4.6E-02));
#3586 = VECTOR('',#3587,1.);
#3587 = DIRECTION('',(0.,0.,1.));
#3588 = ORIENTED_EDGE('',*,*,#2880,.F.);
#3589 = ORIENTED_EDGE('',*,*,#3583,.F.);
#3590 = CYLINDRICAL_SURFACE('',#3591,0.2);
#3591 = AXIS2_PLACEMENT_3D('',#3592,#3593,#3594);
#3592 = CARTESIAN_POINT('',(141.332105,-109.562177,-4.6E-02));
#3593 = DIRECTION('',(-0.,-0.,-1.));
#3594 = DIRECTION('',(-0.,-1.,0.));
#3595 = ADVANCED_FACE('',(#3596),#3607,.F.);
#3596 = FACE_BOUND('',#3597,.T.);
#3597 = EDGE_LOOP('',(#3598,#3599,#3605,#3606));
#3598 = ORIENTED_EDGE('',*,*,#2386,.T.);
#3599 = ORIENTED_EDGE('',*,*,#3600,.T.);
#3600 = EDGE_CURVE('',#2387,#2892,#3601,.T.);
#3601 = LINE('',#3602,#3603);
#3602 = CARTESIAN_POINT('',(142.982105,-110.662177,-4.6E-02));
#3603 = VECTOR('',#3604,1.);
#3604 = DIRECTION('',(0.,0.,1.));
#3605 = ORIENTED_EDGE('',*,*,#2891,.F.);
#3606 = ORIENTED_EDGE('',*,*,#3600,.F.);
#3607 = CYLINDRICAL_SURFACE('',#3608,1.1);
#3608 = AXIS2_PLACEMENT_3D('',#3609,#3610,#3611);
#3609 = CARTESIAN_POINT('',(142.982105,-109.562177,-4.6E-02));
#3610 = DIRECTION('',(-0.,-0.,-1.));
#3611 = DIRECTION('',(-0.,-1.,0.));
#3612 = ADVANCED_FACE('',(#3613),#3624,.F.);
#3613 = FACE_BOUND('',#3614,.T.);
#3614 = EDGE_LOOP('',(#3615,#3616,#3622,#3623));
#3615 = ORIENTED_EDGE('',*,*,#2397,.T.);
#3616 = ORIENTED_EDGE('',*,*,#3617,.T.);
#3617 = EDGE_CURVE('',#2398,#2903,#3618,.T.);
#3618 = LINE('',#3619,#3620);
#3619 = CARTESIAN_POINT('',(144.632105,-109.762177,-4.6E-02));
#3620 = VECTOR('',#3621,1.);
#3621 = DIRECTION('',(0.,0.,1.));
#3622 = ORIENTED_EDGE('',*,*,#2902,.F.);
#3623 = ORIENTED_EDGE('',*,*,#3617,.F.);
#3624 = CYLINDRICAL_SURFACE('',#3625,0.2);
#3625 = AXIS2_PLACEMENT_3D('',#3626,#3627,#3628);
#3626 = CARTESIAN_POINT('',(144.632105,-109.562177,-4.6E-02));
#3627 = DIRECTION('',(-0.,-0.,-1.));
#3628 = DIRECTION('',(-1.42108547152E-13,-1.,0.));
#3629 = ADVANCED_FACE('',(#3630),#3641,.F.);
#3630 = FACE_BOUND('',#3631,.T.);
#3631 = EDGE_LOOP('',(#3632,#3633,#3639,#3640));
#3632 = ORIENTED_EDGE('',*,*,#2408,.T.);
#3633 = ORIENTED_EDGE('',*,*,#3634,.T.);
#3634 = EDGE_CURVE('',#2409,#2914,#3635,.T.);
#3635 = LINE('',#3636,#3637);
#3636 = CARTESIAN_POINT('',(141.815379,-108.595451,-4.6E-02));
#3637 = VECTOR('',#3638,1.);
#3638 = DIRECTION('',(0.,0.,1.));
#3639 = ORIENTED_EDGE('',*,*,#2913,.F.);
#3640 = ORIENTED_EDGE('',*,*,#3634,.F.);
#3641 = CYLINDRICAL_SURFACE('',#3642,0.2);
#3642 = AXIS2_PLACEMENT_3D('',#3643,#3644,#3645);
#3643 = CARTESIAN_POINT('',(141.815379,-108.395451,-4.6E-02));
#3644 = DIRECTION('',(-0.,-0.,-1.));
#3645 = DIRECTION('',(-0.,-1.,0.));
#3646 = ADVANCED_FACE('',(#3647),#3658,.F.);
#3647 = FACE_BOUND('',#3648,.T.);
#3648 = EDGE_LOOP('',(#3649,#3650,#3656,#3657));
#3649 = ORIENTED_EDGE('',*,*,#2419,.T.);
#3650 = ORIENTED_EDGE('',*,*,#3651,.T.);
#3651 = EDGE_CURVE('',#2420,#2925,#3652,.T.);
#3652 = LINE('',#3653,#3654);
#3653 = CARTESIAN_POINT('',(142.982105,-108.112177,-4.6E-02));
#3654 = VECTOR('',#3655,1.);
#3655 = DIRECTION('',(0.,0.,1.));
#3656 = ORIENTED_EDGE('',*,*,#2924,.F.);
#3657 = ORIENTED_EDGE('',*,*,#3651,.F.);
#3658 = CYLINDRICAL_SURFACE('',#3659,0.2);
#3659 = AXIS2_PLACEMENT_3D('',#3660,#3661,#3662);
#3660 = CARTESIAN_POINT('',(142.982105,-107.912177,-4.6E-02));
#3661 = DIRECTION('',(-0.,-0.,-1.));
#3662 = DIRECTION('',(-0.,-1.,0.));
#3663 = ADVANCED_FACE('',(#3664),#3675,.F.);
#3664 = FACE_BOUND('',#3665,.T.);
#3665 = EDGE_LOOP('',(#3666,#3667,#3673,#3674));
#3666 = ORIENTED_EDGE('',*,*,#2430,.T.);
#3667 = ORIENTED_EDGE('',*,*,#3668,.T.);
#3668 = EDGE_CURVE('',#2431,#2936,#3669,.T.);
#3669 = LINE('',#3670,#3671);
#3670 = CARTESIAN_POINT('',(144.148831,-108.595451,-4.6E-02));
#3671 = VECTOR('',#3672,1.);
#3672 = DIRECTION('',(0.,0.,1.));
#3673 = ORIENTED_EDGE('',*,*,#2935,.F.);
#3674 = ORIENTED_EDGE('',*,*,#3668,.F.);
#3675 = CYLINDRICAL_SURFACE('',#3676,0.2);
#3676 = AXIS2_PLACEMENT_3D('',#3677,#3678,#3679);
#3677 = CARTESIAN_POINT('',(144.148831,-108.395451,-4.6E-02));
#3678 = DIRECTION('',(-0.,-0.,-1.));
#3679 = DIRECTION('',(-0.,-1.,0.));
#3680 = ADVANCED_FACE('',(#3681),#3692,.F.);
#3681 = FACE_BOUND('',#3682,.T.);
#3682 = EDGE_LOOP('',(#3683,#3684,#3690,#3691));
#3683 = ORIENTED_EDGE('',*,*,#2441,.T.);
#3684 = ORIENTED_EDGE('',*,*,#3685,.T.);
#3685 = EDGE_CURVE('',#2442,#2947,#3686,.T.);
#3686 = LINE('',#3687,#3688);
#3687 = CARTESIAN_POINT('',(124.622105,-103.832177,-4.6E-02));
#3688 = VECTOR('',#3689,1.);
#3689 = DIRECTION('',(0.,0.,1.));
#3690 = ORIENTED_EDGE('',*,*,#2946,.F.);
#3691 = ORIENTED_EDGE('',*,*,#3685,.F.);
#3692 = CYLINDRICAL_SURFACE('',#3693,0.2);
#3693 = AXIS2_PLACEMENT_3D('',#3694,#3695,#3696);
#3694 = CARTESIAN_POINT('',(124.622105,-103.632177,-4.6E-02));
#3695 = DIRECTION('',(-0.,-0.,-1.));
#3696 = DIRECTION('',(-0.,-1.,0.));
#3697 = ADVANCED_FACE('',(#3698),#3709,.F.);
#3698 = FACE_BOUND('',#3699,.T.);
#3699 = EDGE_LOOP('',(#3700,#3701,#3707,#3708));
#3700 = ORIENTED_EDGE('',*,*,#2452,.T.);
#3701 = ORIENTED_EDGE('',*,*,#3702,.T.);
#3702 = EDGE_CURVE('',#2453,#2958,#3703,.T.);
#3703 = LINE('',#3704,#3705);
#3704 = CARTESIAN_POINT('',(127.552105,-105.637177,-4.6E-02));
#3705 = VECTOR('',#3706,1.);
#3706 = DIRECTION('',(0.,0.,1.));
#3707 = ORIENTED_EDGE('',*,*,#2957,.F.);
#3708 = ORIENTED_EDGE('',*,*,#3702,.F.);
#3709 = CYLINDRICAL_SURFACE('',#3710,0.875);
#3710 = AXIS2_PLACEMENT_3D('',#3711,#3712,#3713);
#3711 = CARTESIAN_POINT('',(127.552105,-104.762177,-4.6E-02));
#3712 = DIRECTION('',(-0.,-0.,-1.));
#3713 = DIRECTION('',(-1.624097681737E-14,-1.,0.));
#3714 = ADVANCED_FACE('',(#3715),#3726,.F.);
#3715 = FACE_BOUND('',#3716,.T.);
#3716 = EDGE_LOOP('',(#3717,#3718,#3724,#3725));
#3717 = ORIENTED_EDGE('',*,*,#2463,.T.);
#3718 = ORIENTED_EDGE('',*,*,#3719,.T.);
#3719 = EDGE_CURVE('',#2464,#2969,#3720,.T.);
#3720 = LINE('',#3721,#3722);
#3721 = CARTESIAN_POINT('',(131.552105,-105.637177,-4.6E-02));
#3722 = VECTOR('',#3723,1.);
#3723 = DIRECTION('',(0.,0.,1.));
#3724 = ORIENTED_EDGE('',*,*,#2968,.F.);
#3725 = ORIENTED_EDGE('',*,*,#3719,.F.);
#3726 = CYLINDRICAL_SURFACE('',#3727,0.875);
#3727 = AXIS2_PLACEMENT_3D('',#3728,#3729,#3730);
#3728 = CARTESIAN_POINT('',(131.552105,-104.762177,-4.6E-02));
#3729 = DIRECTION('',(-0.,-0.,-1.));
#3730 = DIRECTION('',(-0.,-1.,0.));
#3731 = ADVANCED_FACE('',(#3732),#3743,.F.);
#3732 = FACE_BOUND('',#3733,.T.);
#3733 = EDGE_LOOP('',(#3734,#3735,#3741,#3742));
#3734 = ORIENTED_EDGE('',*,*,#2474,.T.);
#3735 = ORIENTED_EDGE('',*,*,#3736,.T.);
#3736 = EDGE_CURVE('',#2475,#2980,#3737,.T.);
#3737 = LINE('',#3738,#3739);
#3738 = CARTESIAN_POINT('',(123.455379,-103.348903,-4.6E-02));
#3739 = VECTOR('',#3740,1.);
#3740 = DIRECTION('',(0.,0.,1.));
#3741 = ORIENTED_EDGE('',*,*,#2979,.F.);
#3742 = ORIENTED_EDGE('',*,*,#3736,.F.);
#3743 = CYLINDRICAL_SURFACE('',#3744,0.2);
#3744 = AXIS2_PLACEMENT_3D('',#3745,#3746,#3747);
#3745 = CARTESIAN_POINT('',(123.455379,-103.148903,-4.6E-02));
#3746 = DIRECTION('',(-0.,-0.,-1.));
#3747 = DIRECTION('',(-0.,-1.,0.));
#3748 = ADVANCED_FACE('',(#3749),#3760,.F.);
#3749 = FACE_BOUND('',#3750,.T.);
#3750 = EDGE_LOOP('',(#3751,#3752,#3758,#3759));
#3751 = ORIENTED_EDGE('',*,*,#2485,.T.);
#3752 = ORIENTED_EDGE('',*,*,#3753,.T.);
#3753 = EDGE_CURVE('',#2486,#2991,#3754,.T.);
#3754 = LINE('',#3755,#3756);
#3755 = CARTESIAN_POINT('',(122.972105,-102.182177,-4.6E-02));
#3756 = VECTOR('',#3757,1.);
#3757 = DIRECTION('',(0.,0.,1.));
#3758 = ORIENTED_EDGE('',*,*,#2990,.F.);
#3759 = ORIENTED_EDGE('',*,*,#3753,.F.);
#3760 = CYLINDRICAL_SURFACE('',#3761,0.2);
#3761 = AXIS2_PLACEMENT_3D('',#3762,#3763,#3764);
#3762 = CARTESIAN_POINT('',(122.972105,-101.982177,-4.6E-02));
#3763 = DIRECTION('',(-0.,-0.,-1.));
#3764 = DIRECTION('',(-0.,-1.,0.));
#3765 = ADVANCED_FACE('',(#3766),#3777,.F.);
#3766 = FACE_BOUND('',#3767,.T.);
#3767 = EDGE_LOOP('',(#3768,#3769,#3775,#3776));
#3768 = ORIENTED_EDGE('',*,*,#2496,.T.);
#3769 = ORIENTED_EDGE('',*,*,#3770,.T.);
#3770 = EDGE_CURVE('',#2497,#3002,#3771,.T.);
#3771 = LINE('',#3772,#3773);
#3772 = CARTESIAN_POINT('',(124.622105,-103.082177,-4.6E-02));
#3773 = VECTOR('',#3774,1.);
#3774 = DIRECTION('',(0.,0.,1.));
#3775 = ORIENTED_EDGE('',*,*,#3001,.F.);
#3776 = ORIENTED_EDGE('',*,*,#3770,.F.);
#3777 = CYLINDRICAL_SURFACE('',#3778,1.1);
#3778 = AXIS2_PLACEMENT_3D('',#3779,#3780,#3781);
#3779 = CARTESIAN_POINT('',(124.622105,-101.982177,-4.6E-02));
#3780 = DIRECTION('',(-0.,-0.,-1.));
#3781 = DIRECTION('',(-0.,-1.,0.));
#3782 = ADVANCED_FACE('',(#3783),#3794,.F.);
#3783 = FACE_BOUND('',#3784,.T.);
#3784 = EDGE_LOOP('',(#3785,#3786,#3792,#3793));
#3785 = ORIENTED_EDGE('',*,*,#2507,.T.);
#3786 = ORIENTED_EDGE('',*,*,#3787,.T.);
#3787 = EDGE_CURVE('',#2508,#3013,#3788,.T.);
#3788 = LINE('',#3789,#3790);
#3789 = CARTESIAN_POINT('',(125.788831,-103.348903,-4.6E-02));
#3790 = VECTOR('',#3791,1.);
#3791 = DIRECTION('',(0.,0.,1.));
#3792 = ORIENTED_EDGE('',*,*,#3012,.F.);
#3793 = ORIENTED_EDGE('',*,*,#3787,.F.);
#3794 = CYLINDRICAL_SURFACE('',#3795,0.2);
#3795 = AXIS2_PLACEMENT_3D('',#3796,#3797,#3798);
#3796 = CARTESIAN_POINT('',(125.788831,-103.148903,-4.6E-02));
#3797 = DIRECTION('',(-0.,-0.,-1.));
#3798 = DIRECTION('',(-0.,-1.,0.));
#3799 = ADVANCED_FACE('',(#3800),#3811,.F.);
#3800 = FACE_BOUND('',#3801,.T.);
#3801 = EDGE_LOOP('',(#3802,#3803,#3809,#3810));
#3802 = ORIENTED_EDGE('',*,*,#2518,.T.);
#3803 = ORIENTED_EDGE('',*,*,#3804,.T.);
#3804 = EDGE_CURVE('',#2519,#3024,#3805,.T.);
#3805 = LINE('',#3806,#3807);
#3806 = CARTESIAN_POINT('',(126.272105,-102.182177,-4.6E-02));
#3807 = VECTOR('',#3808,1.);
#3808 = DIRECTION('',(0.,0.,1.));
#3809 = ORIENTED_EDGE('',*,*,#3023,.F.);
#3810 = ORIENTED_EDGE('',*,*,#3804,.F.);
#3811 = CYLINDRICAL_SURFACE('',#3812,0.2);
#3812 = AXIS2_PLACEMENT_3D('',#3813,#3814,#3815);
#3813 = CARTESIAN_POINT('',(126.272105,-101.982177,-4.6E-02));
#3814 = DIRECTION('',(-0.,-0.,-1.));
#3815 = DIRECTION('',(-0.,-1.,0.));
#3816 = ADVANCED_FACE('',(#3817),#3828,.F.);
#3817 = FACE_BOUND('',#3818,.T.);
#3818 = EDGE_LOOP('',(#3819,#3820,#3826,#3827));
#3819 = ORIENTED_EDGE('',*,*,#2529,.T.);
#3820 = ORIENTED_EDGE('',*,*,#3821,.T.);
#3821 = EDGE_CURVE('',#2530,#3035,#3822,.T.);
#3822 = LINE('',#3823,#3824);
#3823 = CARTESIAN_POINT('',(123.455379,-101.015451,-4.6E-02));
#3824 = VECTOR('',#3825,1.);
#3825 = DIRECTION('',(0.,0.,1.));
#3826 = ORIENTED_EDGE('',*,*,#3034,.F.);
#3827 = ORIENTED_EDGE('',*,*,#3821,.F.);
#3828 = CYLINDRICAL_SURFACE('',#3829,0.2);
#3829 = AXIS2_PLACEMENT_3D('',#3830,#3831,#3832);
#3830 = CARTESIAN_POINT('',(123.455379,-100.815451,-4.6E-02));
#3831 = DIRECTION('',(-0.,-0.,-1.));
#3832 = DIRECTION('',(-0.,-1.,0.));
#3833 = ADVANCED_FACE('',(#3834),#3845,.F.);
#3834 = FACE_BOUND('',#3835,.T.);
#3835 = EDGE_LOOP('',(#3836,#3837,#3843,#3844));
#3836 = ORIENTED_EDGE('',*,*,#2540,.T.);
#3837 = ORIENTED_EDGE('',*,*,#3838,.T.);
#3838 = EDGE_CURVE('',#2541,#3046,#3839,.T.);
#3839 = LINE('',#3840,#3841);
#3840 = CARTESIAN_POINT('',(124.622105,-100.532177,-4.6E-02));
#3841 = VECTOR('',#3842,1.);
#3842 = DIRECTION('',(0.,0.,1.));
#3843 = ORIENTED_EDGE('',*,*,#3045,.F.);
#3844 = ORIENTED_EDGE('',*,*,#3838,.F.);
#3845 = CYLINDRICAL_SURFACE('',#3846,0.2);
#3846 = AXIS2_PLACEMENT_3D('',#3847,#3848,#3849);
#3847 = CARTESIAN_POINT('',(124.622105,-100.332177,-4.6E-02));
#3848 = DIRECTION('',(-0.,-0.,-1.));
#3849 = DIRECTION('',(-0.,-1.,0.));
#3850 = ADVANCED_FACE('',(#3851),#3862,.F.);
#3851 = FACE_BOUND('',#3852,.T.);
#3852 = EDGE_LOOP('',(#3853,#3854,#3860,#3861));
#3853 = ORIENTED_EDGE('',*,*,#2551,.T.);
#3854 = ORIENTED_EDGE('',*,*,#3855,.T.);
#3855 = EDGE_CURVE('',#2552,#3057,#3856,.T.);
#3856 = LINE('',#3857,#3858);
#3857 = CARTESIAN_POINT('',(125.788831,-101.015451,-4.6E-02));
#3858 = VECTOR('',#3859,1.);
#3859 = DIRECTION('',(0.,0.,1.));
#3860 = ORIENTED_EDGE('',*,*,#3056,.F.);
#3861 = ORIENTED_EDGE('',*,*,#3855,.F.);
#3862 = CYLINDRICAL_SURFACE('',#3863,0.2);
#3863 = AXIS2_PLACEMENT_3D('',#3864,#3865,#3866);
#3864 = CARTESIAN_POINT('',(125.788831,-100.815451,-4.6E-02));
#3865 = DIRECTION('',(-0.,-0.,-1.));
#3866 = DIRECTION('',(-0.,-1.,0.));
#3867 = ADVANCED_FACE('',(#3868),#3879,.F.);
#3868 = FACE_BOUND('',#3869,.T.);
#3869 = EDGE_LOOP('',(#3870,#3871,#3877,#3878));
#3870 = ORIENTED_EDGE('',*,*,#2562,.T.);
#3871 = ORIENTED_EDGE('',*,*,#3872,.T.);
#3872 = EDGE_CURVE('',#2563,#3068,#3873,.T.);
#3873 = LINE('',#3874,#3875);
#3874 = CARTESIAN_POINT('',(129.552105,-102.837177,-4.6E-02));
#3875 = VECTOR('',#3876,1.);
#3876 = DIRECTION('',(0.,0.,1.));
#3877 = ORIENTED_EDGE('',*,*,#3067,.F.);
#3878 = ORIENTED_EDGE('',*,*,#3872,.F.);
#3879 = CYLINDRICAL_SURFACE('',#3880,0.875);
#3880 = AXIS2_PLACEMENT_3D('',#3881,#3882,#3883);
#3881 = CARTESIAN_POINT('',(129.552105,-101.962177,-4.6E-02));
#3882 = DIRECTION('',(-0.,-0.,-1.));
#3883 = DIRECTION('',(-0.,-1.,0.));
#3884 = ADVANCED_FACE('',(#3885),#3896,.F.);
#3885 = FACE_BOUND('',#3886,.T.);
#3886 = EDGE_LOOP('',(#3887,#3888,#3894,#3895));
#3887 = ORIENTED_EDGE('',*,*,#2573,.T.);
#3888 = ORIENTED_EDGE('',*,*,#3889,.T.);
#3889 = EDGE_CURVE('',#2574,#3079,#3890,.T.);
#3890 = LINE('',#3891,#3892);
#3891 = CARTESIAN_POINT('',(133.552105,-102.837177,-4.6E-02));
#3892 = VECTOR('',#3893,1.);
#3893 = DIRECTION('',(0.,0.,1.));
#3894 = ORIENTED_EDGE('',*,*,#3078,.F.);
#3895 = ORIENTED_EDGE('',*,*,#3889,.F.);
#3896 = CYLINDRICAL_SURFACE('',#3897,0.875);
#3897 = AXIS2_PLACEMENT_3D('',#3898,#3899,#3900);
#3898 = CARTESIAN_POINT('',(133.552105,-101.962177,-4.6E-02));
#3899 = DIRECTION('',(-0.,-0.,-1.));
#3900 = DIRECTION('',(-0.,-1.,0.));
#3901 = ADVANCED_FACE('',(#3902),#3913,.F.);
#3902 = FACE_BOUND('',#3903,.T.);
#3903 = EDGE_LOOP('',(#3904,#3905,#3911,#3912));
#3904 = ORIENTED_EDGE('',*,*,#2584,.T.);
#3905 = ORIENTED_EDGE('',*,*,#3906,.T.);
#3906 = EDGE_CURVE('',#2585,#3090,#3907,.T.);
#3907 = LINE('',#3908,#3909);
#3908 = CARTESIAN_POINT('',(135.552105,-105.637177,-4.6E-02));
#3909 = VECTOR('',#3910,1.);
#3910 = DIRECTION('',(0.,0.,1.));
#3911 = ORIENTED_EDGE('',*,*,#3089,.F.);
#3912 = ORIENTED_EDGE('',*,*,#3906,.F.);
#3913 = CYLINDRICAL_SURFACE('',#3914,0.875);
#3914 = AXIS2_PLACEMENT_3D('',#3915,#3916,#3917);
#3915 = CARTESIAN_POINT('',(135.552105,-104.762177,-4.6E-02));
#3916 = DIRECTION('',(-0.,-0.,-1.));
#3917 = DIRECTION('',(-0.,-1.,0.));
#3918 = ADVANCED_FACE('',(#3919),#3930,.F.);
#3919 = FACE_BOUND('',#3920,.T.);
#3920 = EDGE_LOOP('',(#3921,#3922,#3928,#3929));
#3921 = ORIENTED_EDGE('',*,*,#2595,.T.);
#3922 = ORIENTED_EDGE('',*,*,#3923,.T.);
#3923 = EDGE_CURVE('',#2596,#3101,#3924,.T.);
#3924 = LINE('',#3925,#3926);
#3925 = CARTESIAN_POINT('',(139.552105,-105.637177,-4.6E-02));
#3926 = VECTOR('',#3927,1.);
#3927 = DIRECTION('',(0.,0.,1.));
#3928 = ORIENTED_EDGE('',*,*,#3100,.F.);
#3929 = ORIENTED_EDGE('',*,*,#3923,.F.);
#3930 = CYLINDRICAL_SURFACE('',#3931,0.875);
#3931 = AXIS2_PLACEMENT_3D('',#3932,#3933,#3934);
#3932 = CARTESIAN_POINT('',(139.552105,-104.762177,-4.6E-02));
#3933 = DIRECTION('',(-0.,-0.,-1.));
#3934 = DIRECTION('',(-0.,-1.,0.));
#3935 = ADVANCED_FACE('',(#3936),#3947,.F.);
#3936 = FACE_BOUND('',#3937,.T.);
#3937 = EDGE_LOOP('',(#3938,#3939,#3945,#3946));
#3938 = ORIENTED_EDGE('',*,*,#2606,.T.);
#3939 = ORIENTED_EDGE('',*,*,#3940,.T.);
#3940 = EDGE_CURVE('',#2607,#3112,#3941,.T.);
#3941 = LINE('',#3942,#3943);
#3942 = CARTESIAN_POINT('',(137.552105,-102.837177,-4.6E-02));
#3943 = VECTOR('',#3944,1.);
#3944 = DIRECTION('',(0.,0.,1.));
#3945 = ORIENTED_EDGE('',*,*,#3111,.F.);
#3946 = ORIENTED_EDGE('',*,*,#3940,.F.);
#3947 = CYLINDRICAL_SURFACE('',#3948,0.875);
#3948 = AXIS2_PLACEMENT_3D('',#3949,#3950,#3951);
#3949 = CARTESIAN_POINT('',(137.552105,-101.962177,-4.6E-02));
#3950 = DIRECTION('',(-0.,-0.,-1.));
#3951 = DIRECTION('',(-0.,-1.,0.));
#3952 = ( GEOMETRIC_REPRESENTATION_CONTEXT(3) 
GLOBAL_UNCERTAINTY_ASSIGNED_CONTEXT((#3956)) 
GLOBAL_UNIT_ASSIGNED_CONTEXT((#3953,#3954,#3955)) REPRESENTATION_CONTEXT
('Context #1','3D Context with UNIT and UNCERTAINTY') );
#3953 = ( LENGTH_UNIT() NAMED_UNIT(*) SI_UNIT(.MILLI.,.METRE.) );
#3954 = ( NAMED_UNIT(*) PLANE_ANGLE_UNIT() SI_UNIT($,.RADIAN.) );
#3955 = ( NAMED_UNIT(*) SI_UNIT($,.STERADIAN.) SOLID_ANGLE_UNIT() );
#3956 = UNCERTAINTY_MEASURE_WITH_UNIT(LENGTH_MEASURE(1.E-07),#3953,
  'distance_accuracy_value','confusion accuracy');
#3957 = CONTEXT_DEPENDENT_SHAPE_REPRESENTATION(#3958,#3960);
#3958 = ( REPRESENTATION_RELATIONSHIP('','',#2007,#10) 
REPRESENTATION_RELATIONSHIP_WITH_TRANSFORMATION(#3959) 
SHAPE_REPRESENTATION_RELATIONSHIP() );
#3959 = ITEM_DEFINED_TRANSFORMATION('','',#11,#19);
#3960 = PRODUCT_DEFINITION_SHAPE('Placement','Placement of an item',
  #3961);
#3961 = NEXT_ASSEMBLY_USAGE_OCCURRENCE('2','=>[0:1:1:3]','',#5,#2002,$);
#3962 = PRODUCT_RELATED_PRODUCT_CATEGORY('part',$,(#2004));
#3963 = SHAPE_DEFINITION_REPRESENTATION(#3964,#3970);
#3964 = PRODUCT_DEFINITION_SHAPE('','',#3965);
#3965 = PRODUCT_DEFINITION('design','',#3966,#3969);
#3966 = PRODUCT_DEFINITION_FORMATION('','',#3967);
#3967 = PRODUCT('Vortac_Panel_PCB_3','Vortac_Panel_PCB_3','',(#3968));
#3968 = PRODUCT_CONTEXT('',#2,'mechanical');
#3969 = PRODUCT_DEFINITION_CONTEXT('part definition',#2,'design');
#3970 = ADVANCED_BREP_SHAPE_REPRESENTATION('',(#11,#3971),#5915);
#3971 = MANIFOLD_SOLID_BREP('',#3972);
#3972 = CLOSED_SHELL('',(#3973,#4015,#4046,#4077,#4582,#5087,#5104,#5121
    ,#5138,#5155,#5172,#5189,#5206,#5223,#5240,#5257,#5274,#5291,#5308,
    #5325,#5342,#5359,#5371,#5388,#5405,#5422,#5439,#5456,#5473,#5490,
    #5507,#5524,#5541,#5558,#5575,#5592,#5609,#5626,#5643,#5660,#5677,
    #5694,#5711,#5728,#5745,#5762,#5779,#5796,#5813,#5830,#5847,#5864,
    #5881,#5898));
#3973 = ADVANCED_FACE('',(#3974),#4010,.T.);
#3974 = FACE_BOUND('',#3975,.T.);
#3975 = EDGE_LOOP('',(#3976,#3986,#3995,#4003));
#3976 = ORIENTED_EDGE('',*,*,#3977,.T.);
#3977 = EDGE_CURVE('',#3978,#3980,#3982,.T.);
#3978 = VERTEX_POINT('',#3979);
#3979 = CARTESIAN_POINT('',(93.552096,-99.162176,0.));
#3980 = VERTEX_POINT('',#3981);
#3981 = CARTESIAN_POINT('',(93.552096,-99.162176,0.91));
#3982 = LINE('',#3983,#3984);
#3983 = CARTESIAN_POINT('',(93.552096,-99.162176,0.));
#3984 = VECTOR('',#3985,1.);
#3985 = DIRECTION('',(0.,0.,1.));
#3986 = ORIENTED_EDGE('',*,*,#3987,.T.);
#3987 = EDGE_CURVE('',#3980,#3988,#3990,.T.);
#3988 = VERTEX_POINT('',#3989);
#3989 = CARTESIAN_POINT('',(94.352096,-99.962176,0.91));
#3990 = CIRCLE('',#3991,0.800006572279);
#3991 = AXIS2_PLACEMENT_3D('',#3992,#3993,#3994);
#3992 = CARTESIAN_POINT('',(93.552089427748,-99.96218257225,0.91));
#3993 = DIRECTION('',(0.,0.,-1.));
#3994 = DIRECTION('',(8.215247816907E-06,0.999999999966,0.));
#3995 = ORIENTED_EDGE('',*,*,#3996,.F.);
#3996 = EDGE_CURVE('',#3997,#3988,#3999,.T.);
#3997 = VERTEX_POINT('',#3998);
#3998 = CARTESIAN_POINT('',(94.352096,-99.962176,0.));
#3999 = LINE('',#4000,#4001);
#4000 = CARTESIAN_POINT('',(94.352096,-99.962176,0.));
#4001 = VECTOR('',#4002,1.);
#4002 = DIRECTION('',(0.,0.,1.));
#4003 = ORIENTED_EDGE('',*,*,#4004,.F.);
#4004 = EDGE_CURVE('',#3978,#3997,#4005,.T.);
#4005 = CIRCLE('',#4006,0.800006572279);
#4006 = AXIS2_PLACEMENT_3D('',#4007,#4008,#4009);
#4007 = CARTESIAN_POINT('',(93.552089427748,-99.96218257225,0.));
#4008 = DIRECTION('',(0.,0.,-1.));
#4009 = DIRECTION('',(8.215247816907E-06,0.999999999966,0.));
#4010 = CYLINDRICAL_SURFACE('',#4011,0.800006572279);
#4011 = AXIS2_PLACEMENT_3D('',#4012,#4013,#4014);
#4012 = CARTESIAN_POINT('',(93.552089427748,-99.96218257225,0.));
#4013 = DIRECTION('',(0.,0.,-1.));
#4014 = DIRECTION('',(8.215247816907E-06,0.999999999966,0.));
#4015 = ADVANCED_FACE('',(#4016),#4041,.T.);
#4016 = FACE_BOUND('',#4017,.T.);
#4017 = EDGE_LOOP('',(#4018,#4028,#4034,#4035));
#4018 = ORIENTED_EDGE('',*,*,#4019,.T.);
#4019 = EDGE_CURVE('',#4020,#4022,#4024,.T.);
#4020 = VERTEX_POINT('',#4021);
#4021 = CARTESIAN_POINT('',(77.630607,-99.162176,0.));
#4022 = VERTEX_POINT('',#4023);
#4023 = CARTESIAN_POINT('',(77.630607,-99.162176,0.91));
#4024 = LINE('',#4025,#4026);
#4025 = CARTESIAN_POINT('',(77.630607,-99.162176,0.));
#4026 = VECTOR('',#4027,1.);
#4027 = DIRECTION('',(0.,0.,1.));
#4028 = ORIENTED_EDGE('',*,*,#4029,.T.);
#4029 = EDGE_CURVE('',#4022,#3980,#4030,.T.);
#4030 = LINE('',#4031,#4032);
#4031 = CARTESIAN_POINT('',(77.630607,-99.162176,0.91));
#4032 = VECTOR('',#4033,1.);
#4033 = DIRECTION('',(1.,0.,0.));
#4034 = ORIENTED_EDGE('',*,*,#3977,.F.);
#4035 = ORIENTED_EDGE('',*,*,#4036,.F.);
#4036 = EDGE_CURVE('',#4020,#3978,#4037,.T.);
#4037 = LINE('',#4038,#4039);
#4038 = CARTESIAN_POINT('',(77.630607,-99.162176,0.));
#4039 = VECTOR('',#4040,1.);
#4040 = DIRECTION('',(1.,0.,0.));
#4041 = PLANE('',#4042);
#4042 = AXIS2_PLACEMENT_3D('',#4043,#4044,#4045);
#4043 = CARTESIAN_POINT('',(77.630607,-99.162176,0.));
#4044 = DIRECTION('',(0.,1.,0.));
#4045 = DIRECTION('',(1.,0.,0.));
#4046 = ADVANCED_FACE('',(#4047),#4072,.T.);
#4047 = FACE_BOUND('',#4048,.T.);
#4048 = EDGE_LOOP('',(#4049,#4050,#4058,#4066));
#4049 = ORIENTED_EDGE('',*,*,#3996,.T.);
#4050 = ORIENTED_EDGE('',*,*,#4051,.T.);
#4051 = EDGE_CURVE('',#3988,#4052,#4054,.T.);
#4052 = VERTEX_POINT('',#4053);
#4053 = CARTESIAN_POINT('',(94.352096,-104.162076,0.91));
#4054 = LINE('',#4055,#4056);
#4055 = CARTESIAN_POINT('',(94.352096,-99.962176,0.91));
#4056 = VECTOR('',#4057,1.);
#4057 = DIRECTION('',(0.,-1.,0.));
#4058 = ORIENTED_EDGE('',*,*,#4059,.F.);
#4059 = EDGE_CURVE('',#4060,#4052,#4062,.T.);
#4060 = VERTEX_POINT('',#4061);
#4061 = CARTESIAN_POINT('',(94.352096,-104.162076,0.));
#4062 = LINE('',#4063,#4064);
#4063 = CARTESIAN_POINT('',(94.352096,-104.162076,0.));
#4064 = VECTOR('',#4065,1.);
#4065 = DIRECTION('',(0.,0.,1.));
#4066 = ORIENTED_EDGE('',*,*,#4067,.F.);
#4067 = EDGE_CURVE('',#3997,#4060,#4068,.T.);
#4068 = LINE('',#4069,#4070);
#4069 = CARTESIAN_POINT('',(94.352096,-99.962176,0.));
#4070 = VECTOR('',#4071,1.);
#4071 = DIRECTION('',(0.,-1.,0.));
#4072 = PLANE('',#4073);
#4073 = AXIS2_PLACEMENT_3D('',#4074,#4075,#4076);
#4074 = CARTESIAN_POINT('',(94.352096,-99.962176,0.));
#4075 = DIRECTION('',(1.,0.,-0.));
#4076 = DIRECTION('',(0.,-1.,0.));
#4077 = ADVANCED_FACE('',(#4078,#4225,#4236,#4247,#4258,#4269,#4280,
    #4291,#4302,#4313,#4324,#4335,#4346,#4357,#4368,#4379,#4390,#4401,
    #4412,#4423,#4434,#4445,#4456,#4467,#4478,#4489,#4500,#4511,#4522,
    #4533,#4544,#4555,#4566),#4577,.F.);
#4078 = FACE_BOUND('',#4079,.F.);
#4079 = EDGE_LOOP('',(#4080,#4081,#4082,#4091,#4099,#4107,#4116,#4124,
    #4133,#4141,#4150,#4158,#4167,#4175,#4183,#4192,#4200,#4209,#4217,
    #4224));
#4080 = ORIENTED_EDGE('',*,*,#4004,.F.);
#4081 = ORIENTED_EDGE('',*,*,#4036,.F.);
#4082 = ORIENTED_EDGE('',*,*,#4083,.F.);
#4083 = EDGE_CURVE('',#4084,#4020,#4086,.T.);
#4084 = VERTEX_POINT('',#4085);
#4085 = CARTESIAN_POINT('',(76.471485,-104.510987,0.));
#4086 = CIRCLE('',#4087,2.800000501201);
#4087 = AXIS2_PLACEMENT_3D('',#4088,#4089,#4090);
#4088 = CARTESIAN_POINT('',(77.630608741426,-101.9621765012,0.));
#4089 = DIRECTION('',(0.,0.,-1.));
#4090 = DIRECTION('',(-0.413972690694,-0.910289300915,-0.));
#4091 = ORIENTED_EDGE('',*,*,#4092,.F.);
#4092 = EDGE_CURVE('',#4093,#4084,#4095,.T.);
#4093 = VERTEX_POINT('',#4094);
#4094 = CARTESIAN_POINT('',(77.841445,-105.128972,0.));
#4095 = LINE('',#4096,#4097);
#4096 = CARTESIAN_POINT('',(77.841445,-105.128972,0.));
#4097 = VECTOR('',#4098,1.);
#4098 = DIRECTION('',(-0.911546879631,0.41119616515,0.));
#4099 = ORIENTED_EDGE('',*,*,#4100,.F.);
#4100 = EDGE_CURVE('',#4101,#4093,#4103,.T.);
#4101 = VERTEX_POINT('',#4102);
#4102 = CARTESIAN_POINT('',(77.841438,-105.128987,0.));
#4103 = LINE('',#4104,#4105);
#4104 = CARTESIAN_POINT('',(77.841438,-105.128987,0.));
#4105 = VECTOR('',#4106,1.);
#4106 = DIRECTION('',(0.422885465378,0.906183139973,0.));
#4107 = ORIENTED_EDGE('',*,*,#4108,.F.);
#4108 = EDGE_CURVE('',#4109,#4101,#4111,.T.);
#4109 = VERTEX_POINT('',#4110);
#4110 = CARTESIAN_POINT('',(76.834007,-109.812276,0.));
#4111 = CIRCLE('',#4112,2.449999807773);
#4112 = AXIS2_PLACEMENT_3D('',#4113,#4114,#4115);
#4113 = CARTESIAN_POINT('',(76.834006393404,-107.3622761922,0.));
#4114 = DIRECTION('',(0.,-0.,1.));
#4115 = DIRECTION('',(2.475901205909E-07,-1.,-0.));
#4116 = ORIENTED_EDGE('',*,*,#4117,.F.);
#4117 = EDGE_CURVE('',#4118,#4109,#4120,.T.);
#4118 = VERTEX_POINT('',#4119);
#4119 = CARTESIAN_POINT('',(75.630607,-109.812276,0.));
#4120 = LINE('',#4121,#4122);
#4121 = CARTESIAN_POINT('',(75.630607,-109.812276,0.));
#4122 = VECTOR('',#4123,1.);
#4123 = DIRECTION('',(1.,0.,0.));
#4124 = ORIENTED_EDGE('',*,*,#4125,.F.);
#4125 = EDGE_CURVE('',#4126,#4118,#4128,.T.);
#4126 = VERTEX_POINT('',#4127);
#4127 = CARTESIAN_POINT('',(74.830638,-110.612276,0.));
#4128 = CIRCLE('',#4129,0.799950240316);
#4129 = AXIS2_PLACEMENT_3D('',#4130,#4131,#4132);
#4130 = CARTESIAN_POINT('',(75.630588238769,-110.61222624,0.));
#4131 = DIRECTION('',(0.,0.,-1.));
#4132 = DIRECTION('',(-0.999999998065,-6.220374849999E-05,-0.));
#4133 = ORIENTED_EDGE('',*,*,#4134,.F.);
#4134 = EDGE_CURVE('',#4135,#4126,#4137,.T.);
#4135 = VERTEX_POINT('',#4136);
#4136 = CARTESIAN_POINT('',(74.830638,-113.762076,0.));
#4137 = LINE('',#4138,#4139);
#4138 = CARTESIAN_POINT('',(74.830638,-113.762076,0.));
#4139 = VECTOR('',#4140,1.);
#4140 = DIRECTION('',(0.,1.,0.));
#4141 = ORIENTED_EDGE('',*,*,#4142,.F.);
#4142 = EDGE_CURVE('',#4143,#4135,#4145,.T.);
#4143 = VERTEX_POINT('',#4144);
#4144 = CARTESIAN_POINT('',(75.641214,-114.562176,0.));
#4145 = CIRCLE('',#4146,0.800138271485);
#4146 = AXIS2_PLACEMENT_3D('',#4147,#4148,#4149);
#4147 = CARTESIAN_POINT('',(75.63077627093,-113.762105811,0.));
#4148 = DIRECTION('',(0.,0.,-1.));
#4149 = DIRECTION('',(1.304490666439E-02,-0.999914911585,0.));
#4150 = ORIENTED_EDGE('',*,*,#4151,.F.);
#4151 = EDGE_CURVE('',#4152,#4143,#4154,.T.);
#4152 = VERTEX_POINT('',#4153);
#4153 = CARTESIAN_POINT('',(93.552107,-114.562176,0.));
#4154 = LINE('',#4155,#4156);
#4155 = CARTESIAN_POINT('',(93.552107,-114.562176,0.));
#4156 = VECTOR('',#4157,1.);
#4157 = DIRECTION('',(-1.,0.,0.));
#4158 = ORIENTED_EDGE('',*,*,#4159,.F.);
#4159 = EDGE_CURVE('',#4160,#4152,#4162,.T.);
#4160 = VERTEX_POINT('',#4161);
#4161 = CARTESIAN_POINT('',(94.352096,-113.766175,0.));
#4162 = CIRCLE('',#4163,0.799997095442);
#4163 = AXIS2_PLACEMENT_3D('',#4164,#4165,#4166);
#4164 = CARTESIAN_POINT('',(93.552108885144,-113.7621789045,0.));
#4165 = DIRECTION('',(0.,0.,-1.));
#4166 = DIRECTION('',(0.999987524223,-4.995137435127E-03,0.));
#4167 = ORIENTED_EDGE('',*,*,#4168,.F.);
#4168 = EDGE_CURVE('',#4169,#4160,#4171,.T.);
#4169 = VERTEX_POINT('',#4170);
#4170 = CARTESIAN_POINT('',(94.352096,-113.162176,0.));
#4171 = LINE('',#4172,#4173);
#4172 = CARTESIAN_POINT('',(94.352096,-113.162176,0.));
#4173 = VECTOR('',#4174,1.);
#4174 = DIRECTION('',(0.,-1.,0.));
#4175 = ORIENTED_EDGE('',*,*,#4176,.F.);
#4176 = EDGE_CURVE('',#4177,#4169,#4179,.T.);
#4177 = VERTEX_POINT('',#4178);
#4178 = CARTESIAN_POINT('',(94.352107,-113.162176,0.));
#4179 = LINE('',#4180,#4181);
#4180 = CARTESIAN_POINT('',(94.352107,-113.162176,0.));
#4181 = VECTOR('',#4182,1.);
#4182 = DIRECTION('',(-1.,0.,0.));
#4183 = ORIENTED_EDGE('',*,*,#4184,.F.);
#4184 = EDGE_CURVE('',#4185,#4177,#4187,.T.);
#4185 = VERTEX_POINT('',#4186);
#4186 = CARTESIAN_POINT('',(95.152107,-112.362176,0.));
#4187 = CIRCLE('',#4188,0.800001450872);
#4188 = AXIS2_PLACEMENT_3D('',#4189,#4190,#4191);
#4189 = CARTESIAN_POINT('',(95.152108450871,-113.1621774508,0.));
#4190 = DIRECTION('',(0.,0.,1.));
#4191 = DIRECTION('',(-1.813584977131E-06,0.999999999998,0.));
#4192 = ORIENTED_EDGE('',*,*,#4193,.F.);
#4193 = EDGE_CURVE('',#4194,#4185,#4196,.T.);
#4194 = VERTEX_POINT('',#4195);
#4195 = CARTESIAN_POINT('',(96.005507,-112.362176,0.));
#4196 = LINE('',#4197,#4198);
#4197 = CARTESIAN_POINT('',(96.005507,-112.362176,0.));
#4198 = VECTOR('',#4199,1.);
#4199 = DIRECTION('',(-1.,0.,0.));
#4200 = ORIENTED_EDGE('',*,*,#4201,.F.);
#4201 = EDGE_CURVE('',#4202,#4194,#4204,.T.);
#4202 = VERTEX_POINT('',#4203);
#4203 = CARTESIAN_POINT('',(97.156858,-107.009847,0.));
#4204 = CIRCLE('',#4205,2.799998950257);
#4205 = AXIS2_PLACEMENT_3D('',#4206,#4207,#4208);
#4206 = CARTESIAN_POINT('',(96.005508600982,-109.5621770497,0.));
#4207 = DIRECTION('',(0.,0.,-1.));
#4208 = DIRECTION('',(0.411196368096,0.911546788083,0.));
#4209 = ORIENTED_EDGE('',*,*,#4210,.F.);
#4210 = EDGE_CURVE('',#4211,#4202,#4213,.T.);
#4211 = VERTEX_POINT('',#4212);
#4212 = CARTESIAN_POINT('',(95.788967,-106.392794,0.));
#4213 = LINE('',#4214,#4215);
#4214 = CARTESIAN_POINT('',(95.788967,-106.392794,0.));
#4215 = VECTOR('',#4216,1.);
#4216 = DIRECTION('',(0.911546549942,-0.411196896011,0.));
#4217 = ORIENTED_EDGE('',*,*,#4218,.F.);
#4218 = EDGE_CURVE('',#4060,#4211,#4219,.T.);
#4219 = CIRCLE('',#4220,2.450014265449);
#4220 = AXIS2_PLACEMENT_3D('',#4221,#4222,#4223);
#4221 = CARTESIAN_POINT('',(96.802110265449,-104.1620742451,0.));
#4222 = DIRECTION('',(0.,0.,1.));
#4223 = DIRECTION('',(-1.,-7.162522511376E-07,0.));
#4224 = ORIENTED_EDGE('',*,*,#4067,.F.);
#4225 = FACE_BOUND('',#4226,.F.);
#4226 = EDGE_LOOP('',(#4227));
#4227 = ORIENTED_EDGE('',*,*,#4228,.T.);
#4228 = EDGE_CURVE('',#4229,#4229,#4231,.T.);
#4229 = VERTEX_POINT('',#4230);
#4230 = CARTESIAN_POINT('',(76.972107,-113.092176,0.));
#4231 = CIRCLE('',#4232,0.9);
#4232 = AXIS2_PLACEMENT_3D('',#4233,#4234,#4235);
#4233 = CARTESIAN_POINT('',(76.972107,-112.192176,0.));
#4234 = DIRECTION('',(-0.,0.,-1.));
#4235 = DIRECTION('',(-0.,-1.,0.));
#4236 = FACE_BOUND('',#4237,.F.);
#4237 = EDGE_LOOP('',(#4238));
#4238 = ORIENTED_EDGE('',*,*,#4239,.T.);
#4239 = EDGE_CURVE('',#4240,#4240,#4242,.T.);
#4240 = VERTEX_POINT('',#4241);
#4241 = CARTESIAN_POINT('',(80.772107,-113.092176,0.));
#4242 = CIRCLE('',#4243,0.9);
#4243 = AXIS2_PLACEMENT_3D('',#4244,#4245,#4246);
#4244 = CARTESIAN_POINT('',(80.772107,-112.192176,0.));
#4245 = DIRECTION('',(-0.,0.,-1.));
#4246 = DIRECTION('',(-0.,-1.,0.));
#4247 = FACE_BOUND('',#4248,.F.);
#4248 = EDGE_LOOP('',(#4249));
#4249 = ORIENTED_EDGE('',*,*,#4250,.T.);
#4250 = EDGE_CURVE('',#4251,#4251,#4253,.T.);
#4251 = VERTEX_POINT('',#4252);
#4252 = CARTESIAN_POINT('',(83.802107,-113.422176,0.));
#4253 = CIRCLE('',#4254,0.5);
#4254 = AXIS2_PLACEMENT_3D('',#4255,#4256,#4257);
#4255 = CARTESIAN_POINT('',(83.802107,-112.922176,0.));
#4256 = DIRECTION('',(-0.,0.,-1.));
#4257 = DIRECTION('',(-0.,-1.,0.));
#4258 = FACE_BOUND('',#4259,.F.);
#4259 = EDGE_LOOP('',(#4260));
#4260 = ORIENTED_EDGE('',*,*,#4261,.T.);
#4261 = EDGE_CURVE('',#4262,#4262,#4264,.T.);
#4262 = VERTEX_POINT('',#4263);
#4263 = CARTESIAN_POINT('',(86.002107,-113.422176,0.));
#4264 = CIRCLE('',#4265,0.5);
#4265 = AXIS2_PLACEMENT_3D('',#4266,#4267,#4268);
#4266 = CARTESIAN_POINT('',(86.002107,-112.922176,0.));
#4267 = DIRECTION('',(-0.,0.,-1.));
#4268 = DIRECTION('',(-0.,-1.,0.));
#4269 = FACE_BOUND('',#4270,.F.);
#4270 = EDGE_LOOP('',(#4271));
#4271 = ORIENTED_EDGE('',*,*,#4272,.T.);
#4272 = EDGE_CURVE('',#4273,#4273,#4275,.T.);
#4273 = VERTEX_POINT('',#4274);
#4274 = CARTESIAN_POINT('',(88.202107,-113.422176,0.));
#4275 = CIRCLE('',#4276,0.5);
#4276 = AXIS2_PLACEMENT_3D('',#4277,#4278,#4279);
#4277 = CARTESIAN_POINT('',(88.202107,-112.922176,0.));
#4278 = DIRECTION('',(-0.,0.,-1.));
#4279 = DIRECTION('',(-0.,-1.,0.));
#4280 = FACE_BOUND('',#4281,.F.);
#4281 = EDGE_LOOP('',(#4282));
#4282 = ORIENTED_EDGE('',*,*,#4283,.T.);
#4283 = EDGE_CURVE('',#4284,#4284,#4286,.T.);
#4284 = VERTEX_POINT('',#4285);
#4285 = CARTESIAN_POINT('',(90.402107,-113.422176,0.));
#4286 = CIRCLE('',#4287,0.5);
#4287 = AXIS2_PLACEMENT_3D('',#4288,#4289,#4290);
#4288 = CARTESIAN_POINT('',(90.402107,-112.922176,0.));
#4289 = DIRECTION('',(-0.,0.,-1.));
#4290 = DIRECTION('',(-0.,-1.,0.));
#4291 = FACE_BOUND('',#4292,.F.);
#4292 = EDGE_LOOP('',(#4293));
#4293 = ORIENTED_EDGE('',*,*,#4294,.T.);
#4294 = EDGE_CURVE('',#4295,#4295,#4297,.T.);
#4295 = VERTEX_POINT('',#4296);
#4296 = CARTESIAN_POINT('',(92.602107,-113.422176,0.));
#4297 = CIRCLE('',#4298,0.5);
#4298 = AXIS2_PLACEMENT_3D('',#4299,#4300,#4301);
#4299 = CARTESIAN_POINT('',(92.602107,-112.922176,0.));
#4300 = DIRECTION('',(-0.,0.,-1.));
#4301 = DIRECTION('',(-0.,-1.,0.));
#4302 = FACE_BOUND('',#4303,.F.);
#4303 = EDGE_LOOP('',(#4304));
#4304 = ORIENTED_EDGE('',*,*,#4305,.T.);
#4305 = EDGE_CURVE('',#4306,#4306,#4308,.T.);
#4306 = VERTEX_POINT('',#4307);
#4307 = CARTESIAN_POINT('',(94.815381,-110.928902,0.));
#4308 = CIRCLE('',#4309,0.2);
#4309 = AXIS2_PLACEMENT_3D('',#4310,#4311,#4312);
#4310 = CARTESIAN_POINT('',(94.815381,-110.728902,0.));
#4311 = DIRECTION('',(-0.,0.,-1.));
#4312 = DIRECTION('',(-0.,-1.,0.));
#4313 = FACE_BOUND('',#4314,.F.);
#4314 = EDGE_LOOP('',(#4315));
#4315 = ORIENTED_EDGE('',*,*,#4316,.T.);
#4316 = EDGE_CURVE('',#4317,#4317,#4319,.T.);
#4317 = VERTEX_POINT('',#4318);
#4318 = CARTESIAN_POINT('',(95.982107,-111.412176,0.));
#4319 = CIRCLE('',#4320,0.2);
#4320 = AXIS2_PLACEMENT_3D('',#4321,#4322,#4323);
#4321 = CARTESIAN_POINT('',(95.982107,-111.212176,0.));
#4322 = DIRECTION('',(-0.,0.,-1.));
#4323 = DIRECTION('',(-0.,-1.,0.));
#4324 = FACE_BOUND('',#4325,.F.);
#4325 = EDGE_LOOP('',(#4326));
#4326 = ORIENTED_EDGE('',*,*,#4327,.T.);
#4327 = EDGE_CURVE('',#4328,#4328,#4330,.T.);
#4328 = VERTEX_POINT('',#4329);
#4329 = CARTESIAN_POINT('',(97.148833,-110.928902,0.));
#4330 = CIRCLE('',#4331,0.2);
#4331 = AXIS2_PLACEMENT_3D('',#4332,#4333,#4334);
#4332 = CARTESIAN_POINT('',(97.148833,-110.728902,0.));
#4333 = DIRECTION('',(-0.,0.,-1.));
#4334 = DIRECTION('',(-0.,-1.,0.));
#4335 = FACE_BOUND('',#4336,.F.);
#4336 = EDGE_LOOP('',(#4337));
#4337 = ORIENTED_EDGE('',*,*,#4338,.T.);
#4338 = EDGE_CURVE('',#4339,#4339,#4341,.T.);
#4339 = VERTEX_POINT('',#4340);
#4340 = CARTESIAN_POINT('',(94.332107,-109.762176,0.));
#4341 = CIRCLE('',#4342,0.2);
#4342 = AXIS2_PLACEMENT_3D('',#4343,#4344,#4345);
#4343 = CARTESIAN_POINT('',(94.332107,-109.562176,0.));
#4344 = DIRECTION('',(-0.,0.,-1.));
#4345 = DIRECTION('',(-7.105427357601E-14,-1.,0.));
#4346 = FACE_BOUND('',#4347,.F.);
#4347 = EDGE_LOOP('',(#4348));
#4348 = ORIENTED_EDGE('',*,*,#4349,.T.);
#4349 = EDGE_CURVE('',#4350,#4350,#4352,.T.);
#4350 = VERTEX_POINT('',#4351);
#4351 = CARTESIAN_POINT('',(95.982107,-110.662176,0.));
#4352 = CIRCLE('',#4353,1.1);
#4353 = AXIS2_PLACEMENT_3D('',#4354,#4355,#4356);
#4354 = CARTESIAN_POINT('',(95.982107,-109.562176,0.));
#4355 = DIRECTION('',(-0.,0.,-1.));
#4356 = DIRECTION('',(-0.,-1.,0.));
#4357 = FACE_BOUND('',#4358,.F.);
#4358 = EDGE_LOOP('',(#4359));
#4359 = ORIENTED_EDGE('',*,*,#4360,.T.);
#4360 = EDGE_CURVE('',#4361,#4361,#4363,.T.);
#4361 = VERTEX_POINT('',#4362);
#4362 = CARTESIAN_POINT('',(97.632107,-109.762176,0.));
#4363 = CIRCLE('',#4364,0.2);
#4364 = AXIS2_PLACEMENT_3D('',#4365,#4366,#4367);
#4365 = CARTESIAN_POINT('',(97.632107,-109.562176,0.));
#4366 = DIRECTION('',(-0.,0.,-1.));
#4367 = DIRECTION('',(7.1054273576E-14,-1.,-0.));
#4368 = FACE_BOUND('',#4369,.F.);
#4369 = EDGE_LOOP('',(#4370));
#4370 = ORIENTED_EDGE('',*,*,#4371,.T.);
#4371 = EDGE_CURVE('',#4372,#4372,#4374,.T.);
#4372 = VERTEX_POINT('',#4373);
#4373 = CARTESIAN_POINT('',(94.815381,-108.59545,0.));
#4374 = CIRCLE('',#4375,0.2);
#4375 = AXIS2_PLACEMENT_3D('',#4376,#4377,#4378);
#4376 = CARTESIAN_POINT('',(94.815381,-108.39545,0.));
#4377 = DIRECTION('',(-0.,0.,-1.));
#4378 = DIRECTION('',(-0.,-1.,0.));
#4379 = FACE_BOUND('',#4380,.F.);
#4380 = EDGE_LOOP('',(#4381));
#4381 = ORIENTED_EDGE('',*,*,#4382,.T.);
#4382 = EDGE_CURVE('',#4383,#4383,#4385,.T.);
#4383 = VERTEX_POINT('',#4384);
#4384 = CARTESIAN_POINT('',(95.982107,-108.112176,0.));
#4385 = CIRCLE('',#4386,0.2);
#4386 = AXIS2_PLACEMENT_3D('',#4387,#4388,#4389);
#4387 = CARTESIAN_POINT('',(95.982107,-107.912176,0.));
#4388 = DIRECTION('',(-0.,0.,-1.));
#4389 = DIRECTION('',(-0.,-1.,0.));
#4390 = FACE_BOUND('',#4391,.F.);
#4391 = EDGE_LOOP('',(#4392));
#4392 = ORIENTED_EDGE('',*,*,#4393,.T.);
#4393 = EDGE_CURVE('',#4394,#4394,#4396,.T.);
#4394 = VERTEX_POINT('',#4395);
#4395 = CARTESIAN_POINT('',(97.148833,-108.59545,0.));
#4396 = CIRCLE('',#4397,0.2);
#4397 = AXIS2_PLACEMENT_3D('',#4398,#4399,#4400);
#4398 = CARTESIAN_POINT('',(97.148833,-108.39545,0.));
#4399 = DIRECTION('',(-0.,0.,-1.));
#4400 = DIRECTION('',(-0.,-1.,0.));
#4401 = FACE_BOUND('',#4402,.F.);
#4402 = EDGE_LOOP('',(#4403));
#4403 = ORIENTED_EDGE('',*,*,#4404,.T.);
#4404 = EDGE_CURVE('',#4405,#4405,#4407,.T.);
#4405 = VERTEX_POINT('',#4406);
#4406 = CARTESIAN_POINT('',(77.622107,-103.832176,0.));
#4407 = CIRCLE('',#4408,0.2);
#4408 = AXIS2_PLACEMENT_3D('',#4409,#4410,#4411);
#4409 = CARTESIAN_POINT('',(77.622107,-103.632176,0.));
#4410 = DIRECTION('',(-0.,0.,-1.));
#4411 = DIRECTION('',(-0.,-1.,0.));
#4412 = FACE_BOUND('',#4413,.F.);
#4413 = EDGE_LOOP('',(#4414));
#4414 = ORIENTED_EDGE('',*,*,#4415,.T.);
#4415 = EDGE_CURVE('',#4416,#4416,#4418,.T.);
#4416 = VERTEX_POINT('',#4417);
#4417 = CARTESIAN_POINT('',(80.552107,-105.637176,0.));
#4418 = CIRCLE('',#4419,0.875);
#4419 = AXIS2_PLACEMENT_3D('',#4420,#4421,#4422);
#4420 = CARTESIAN_POINT('',(80.552107,-104.762176,0.));
#4421 = DIRECTION('',(-0.,0.,-1.));
#4422 = DIRECTION('',(-0.,-1.,0.));
#4423 = FACE_BOUND('',#4424,.F.);
#4424 = EDGE_LOOP('',(#4425));
#4425 = ORIENTED_EDGE('',*,*,#4426,.T.);
#4426 = EDGE_CURVE('',#4427,#4427,#4429,.T.);
#4427 = VERTEX_POINT('',#4428);
#4428 = CARTESIAN_POINT('',(84.552107,-105.637176,0.));
#4429 = CIRCLE('',#4430,0.875);
#4430 = AXIS2_PLACEMENT_3D('',#4431,#4432,#4433);
#4431 = CARTESIAN_POINT('',(84.552107,-104.762176,0.));
#4432 = DIRECTION('',(-0.,0.,-1.));
#4433 = DIRECTION('',(-0.,-1.,0.));
#4434 = FACE_BOUND('',#4435,.F.);
#4435 = EDGE_LOOP('',(#4436));
#4436 = ORIENTED_EDGE('',*,*,#4437,.T.);
#4437 = EDGE_CURVE('',#4438,#4438,#4440,.T.);
#4438 = VERTEX_POINT('',#4439);
#4439 = CARTESIAN_POINT('',(76.455381,-103.348902,0.));
#4440 = CIRCLE('',#4441,0.2);
#4441 = AXIS2_PLACEMENT_3D('',#4442,#4443,#4444);
#4442 = CARTESIAN_POINT('',(76.455381,-103.148902,0.));
#4443 = DIRECTION('',(-0.,0.,-1.));
#4444 = DIRECTION('',(-0.,-1.,0.));
#4445 = FACE_BOUND('',#4446,.F.);
#4446 = EDGE_LOOP('',(#4447));
#4447 = ORIENTED_EDGE('',*,*,#4448,.T.);
#4448 = EDGE_CURVE('',#4449,#4449,#4451,.T.);
#4449 = VERTEX_POINT('',#4450);
#4450 = CARTESIAN_POINT('',(75.972107,-102.182176,0.));
#4451 = CIRCLE('',#4452,0.2);
#4452 = AXIS2_PLACEMENT_3D('',#4453,#4454,#4455);
#4453 = CARTESIAN_POINT('',(75.972107,-101.982176,0.));
#4454 = DIRECTION('',(-0.,0.,-1.));
#4455 = DIRECTION('',(-0.,-1.,0.));
#4456 = FACE_BOUND('',#4457,.F.);
#4457 = EDGE_LOOP('',(#4458));
#4458 = ORIENTED_EDGE('',*,*,#4459,.T.);
#4459 = EDGE_CURVE('',#4460,#4460,#4462,.T.);
#4460 = VERTEX_POINT('',#4461);
#4461 = CARTESIAN_POINT('',(77.622107,-103.082176,0.));
#4462 = CIRCLE('',#4463,1.1);
#4463 = AXIS2_PLACEMENT_3D('',#4464,#4465,#4466);
#4464 = CARTESIAN_POINT('',(77.622107,-101.982176,0.));
#4465 = DIRECTION('',(-0.,0.,-1.));
#4466 = DIRECTION('',(-0.,-1.,0.));
#4467 = FACE_BOUND('',#4468,.F.);
#4468 = EDGE_LOOP('',(#4469));
#4469 = ORIENTED_EDGE('',*,*,#4470,.T.);
#4470 = EDGE_CURVE('',#4471,#4471,#4473,.T.);
#4471 = VERTEX_POINT('',#4472);
#4472 = CARTESIAN_POINT('',(78.788833,-103.348902,0.));
#4473 = CIRCLE('',#4474,0.2);
#4474 = AXIS2_PLACEMENT_3D('',#4475,#4476,#4477);
#4475 = CARTESIAN_POINT('',(78.788833,-103.148902,0.));
#4476 = DIRECTION('',(-0.,0.,-1.));
#4477 = DIRECTION('',(-0.,-1.,0.));
#4478 = FACE_BOUND('',#4479,.F.);
#4479 = EDGE_LOOP('',(#4480));
#4480 = ORIENTED_EDGE('',*,*,#4481,.T.);
#4481 = EDGE_CURVE('',#4482,#4482,#4484,.T.);
#4482 = VERTEX_POINT('',#4483);
#4483 = CARTESIAN_POINT('',(79.272107,-102.182176,0.));
#4484 = CIRCLE('',#4485,0.2);
#4485 = AXIS2_PLACEMENT_3D('',#4486,#4487,#4488);
#4486 = CARTESIAN_POINT('',(79.272107,-101.982176,0.));
#4487 = DIRECTION('',(-0.,0.,-1.));
#4488 = DIRECTION('',(-0.,-1.,0.));
#4489 = FACE_BOUND('',#4490,.F.);
#4490 = EDGE_LOOP('',(#4491));
#4491 = ORIENTED_EDGE('',*,*,#4492,.T.);
#4492 = EDGE_CURVE('',#4493,#4493,#4495,.T.);
#4493 = VERTEX_POINT('',#4494);
#4494 = CARTESIAN_POINT('',(76.455381,-101.01545,0.));
#4495 = CIRCLE('',#4496,0.2);
#4496 = AXIS2_PLACEMENT_3D('',#4497,#4498,#4499);
#4497 = CARTESIAN_POINT('',(76.455381,-100.81545,0.));
#4498 = DIRECTION('',(-0.,0.,-1.));
#4499 = DIRECTION('',(-0.,-1.,0.));
#4500 = FACE_BOUND('',#4501,.F.);
#4501 = EDGE_LOOP('',(#4502));
#4502 = ORIENTED_EDGE('',*,*,#4503,.T.);
#4503 = EDGE_CURVE('',#4504,#4504,#4506,.T.);
#4504 = VERTEX_POINT('',#4505);
#4505 = CARTESIAN_POINT('',(77.622107,-100.532176,0.));
#4506 = CIRCLE('',#4507,0.2);
#4507 = AXIS2_PLACEMENT_3D('',#4508,#4509,#4510);
#4508 = CARTESIAN_POINT('',(77.622107,-100.332176,0.));
#4509 = DIRECTION('',(-0.,0.,-1.));
#4510 = DIRECTION('',(-0.,-1.,0.));
#4511 = FACE_BOUND('',#4512,.F.);
#4512 = EDGE_LOOP('',(#4513));
#4513 = ORIENTED_EDGE('',*,*,#4514,.T.);
#4514 = EDGE_CURVE('',#4515,#4515,#4517,.T.);
#4515 = VERTEX_POINT('',#4516);
#4516 = CARTESIAN_POINT('',(78.788833,-101.01545,0.));
#4517 = CIRCLE('',#4518,0.2);
#4518 = AXIS2_PLACEMENT_3D('',#4519,#4520,#4521);
#4519 = CARTESIAN_POINT('',(78.788833,-100.81545,0.));
#4520 = DIRECTION('',(-0.,0.,-1.));
#4521 = DIRECTION('',(-0.,-1.,0.));
#4522 = FACE_BOUND('',#4523,.F.);
#4523 = EDGE_LOOP('',(#4524));
#4524 = ORIENTED_EDGE('',*,*,#4525,.T.);
#4525 = EDGE_CURVE('',#4526,#4526,#4528,.T.);
#4526 = VERTEX_POINT('',#4527);
#4527 = CARTESIAN_POINT('',(82.552107,-102.837176,0.));
#4528 = CIRCLE('',#4529,0.875);
#4529 = AXIS2_PLACEMENT_3D('',#4530,#4531,#4532);
#4530 = CARTESIAN_POINT('',(82.552107,-101.962176,0.));
#4531 = DIRECTION('',(-0.,0.,-1.));
#4532 = DIRECTION('',(-0.,-1.,0.));
#4533 = FACE_BOUND('',#4534,.F.);
#4534 = EDGE_LOOP('',(#4535));
#4535 = ORIENTED_EDGE('',*,*,#4536,.T.);
#4536 = EDGE_CURVE('',#4537,#4537,#4539,.T.);
#4537 = VERTEX_POINT('',#4538);
#4538 = CARTESIAN_POINT('',(86.552107,-102.837176,0.));
#4539 = CIRCLE('',#4540,0.875);
#4540 = AXIS2_PLACEMENT_3D('',#4541,#4542,#4543);
#4541 = CARTESIAN_POINT('',(86.552107,-101.962176,0.));
#4542 = DIRECTION('',(-0.,0.,-1.));
#4543 = DIRECTION('',(-0.,-1.,0.));
#4544 = FACE_BOUND('',#4545,.F.);
#4545 = EDGE_LOOP('',(#4546));
#4546 = ORIENTED_EDGE('',*,*,#4547,.T.);
#4547 = EDGE_CURVE('',#4548,#4548,#4550,.T.);
#4548 = VERTEX_POINT('',#4549);
#4549 = CARTESIAN_POINT('',(88.552107,-105.637176,0.));
#4550 = CIRCLE('',#4551,0.875);
#4551 = AXIS2_PLACEMENT_3D('',#4552,#4553,#4554);
#4552 = CARTESIAN_POINT('',(88.552107,-104.762176,0.));
#4553 = DIRECTION('',(-0.,0.,-1.));
#4554 = DIRECTION('',(-0.,-1.,0.));
#4555 = FACE_BOUND('',#4556,.F.);
#4556 = EDGE_LOOP('',(#4557));
#4557 = ORIENTED_EDGE('',*,*,#4558,.T.);
#4558 = EDGE_CURVE('',#4559,#4559,#4561,.T.);
#4559 = VERTEX_POINT('',#4560);
#4560 = CARTESIAN_POINT('',(92.552107,-105.637176,0.));
#4561 = CIRCLE('',#4562,0.875);
#4562 = AXIS2_PLACEMENT_3D('',#4563,#4564,#4565);
#4563 = CARTESIAN_POINT('',(92.552107,-104.762176,0.));
#4564 = DIRECTION('',(-0.,0.,-1.));
#4565 = DIRECTION('',(-0.,-1.,0.));
#4566 = FACE_BOUND('',#4567,.F.);
#4567 = EDGE_LOOP('',(#4568));
#4568 = ORIENTED_EDGE('',*,*,#4569,.T.);
#4569 = EDGE_CURVE('',#4570,#4570,#4572,.T.);
#4570 = VERTEX_POINT('',#4571);
#4571 = CARTESIAN_POINT('',(90.552107,-102.837176,0.));
#4572 = CIRCLE('',#4573,0.875);
#4573 = AXIS2_PLACEMENT_3D('',#4574,#4575,#4576);
#4574 = CARTESIAN_POINT('',(90.552107,-101.962176,0.));
#4575 = DIRECTION('',(-0.,0.,-1.));
#4576 = DIRECTION('',(-0.,-1.,0.));
#4577 = PLANE('',#4578);
#4578 = AXIS2_PLACEMENT_3D('',#4579,#4580,#4581);
#4579 = CARTESIAN_POINT('',(0.,0.,0.));
#4580 = DIRECTION('',(0.,0.,1.));
#4581 = DIRECTION('',(1.,0.,-0.));
#4582 = ADVANCED_FACE('',(#4583,#4730,#4741,#4752,#4763,#4774,#4785,
    #4796,#4807,#4818,#4829,#4840,#4851,#4862,#4873,#4884,#4895,#4906,
    #4917,#4928,#4939,#4950,#4961,#4972,#4983,#4994,#5005,#5016,#5027,
    #5038,#5049,#5060,#5071),#5082,.T.);
#4583 = FACE_BOUND('',#4584,.T.);
#4584 = EDGE_LOOP('',(#4585,#4586,#4587,#4596,#4604,#4612,#4621,#4629,
    #4638,#4646,#4655,#4663,#4672,#4680,#4688,#4697,#4705,#4714,#4722,
    #4729));
#4585 = ORIENTED_EDGE('',*,*,#3987,.F.);
#4586 = ORIENTED_EDGE('',*,*,#4029,.F.);
#4587 = ORIENTED_EDGE('',*,*,#4588,.F.);
#4588 = EDGE_CURVE('',#4589,#4022,#4591,.T.);
#4589 = VERTEX_POINT('',#4590);
#4590 = CARTESIAN_POINT('',(76.471485,-104.510987,0.91));
#4591 = CIRCLE('',#4592,2.800000501201);
#4592 = AXIS2_PLACEMENT_3D('',#4593,#4594,#4595);
#4593 = CARTESIAN_POINT('',(77.630608741426,-101.9621765012,0.91));
#4594 = DIRECTION('',(0.,0.,-1.));
#4595 = DIRECTION('',(-0.413972690694,-0.910289300915,-0.));
#4596 = ORIENTED_EDGE('',*,*,#4597,.F.);
#4597 = EDGE_CURVE('',#4598,#4589,#4600,.T.);
#4598 = VERTEX_POINT('',#4599);
#4599 = CARTESIAN_POINT('',(77.841445,-105.128972,0.91));
#4600 = LINE('',#4601,#4602);
#4601 = CARTESIAN_POINT('',(77.841445,-105.128972,0.91));
#4602 = VECTOR('',#4603,1.);
#4603 = DIRECTION('',(-0.911546879631,0.41119616515,0.));
#4604 = ORIENTED_EDGE('',*,*,#4605,.F.);
#4605 = EDGE_CURVE('',#4606,#4598,#4608,.T.);
#4606 = VERTEX_POINT('',#4607);
#4607 = CARTESIAN_POINT('',(77.841438,-105.128987,0.91));
#4608 = LINE('',#4609,#4610);
#4609 = CARTESIAN_POINT('',(77.841438,-105.128987,0.91));
#4610 = VECTOR('',#4611,1.);
#4611 = DIRECTION('',(0.422885465378,0.906183139973,0.));
#4612 = ORIENTED_EDGE('',*,*,#4613,.F.);
#4613 = EDGE_CURVE('',#4614,#4606,#4616,.T.);
#4614 = VERTEX_POINT('',#4615);
#4615 = CARTESIAN_POINT('',(76.834007,-109.812276,0.91));
#4616 = CIRCLE('',#4617,2.449999807773);
#4617 = AXIS2_PLACEMENT_3D('',#4618,#4619,#4620);
#4618 = CARTESIAN_POINT('',(76.834006393404,-107.3622761922,0.91));
#4619 = DIRECTION('',(0.,-0.,1.));
#4620 = DIRECTION('',(2.475901205909E-07,-1.,-0.));
#4621 = ORIENTED_EDGE('',*,*,#4622,.F.);
#4622 = EDGE_CURVE('',#4623,#4614,#4625,.T.);
#4623 = VERTEX_POINT('',#4624);
#4624 = CARTESIAN_POINT('',(75.630607,-109.812276,0.91));
#4625 = LINE('',#4626,#4627);
#4626 = CARTESIAN_POINT('',(75.630607,-109.812276,0.91));
#4627 = VECTOR('',#4628,1.);
#4628 = DIRECTION('',(1.,0.,0.));
#4629 = ORIENTED_EDGE('',*,*,#4630,.F.);
#4630 = EDGE_CURVE('',#4631,#4623,#4633,.T.);
#4631 = VERTEX_POINT('',#4632);
#4632 = CARTESIAN_POINT('',(74.830638,-110.612276,0.91));
#4633 = CIRCLE('',#4634,0.799950240316);
#4634 = AXIS2_PLACEMENT_3D('',#4635,#4636,#4637);
#4635 = CARTESIAN_POINT('',(75.630588238769,-110.61222624,0.91));
#4636 = DIRECTION('',(0.,0.,-1.));
#4637 = DIRECTION('',(-0.999999998065,-6.220374849999E-05,-0.));
#4638 = ORIENTED_EDGE('',*,*,#4639,.F.);
#4639 = EDGE_CURVE('',#4640,#4631,#4642,.T.);
#4640 = VERTEX_POINT('',#4641);
#4641 = CARTESIAN_POINT('',(74.830638,-113.762076,0.91));
#4642 = LINE('',#4643,#4644);
#4643 = CARTESIAN_POINT('',(74.830638,-113.762076,0.91));
#4644 = VECTOR('',#4645,1.);
#4645 = DIRECTION('',(0.,1.,0.));
#4646 = ORIENTED_EDGE('',*,*,#4647,.F.);
#4647 = EDGE_CURVE('',#4648,#4640,#4650,.T.);
#4648 = VERTEX_POINT('',#4649);
#4649 = CARTESIAN_POINT('',(75.641214,-114.562176,0.91));
#4650 = CIRCLE('',#4651,0.800138271485);
#4651 = AXIS2_PLACEMENT_3D('',#4652,#4653,#4654);
#4652 = CARTESIAN_POINT('',(75.63077627093,-113.762105811,0.91));
#4653 = DIRECTION('',(0.,0.,-1.));
#4654 = DIRECTION('',(1.304490666439E-02,-0.999914911585,0.));
#4655 = ORIENTED_EDGE('',*,*,#4656,.F.);
#4656 = EDGE_CURVE('',#4657,#4648,#4659,.T.);
#4657 = VERTEX_POINT('',#4658);
#4658 = CARTESIAN_POINT('',(93.552107,-114.562176,0.91));
#4659 = LINE('',#4660,#4661);
#4660 = CARTESIAN_POINT('',(93.552107,-114.562176,0.91));
#4661 = VECTOR('',#4662,1.);
#4662 = DIRECTION('',(-1.,0.,0.));
#4663 = ORIENTED_EDGE('',*,*,#4664,.F.);
#4664 = EDGE_CURVE('',#4665,#4657,#4667,.T.);
#4665 = VERTEX_POINT('',#4666);
#4666 = CARTESIAN_POINT('',(94.352096,-113.766175,0.91));
#4667 = CIRCLE('',#4668,0.799997095442);
#4668 = AXIS2_PLACEMENT_3D('',#4669,#4670,#4671);
#4669 = CARTESIAN_POINT('',(93.552108885144,-113.7621789045,0.91));
#4670 = DIRECTION('',(0.,0.,-1.));
#4671 = DIRECTION('',(0.999987524223,-4.995137435127E-03,0.));
#4672 = ORIENTED_EDGE('',*,*,#4673,.F.);
#4673 = EDGE_CURVE('',#4674,#4665,#4676,.T.);
#4674 = VERTEX_POINT('',#4675);
#4675 = CARTESIAN_POINT('',(94.352096,-113.162176,0.91));
#4676 = LINE('',#4677,#4678);
#4677 = CARTESIAN_POINT('',(94.352096,-113.162176,0.91));
#4678 = VECTOR('',#4679,1.);
#4679 = DIRECTION('',(0.,-1.,0.));
#4680 = ORIENTED_EDGE('',*,*,#4681,.F.);
#4681 = EDGE_CURVE('',#4682,#4674,#4684,.T.);
#4682 = VERTEX_POINT('',#4683);
#4683 = CARTESIAN_POINT('',(94.352107,-113.162176,0.91));
#4684 = LINE('',#4685,#4686);
#4685 = CARTESIAN_POINT('',(94.352107,-113.162176,0.91));
#4686 = VECTOR('',#4687,1.);
#4687 = DIRECTION('',(-1.,0.,0.));
#4688 = ORIENTED_EDGE('',*,*,#4689,.F.);
#4689 = EDGE_CURVE('',#4690,#4682,#4692,.T.);
#4690 = VERTEX_POINT('',#4691);
#4691 = CARTESIAN_POINT('',(95.152107,-112.362176,0.91));
#4692 = CIRCLE('',#4693,0.800001450872);
#4693 = AXIS2_PLACEMENT_3D('',#4694,#4695,#4696);
#4694 = CARTESIAN_POINT('',(95.152108450871,-113.1621774508,0.91));
#4695 = DIRECTION('',(0.,0.,1.));
#4696 = DIRECTION('',(-1.813584977131E-06,0.999999999998,0.));
#4697 = ORIENTED_EDGE('',*,*,#4698,.F.);
#4698 = EDGE_CURVE('',#4699,#4690,#4701,.T.);
#4699 = VERTEX_POINT('',#4700);
#4700 = CARTESIAN_POINT('',(96.005507,-112.362176,0.91));
#4701 = LINE('',#4702,#4703);
#4702 = CARTESIAN_POINT('',(96.005507,-112.362176,0.91));
#4703 = VECTOR('',#4704,1.);
#4704 = DIRECTION('',(-1.,0.,0.));
#4705 = ORIENTED_EDGE('',*,*,#4706,.F.);
#4706 = EDGE_CURVE('',#4707,#4699,#4709,.T.);
#4707 = VERTEX_POINT('',#4708);
#4708 = CARTESIAN_POINT('',(97.156858,-107.009847,0.91));
#4709 = CIRCLE('',#4710,2.799998950257);
#4710 = AXIS2_PLACEMENT_3D('',#4711,#4712,#4713);
#4711 = CARTESIAN_POINT('',(96.005508600982,-109.5621770497,0.91));
#4712 = DIRECTION('',(0.,0.,-1.));
#4713 = DIRECTION('',(0.411196368096,0.911546788083,0.));
#4714 = ORIENTED_EDGE('',*,*,#4715,.F.);
#4715 = EDGE_CURVE('',#4716,#4707,#4718,.T.);
#4716 = VERTEX_POINT('',#4717);
#4717 = CARTESIAN_POINT('',(95.788967,-106.392794,0.91));
#4718 = LINE('',#4719,#4720);
#4719 = CARTESIAN_POINT('',(95.788967,-106.392794,0.91));
#4720 = VECTOR('',#4721,1.);
#4721 = DIRECTION('',(0.911546549942,-0.411196896011,0.));
#4722 = ORIENTED_EDGE('',*,*,#4723,.F.);
#4723 = EDGE_CURVE('',#4052,#4716,#4724,.T.);
#4724 = CIRCLE('',#4725,2.450014265449);
#4725 = AXIS2_PLACEMENT_3D('',#4726,#4727,#4728);
#4726 = CARTESIAN_POINT('',(96.802110265449,-104.1620742451,0.91));
#4727 = DIRECTION('',(0.,0.,1.));
#4728 = DIRECTION('',(-1.,-7.162522511376E-07,0.));
#4729 = ORIENTED_EDGE('',*,*,#4051,.F.);
#4730 = FACE_BOUND('',#4731,.T.);
#4731 = EDGE_LOOP('',(#4732));
#4732 = ORIENTED_EDGE('',*,*,#4733,.T.);
#4733 = EDGE_CURVE('',#4734,#4734,#4736,.T.);
#4734 = VERTEX_POINT('',#4735);
#4735 = CARTESIAN_POINT('',(76.972107,-113.092176,0.91));
#4736 = CIRCLE('',#4737,0.9);
#4737 = AXIS2_PLACEMENT_3D('',#4738,#4739,#4740);
#4738 = CARTESIAN_POINT('',(76.972107,-112.192176,0.91));
#4739 = DIRECTION('',(-0.,0.,-1.));
#4740 = DIRECTION('',(-0.,-1.,0.));
#4741 = FACE_BOUND('',#4742,.T.);
#4742 = EDGE_LOOP('',(#4743));
#4743 = ORIENTED_EDGE('',*,*,#4744,.T.);
#4744 = EDGE_CURVE('',#4745,#4745,#4747,.T.);
#4745 = VERTEX_POINT('',#4746);
#4746 = CARTESIAN_POINT('',(80.772107,-113.092176,0.91));
#4747 = CIRCLE('',#4748,0.9);
#4748 = AXIS2_PLACEMENT_3D('',#4749,#4750,#4751);
#4749 = CARTESIAN_POINT('',(80.772107,-112.192176,0.91));
#4750 = DIRECTION('',(-0.,0.,-1.));
#4751 = DIRECTION('',(-0.,-1.,0.));
#4752 = FACE_BOUND('',#4753,.T.);
#4753 = EDGE_LOOP('',(#4754));
#4754 = ORIENTED_EDGE('',*,*,#4755,.T.);
#4755 = EDGE_CURVE('',#4756,#4756,#4758,.T.);
#4756 = VERTEX_POINT('',#4757);
#4757 = CARTESIAN_POINT('',(83.802107,-113.422176,0.91));
#4758 = CIRCLE('',#4759,0.5);
#4759 = AXIS2_PLACEMENT_3D('',#4760,#4761,#4762);
#4760 = CARTESIAN_POINT('',(83.802107,-112.922176,0.91));
#4761 = DIRECTION('',(-0.,0.,-1.));
#4762 = DIRECTION('',(-0.,-1.,0.));
#4763 = FACE_BOUND('',#4764,.T.);
#4764 = EDGE_LOOP('',(#4765));
#4765 = ORIENTED_EDGE('',*,*,#4766,.T.);
#4766 = EDGE_CURVE('',#4767,#4767,#4769,.T.);
#4767 = VERTEX_POINT('',#4768);
#4768 = CARTESIAN_POINT('',(86.002107,-113.422176,0.91));
#4769 = CIRCLE('',#4770,0.5);
#4770 = AXIS2_PLACEMENT_3D('',#4771,#4772,#4773);
#4771 = CARTESIAN_POINT('',(86.002107,-112.922176,0.91));
#4772 = DIRECTION('',(-0.,0.,-1.));
#4773 = DIRECTION('',(-0.,-1.,0.));
#4774 = FACE_BOUND('',#4775,.T.);
#4775 = EDGE_LOOP('',(#4776));
#4776 = ORIENTED_EDGE('',*,*,#4777,.T.);
#4777 = EDGE_CURVE('',#4778,#4778,#4780,.T.);
#4778 = VERTEX_POINT('',#4779);
#4779 = CARTESIAN_POINT('',(88.202107,-113.422176,0.91));
#4780 = CIRCLE('',#4781,0.5);
#4781 = AXIS2_PLACEMENT_3D('',#4782,#4783,#4784);
#4782 = CARTESIAN_POINT('',(88.202107,-112.922176,0.91));
#4783 = DIRECTION('',(-0.,0.,-1.));
#4784 = DIRECTION('',(-0.,-1.,0.));
#4785 = FACE_BOUND('',#4786,.T.);
#4786 = EDGE_LOOP('',(#4787));
#4787 = ORIENTED_EDGE('',*,*,#4788,.T.);
#4788 = EDGE_CURVE('',#4789,#4789,#4791,.T.);
#4789 = VERTEX_POINT('',#4790);
#4790 = CARTESIAN_POINT('',(90.402107,-113.422176,0.91));
#4791 = CIRCLE('',#4792,0.5);
#4792 = AXIS2_PLACEMENT_3D('',#4793,#4794,#4795);
#4793 = CARTESIAN_POINT('',(90.402107,-112.922176,0.91));
#4794 = DIRECTION('',(-0.,0.,-1.));
#4795 = DIRECTION('',(-0.,-1.,0.));
#4796 = FACE_BOUND('',#4797,.T.);
#4797 = EDGE_LOOP('',(#4798));
#4798 = ORIENTED_EDGE('',*,*,#4799,.T.);
#4799 = EDGE_CURVE('',#4800,#4800,#4802,.T.);
#4800 = VERTEX_POINT('',#4801);
#4801 = CARTESIAN_POINT('',(92.602107,-113.422176,0.91));
#4802 = CIRCLE('',#4803,0.5);
#4803 = AXIS2_PLACEMENT_3D('',#4804,#4805,#4806);
#4804 = CARTESIAN_POINT('',(92.602107,-112.922176,0.91));
#4805 = DIRECTION('',(-0.,0.,-1.));
#4806 = DIRECTION('',(-0.,-1.,0.));
#4807 = FACE_BOUND('',#4808,.T.);
#4808 = EDGE_LOOP('',(#4809));
#4809 = ORIENTED_EDGE('',*,*,#4810,.T.);
#4810 = EDGE_CURVE('',#4811,#4811,#4813,.T.);
#4811 = VERTEX_POINT('',#4812);
#4812 = CARTESIAN_POINT('',(94.815381,-110.928902,0.91));
#4813 = CIRCLE('',#4814,0.2);
#4814 = AXIS2_PLACEMENT_3D('',#4815,#4816,#4817);
#4815 = CARTESIAN_POINT('',(94.815381,-110.728902,0.91));
#4816 = DIRECTION('',(-0.,0.,-1.));
#4817 = DIRECTION('',(-0.,-1.,0.));
#4818 = FACE_BOUND('',#4819,.T.);
#4819 = EDGE_LOOP('',(#4820));
#4820 = ORIENTED_EDGE('',*,*,#4821,.T.);
#4821 = EDGE_CURVE('',#4822,#4822,#4824,.T.);
#4822 = VERTEX_POINT('',#4823);
#4823 = CARTESIAN_POINT('',(95.982107,-111.412176,0.91));
#4824 = CIRCLE('',#4825,0.2);
#4825 = AXIS2_PLACEMENT_3D('',#4826,#4827,#4828);
#4826 = CARTESIAN_POINT('',(95.982107,-111.212176,0.91));
#4827 = DIRECTION('',(-0.,0.,-1.));
#4828 = DIRECTION('',(-0.,-1.,0.));
#4829 = FACE_BOUND('',#4830,.T.);
#4830 = EDGE_LOOP('',(#4831));
#4831 = ORIENTED_EDGE('',*,*,#4832,.T.);
#4832 = EDGE_CURVE('',#4833,#4833,#4835,.T.);
#4833 = VERTEX_POINT('',#4834);
#4834 = CARTESIAN_POINT('',(97.148833,-110.928902,0.91));
#4835 = CIRCLE('',#4836,0.2);
#4836 = AXIS2_PLACEMENT_3D('',#4837,#4838,#4839);
#4837 = CARTESIAN_POINT('',(97.148833,-110.728902,0.91));
#4838 = DIRECTION('',(-0.,0.,-1.));
#4839 = DIRECTION('',(-0.,-1.,0.));
#4840 = FACE_BOUND('',#4841,.T.);
#4841 = EDGE_LOOP('',(#4842));
#4842 = ORIENTED_EDGE('',*,*,#4843,.T.);
#4843 = EDGE_CURVE('',#4844,#4844,#4846,.T.);
#4844 = VERTEX_POINT('',#4845);
#4845 = CARTESIAN_POINT('',(94.332107,-109.762176,0.91));
#4846 = CIRCLE('',#4847,0.2);
#4847 = AXIS2_PLACEMENT_3D('',#4848,#4849,#4850);
#4848 = CARTESIAN_POINT('',(94.332107,-109.562176,0.91));
#4849 = DIRECTION('',(-0.,0.,-1.));
#4850 = DIRECTION('',(-7.105427357601E-14,-1.,0.));
#4851 = FACE_BOUND('',#4852,.T.);
#4852 = EDGE_LOOP('',(#4853));
#4853 = ORIENTED_EDGE('',*,*,#4854,.T.);
#4854 = EDGE_CURVE('',#4855,#4855,#4857,.T.);
#4855 = VERTEX_POINT('',#4856);
#4856 = CARTESIAN_POINT('',(95.982107,-110.662176,0.91));
#4857 = CIRCLE('',#4858,1.1);
#4858 = AXIS2_PLACEMENT_3D('',#4859,#4860,#4861);
#4859 = CARTESIAN_POINT('',(95.982107,-109.562176,0.91));
#4860 = DIRECTION('',(-0.,0.,-1.));
#4861 = DIRECTION('',(-0.,-1.,0.));
#4862 = FACE_BOUND('',#4863,.T.);
#4863 = EDGE_LOOP('',(#4864));
#4864 = ORIENTED_EDGE('',*,*,#4865,.T.);
#4865 = EDGE_CURVE('',#4866,#4866,#4868,.T.);
#4866 = VERTEX_POINT('',#4867);
#4867 = CARTESIAN_POINT('',(97.632107,-109.762176,0.91));
#4868 = CIRCLE('',#4869,0.2);
#4869 = AXIS2_PLACEMENT_3D('',#4870,#4871,#4872);
#4870 = CARTESIAN_POINT('',(97.632107,-109.562176,0.91));
#4871 = DIRECTION('',(-0.,0.,-1.));
#4872 = DIRECTION('',(7.1054273576E-14,-1.,-0.));
#4873 = FACE_BOUND('',#4874,.T.);
#4874 = EDGE_LOOP('',(#4875));
#4875 = ORIENTED_EDGE('',*,*,#4876,.T.);
#4876 = EDGE_CURVE('',#4877,#4877,#4879,.T.);
#4877 = VERTEX_POINT('',#4878);
#4878 = CARTESIAN_POINT('',(94.815381,-108.59545,0.91));
#4879 = CIRCLE('',#4880,0.2);
#4880 = AXIS2_PLACEMENT_3D('',#4881,#4882,#4883);
#4881 = CARTESIAN_POINT('',(94.815381,-108.39545,0.91));
#4882 = DIRECTION('',(-0.,0.,-1.));
#4883 = DIRECTION('',(-0.,-1.,0.));
#4884 = FACE_BOUND('',#4885,.T.);
#4885 = EDGE_LOOP('',(#4886));
#4886 = ORIENTED_EDGE('',*,*,#4887,.T.);
#4887 = EDGE_CURVE('',#4888,#4888,#4890,.T.);
#4888 = VERTEX_POINT('',#4889);
#4889 = CARTESIAN_POINT('',(95.982107,-108.112176,0.91));
#4890 = CIRCLE('',#4891,0.2);
#4891 = AXIS2_PLACEMENT_3D('',#4892,#4893,#4894);
#4892 = CARTESIAN_POINT('',(95.982107,-107.912176,0.91));
#4893 = DIRECTION('',(-0.,0.,-1.));
#4894 = DIRECTION('',(-0.,-1.,0.));
#4895 = FACE_BOUND('',#4896,.T.);
#4896 = EDGE_LOOP('',(#4897));
#4897 = ORIENTED_EDGE('',*,*,#4898,.T.);
#4898 = EDGE_CURVE('',#4899,#4899,#4901,.T.);
#4899 = VERTEX_POINT('',#4900);
#4900 = CARTESIAN_POINT('',(97.148833,-108.59545,0.91));
#4901 = CIRCLE('',#4902,0.2);
#4902 = AXIS2_PLACEMENT_3D('',#4903,#4904,#4905);
#4903 = CARTESIAN_POINT('',(97.148833,-108.39545,0.91));
#4904 = DIRECTION('',(-0.,0.,-1.));
#4905 = DIRECTION('',(-0.,-1.,0.));
#4906 = FACE_BOUND('',#4907,.T.);
#4907 = EDGE_LOOP('',(#4908));
#4908 = ORIENTED_EDGE('',*,*,#4909,.T.);
#4909 = EDGE_CURVE('',#4910,#4910,#4912,.T.);
#4910 = VERTEX_POINT('',#4911);
#4911 = CARTESIAN_POINT('',(77.622107,-103.832176,0.91));
#4912 = CIRCLE('',#4913,0.2);
#4913 = AXIS2_PLACEMENT_3D('',#4914,#4915,#4916);
#4914 = CARTESIAN_POINT('',(77.622107,-103.632176,0.91));
#4915 = DIRECTION('',(-0.,0.,-1.));
#4916 = DIRECTION('',(-0.,-1.,0.));
#4917 = FACE_BOUND('',#4918,.T.);
#4918 = EDGE_LOOP('',(#4919));
#4919 = ORIENTED_EDGE('',*,*,#4920,.T.);
#4920 = EDGE_CURVE('',#4921,#4921,#4923,.T.);
#4921 = VERTEX_POINT('',#4922);
#4922 = CARTESIAN_POINT('',(80.552107,-105.637176,0.91));
#4923 = CIRCLE('',#4924,0.875);
#4924 = AXIS2_PLACEMENT_3D('',#4925,#4926,#4927);
#4925 = CARTESIAN_POINT('',(80.552107,-104.762176,0.91));
#4926 = DIRECTION('',(-0.,0.,-1.));
#4927 = DIRECTION('',(-0.,-1.,0.));
#4928 = FACE_BOUND('',#4929,.T.);
#4929 = EDGE_LOOP('',(#4930));
#4930 = ORIENTED_EDGE('',*,*,#4931,.T.);
#4931 = EDGE_CURVE('',#4932,#4932,#4934,.T.);
#4932 = VERTEX_POINT('',#4933);
#4933 = CARTESIAN_POINT('',(84.552107,-105.637176,0.91));
#4934 = CIRCLE('',#4935,0.875);
#4935 = AXIS2_PLACEMENT_3D('',#4936,#4937,#4938);
#4936 = CARTESIAN_POINT('',(84.552107,-104.762176,0.91));
#4937 = DIRECTION('',(-0.,0.,-1.));
#4938 = DIRECTION('',(-0.,-1.,0.));
#4939 = FACE_BOUND('',#4940,.T.);
#4940 = EDGE_LOOP('',(#4941));
#4941 = ORIENTED_EDGE('',*,*,#4942,.T.);
#4942 = EDGE_CURVE('',#4943,#4943,#4945,.T.);
#4943 = VERTEX_POINT('',#4944);
#4944 = CARTESIAN_POINT('',(76.455381,-103.348902,0.91));
#4945 = CIRCLE('',#4946,0.2);
#4946 = AXIS2_PLACEMENT_3D('',#4947,#4948,#4949);
#4947 = CARTESIAN_POINT('',(76.455381,-103.148902,0.91));
#4948 = DIRECTION('',(-0.,0.,-1.));
#4949 = DIRECTION('',(-0.,-1.,0.));
#4950 = FACE_BOUND('',#4951,.T.);
#4951 = EDGE_LOOP('',(#4952));
#4952 = ORIENTED_EDGE('',*,*,#4953,.T.);
#4953 = EDGE_CURVE('',#4954,#4954,#4956,.T.);
#4954 = VERTEX_POINT('',#4955);
#4955 = CARTESIAN_POINT('',(75.972107,-102.182176,0.91));
#4956 = CIRCLE('',#4957,0.2);
#4957 = AXIS2_PLACEMENT_3D('',#4958,#4959,#4960);
#4958 = CARTESIAN_POINT('',(75.972107,-101.982176,0.91));
#4959 = DIRECTION('',(-0.,0.,-1.));
#4960 = DIRECTION('',(-0.,-1.,0.));
#4961 = FACE_BOUND('',#4962,.T.);
#4962 = EDGE_LOOP('',(#4963));
#4963 = ORIENTED_EDGE('',*,*,#4964,.T.);
#4964 = EDGE_CURVE('',#4965,#4965,#4967,.T.);
#4965 = VERTEX_POINT('',#4966);
#4966 = CARTESIAN_POINT('',(77.622107,-103.082176,0.91));
#4967 = CIRCLE('',#4968,1.1);
#4968 = AXIS2_PLACEMENT_3D('',#4969,#4970,#4971);
#4969 = CARTESIAN_POINT('',(77.622107,-101.982176,0.91));
#4970 = DIRECTION('',(-0.,0.,-1.));
#4971 = DIRECTION('',(-0.,-1.,0.));
#4972 = FACE_BOUND('',#4973,.T.);
#4973 = EDGE_LOOP('',(#4974));
#4974 = ORIENTED_EDGE('',*,*,#4975,.T.);
#4975 = EDGE_CURVE('',#4976,#4976,#4978,.T.);
#4976 = VERTEX_POINT('',#4977);
#4977 = CARTESIAN_POINT('',(78.788833,-103.348902,0.91));
#4978 = CIRCLE('',#4979,0.2);
#4979 = AXIS2_PLACEMENT_3D('',#4980,#4981,#4982);
#4980 = CARTESIAN_POINT('',(78.788833,-103.148902,0.91));
#4981 = DIRECTION('',(-0.,0.,-1.));
#4982 = DIRECTION('',(-0.,-1.,0.));
#4983 = FACE_BOUND('',#4984,.T.);
#4984 = EDGE_LOOP('',(#4985));
#4985 = ORIENTED_EDGE('',*,*,#4986,.T.);
#4986 = EDGE_CURVE('',#4987,#4987,#4989,.T.);
#4987 = VERTEX_POINT('',#4988);
#4988 = CARTESIAN_POINT('',(79.272107,-102.182176,0.91));
#4989 = CIRCLE('',#4990,0.2);
#4990 = AXIS2_PLACEMENT_3D('',#4991,#4992,#4993);
#4991 = CARTESIAN_POINT('',(79.272107,-101.982176,0.91));
#4992 = DIRECTION('',(-0.,0.,-1.));
#4993 = DIRECTION('',(-0.,-1.,0.));
#4994 = FACE_BOUND('',#4995,.T.);
#4995 = EDGE_LOOP('',(#4996));
#4996 = ORIENTED_EDGE('',*,*,#4997,.T.);
#4997 = EDGE_CURVE('',#4998,#4998,#5000,.T.);
#4998 = VERTEX_POINT('',#4999);
#4999 = CARTESIAN_POINT('',(76.455381,-101.01545,0.91));
#5000 = CIRCLE('',#5001,0.2);
#5001 = AXIS2_PLACEMENT_3D('',#5002,#5003,#5004);
#5002 = CARTESIAN_POINT('',(76.455381,-100.81545,0.91));
#5003 = DIRECTION('',(-0.,0.,-1.));
#5004 = DIRECTION('',(-0.,-1.,0.));
#5005 = FACE_BOUND('',#5006,.T.);
#5006 = EDGE_LOOP('',(#5007));
#5007 = ORIENTED_EDGE('',*,*,#5008,.T.);
#5008 = EDGE_CURVE('',#5009,#5009,#5011,.T.);
#5009 = VERTEX_POINT('',#5010);
#5010 = CARTESIAN_POINT('',(77.622107,-100.532176,0.91));
#5011 = CIRCLE('',#5012,0.2);
#5012 = AXIS2_PLACEMENT_3D('',#5013,#5014,#5015);
#5013 = CARTESIAN_POINT('',(77.622107,-100.332176,0.91));
#5014 = DIRECTION('',(-0.,0.,-1.));
#5015 = DIRECTION('',(-0.,-1.,0.));
#5016 = FACE_BOUND('',#5017,.T.);
#5017 = EDGE_LOOP('',(#5018));
#5018 = ORIENTED_EDGE('',*,*,#5019,.T.);
#5019 = EDGE_CURVE('',#5020,#5020,#5022,.T.);
#5020 = VERTEX_POINT('',#5021);
#5021 = CARTESIAN_POINT('',(78.788833,-101.01545,0.91));
#5022 = CIRCLE('',#5023,0.2);
#5023 = AXIS2_PLACEMENT_3D('',#5024,#5025,#5026);
#5024 = CARTESIAN_POINT('',(78.788833,-100.81545,0.91));
#5025 = DIRECTION('',(-0.,0.,-1.));
#5026 = DIRECTION('',(-0.,-1.,0.));
#5027 = FACE_BOUND('',#5028,.T.);
#5028 = EDGE_LOOP('',(#5029));
#5029 = ORIENTED_EDGE('',*,*,#5030,.T.);
#5030 = EDGE_CURVE('',#5031,#5031,#5033,.T.);
#5031 = VERTEX_POINT('',#5032);
#5032 = CARTESIAN_POINT('',(82.552107,-102.837176,0.91));
#5033 = CIRCLE('',#5034,0.875);
#5034 = AXIS2_PLACEMENT_3D('',#5035,#5036,#5037);
#5035 = CARTESIAN_POINT('',(82.552107,-101.962176,0.91));
#5036 = DIRECTION('',(-0.,0.,-1.));
#5037 = DIRECTION('',(-0.,-1.,0.));
#5038 = FACE_BOUND('',#5039,.T.);
#5039 = EDGE_LOOP('',(#5040));
#5040 = ORIENTED_EDGE('',*,*,#5041,.T.);
#5041 = EDGE_CURVE('',#5042,#5042,#5044,.T.);
#5042 = VERTEX_POINT('',#5043);
#5043 = CARTESIAN_POINT('',(86.552107,-102.837176,0.91));
#5044 = CIRCLE('',#5045,0.875);
#5045 = AXIS2_PLACEMENT_3D('',#5046,#5047,#5048);
#5046 = CARTESIAN_POINT('',(86.552107,-101.962176,0.91));
#5047 = DIRECTION('',(-0.,0.,-1.));
#5048 = DIRECTION('',(-0.,-1.,0.));
#5049 = FACE_BOUND('',#5050,.T.);
#5050 = EDGE_LOOP('',(#5051));
#5051 = ORIENTED_EDGE('',*,*,#5052,.T.);
#5052 = EDGE_CURVE('',#5053,#5053,#5055,.T.);
#5053 = VERTEX_POINT('',#5054);
#5054 = CARTESIAN_POINT('',(88.552107,-105.637176,0.91));
#5055 = CIRCLE('',#5056,0.875);
#5056 = AXIS2_PLACEMENT_3D('',#5057,#5058,#5059);
#5057 = CARTESIAN_POINT('',(88.552107,-104.762176,0.91));
#5058 = DIRECTION('',(-0.,0.,-1.));
#5059 = DIRECTION('',(-0.,-1.,0.));
#5060 = FACE_BOUND('',#5061,.T.);
#5061 = EDGE_LOOP('',(#5062));
#5062 = ORIENTED_EDGE('',*,*,#5063,.T.);
#5063 = EDGE_CURVE('',#5064,#5064,#5066,.T.);
#5064 = VERTEX_POINT('',#5065);
#5065 = CARTESIAN_POINT('',(92.552107,-105.637176,0.91));
#5066 = CIRCLE('',#5067,0.875);
#5067 = AXIS2_PLACEMENT_3D('',#5068,#5069,#5070);
#5068 = CARTESIAN_POINT('',(92.552107,-104.762176,0.91));
#5069 = DIRECTION('',(-0.,0.,-1.));
#5070 = DIRECTION('',(-0.,-1.,0.));
#5071 = FACE_BOUND('',#5072,.T.);
#5072 = EDGE_LOOP('',(#5073));
#5073 = ORIENTED_EDGE('',*,*,#5074,.T.);
#5074 = EDGE_CURVE('',#5075,#5075,#5077,.T.);
#5075 = VERTEX_POINT('',#5076);
#5076 = CARTESIAN_POINT('',(90.552107,-102.837176,0.91));
#5077 = CIRCLE('',#5078,0.875);
#5078 = AXIS2_PLACEMENT_3D('',#5079,#5080,#5081);
#5079 = CARTESIAN_POINT('',(90.552107,-101.962176,0.91));
#5080 = DIRECTION('',(-0.,0.,-1.));
#5081 = DIRECTION('',(-0.,-1.,0.));
#5082 = PLANE('',#5083);
#5083 = AXIS2_PLACEMENT_3D('',#5084,#5085,#5086);
#5084 = CARTESIAN_POINT('',(0.,0.,0.91));
#5085 = DIRECTION('',(0.,0.,1.));
#5086 = DIRECTION('',(1.,0.,-0.));
#5087 = ADVANCED_FACE('',(#5088),#5099,.T.);
#5088 = FACE_BOUND('',#5089,.T.);
#5089 = EDGE_LOOP('',(#5090,#5096,#5097,#5098));
#5090 = ORIENTED_EDGE('',*,*,#5091,.T.);
#5091 = EDGE_CURVE('',#4084,#4589,#5092,.T.);
#5092 = LINE('',#5093,#5094);
#5093 = CARTESIAN_POINT('',(76.471485,-104.510987,0.));
#5094 = VECTOR('',#5095,1.);
#5095 = DIRECTION('',(0.,0.,1.));
#5096 = ORIENTED_EDGE('',*,*,#4588,.T.);
#5097 = ORIENTED_EDGE('',*,*,#4019,.F.);
#5098 = ORIENTED_EDGE('',*,*,#4083,.F.);
#5099 = CYLINDRICAL_SURFACE('',#5100,2.800000501201);
#5100 = AXIS2_PLACEMENT_3D('',#5101,#5102,#5103);
#5101 = CARTESIAN_POINT('',(77.630608741426,-101.9621765012,0.));
#5102 = DIRECTION('',(0.,0.,-1.));
#5103 = DIRECTION('',(-0.413972690694,-0.910289300915,-0.));
#5104 = ADVANCED_FACE('',(#5105),#5116,.F.);
#5105 = FACE_BOUND('',#5106,.T.);
#5106 = EDGE_LOOP('',(#5107,#5108,#5109,#5115));
#5107 = ORIENTED_EDGE('',*,*,#4059,.T.);
#5108 = ORIENTED_EDGE('',*,*,#4723,.T.);
#5109 = ORIENTED_EDGE('',*,*,#5110,.F.);
#5110 = EDGE_CURVE('',#4211,#4716,#5111,.T.);
#5111 = LINE('',#5112,#5113);
#5112 = CARTESIAN_POINT('',(95.788967,-106.392794,0.));
#5113 = VECTOR('',#5114,1.);
#5114 = DIRECTION('',(0.,0.,1.));
#5115 = ORIENTED_EDGE('',*,*,#4218,.F.);
#5116 = CYLINDRICAL_SURFACE('',#5117,2.450014265449);
#5117 = AXIS2_PLACEMENT_3D('',#5118,#5119,#5120);
#5118 = CARTESIAN_POINT('',(96.802110265449,-104.1620742451,0.));
#5119 = DIRECTION('',(-0.,-0.,-1.));
#5120 = DIRECTION('',(-1.,-7.162522511376E-07,0.));
#5121 = ADVANCED_FACE('',(#5122),#5133,.T.);
#5122 = FACE_BOUND('',#5123,.T.);
#5123 = EDGE_LOOP('',(#5124,#5130,#5131,#5132));
#5124 = ORIENTED_EDGE('',*,*,#5125,.T.);
#5125 = EDGE_CURVE('',#4093,#4598,#5126,.T.);
#5126 = LINE('',#5127,#5128);
#5127 = CARTESIAN_POINT('',(77.841445,-105.128972,0.));
#5128 = VECTOR('',#5129,1.);
#5129 = DIRECTION('',(0.,0.,1.));
#5130 = ORIENTED_EDGE('',*,*,#4597,.T.);
#5131 = ORIENTED_EDGE('',*,*,#5091,.F.);
#5132 = ORIENTED_EDGE('',*,*,#4092,.F.);
#5133 = PLANE('',#5134);
#5134 = AXIS2_PLACEMENT_3D('',#5135,#5136,#5137);
#5135 = CARTESIAN_POINT('',(77.841445,-105.128972,0.));
#5136 = DIRECTION('',(-0.41119616515,-0.911546879631,0.));
#5137 = DIRECTION('',(-0.911546879631,0.41119616515,0.));
#5138 = ADVANCED_FACE('',(#5139),#5150,.T.);
#5139 = FACE_BOUND('',#5140,.T.);
#5140 = EDGE_LOOP('',(#5141,#5142,#5143,#5149));
#5141 = ORIENTED_EDGE('',*,*,#5110,.T.);
#5142 = ORIENTED_EDGE('',*,*,#4715,.T.);
#5143 = ORIENTED_EDGE('',*,*,#5144,.F.);
#5144 = EDGE_CURVE('',#4202,#4707,#5145,.T.);
#5145 = LINE('',#5146,#5147);
#5146 = CARTESIAN_POINT('',(97.156858,-107.009847,0.));
#5147 = VECTOR('',#5148,1.);
#5148 = DIRECTION('',(0.,0.,1.));
#5149 = ORIENTED_EDGE('',*,*,#4210,.F.);
#5150 = PLANE('',#5151);
#5151 = AXIS2_PLACEMENT_3D('',#5152,#5153,#5154);
#5152 = CARTESIAN_POINT('',(95.788967,-106.392794,0.));
#5153 = DIRECTION('',(0.411196896011,0.911546549942,-0.));
#5154 = DIRECTION('',(0.911546549942,-0.411196896011,0.));
#5155 = ADVANCED_FACE('',(#5156),#5167,.T.);
#5156 = FACE_BOUND('',#5157,.T.);
#5157 = EDGE_LOOP('',(#5158,#5164,#5165,#5166));
#5158 = ORIENTED_EDGE('',*,*,#5159,.T.);
#5159 = EDGE_CURVE('',#4101,#4606,#5160,.T.);
#5160 = LINE('',#5161,#5162);
#5161 = CARTESIAN_POINT('',(77.841438,-105.128987,0.));
#5162 = VECTOR('',#5163,1.);
#5163 = DIRECTION('',(0.,0.,1.));
#5164 = ORIENTED_EDGE('',*,*,#4605,.T.);
#5165 = ORIENTED_EDGE('',*,*,#5125,.F.);
#5166 = ORIENTED_EDGE('',*,*,#4100,.F.);
#5167 = PLANE('',#5168);
#5168 = AXIS2_PLACEMENT_3D('',#5169,#5170,#5171);
#5169 = CARTESIAN_POINT('',(77.841438,-105.128987,0.));
#5170 = DIRECTION('',(-0.906183139973,0.422885465378,0.));
#5171 = DIRECTION('',(0.422885465378,0.906183139973,0.));
#5172 = ADVANCED_FACE('',(#5173),#5184,.T.);
#5173 = FACE_BOUND('',#5174,.T.);
#5174 = EDGE_LOOP('',(#5175,#5176,#5177,#5183));
#5175 = ORIENTED_EDGE('',*,*,#5144,.T.);
#5176 = ORIENTED_EDGE('',*,*,#4706,.T.);
#5177 = ORIENTED_EDGE('',*,*,#5178,.F.);
#5178 = EDGE_CURVE('',#4194,#4699,#5179,.T.);
#5179 = LINE('',#5180,#5181);
#5180 = CARTESIAN_POINT('',(96.005507,-112.362176,0.));
#5181 = VECTOR('',#5182,1.);
#5182 = DIRECTION('',(0.,0.,1.));
#5183 = ORIENTED_EDGE('',*,*,#4201,.F.);
#5184 = CYLINDRICAL_SURFACE('',#5185,2.799998950257);
#5185 = AXIS2_PLACEMENT_3D('',#5186,#5187,#5188);
#5186 = CARTESIAN_POINT('',(96.005508600982,-109.5621770497,0.));
#5187 = DIRECTION('',(0.,0.,-1.));
#5188 = DIRECTION('',(0.411196368096,0.911546788083,0.));
#5189 = ADVANCED_FACE('',(#5190),#5201,.F.);
#5190 = FACE_BOUND('',#5191,.T.);
#5191 = EDGE_LOOP('',(#5192,#5198,#5199,#5200));
#5192 = ORIENTED_EDGE('',*,*,#5193,.T.);
#5193 = EDGE_CURVE('',#4109,#4614,#5194,.T.);
#5194 = LINE('',#5195,#5196);
#5195 = CARTESIAN_POINT('',(76.834007,-109.812276,0.));
#5196 = VECTOR('',#5197,1.);
#5197 = DIRECTION('',(0.,0.,1.));
#5198 = ORIENTED_EDGE('',*,*,#4613,.T.);
#5199 = ORIENTED_EDGE('',*,*,#5159,.F.);
#5200 = ORIENTED_EDGE('',*,*,#4108,.F.);
#5201 = CYLINDRICAL_SURFACE('',#5202,2.449999807773);
#5202 = AXIS2_PLACEMENT_3D('',#5203,#5204,#5205);
#5203 = CARTESIAN_POINT('',(76.834006393404,-107.3622761922,0.));
#5204 = DIRECTION('',(-0.,0.,-1.));
#5205 = DIRECTION('',(2.475901205909E-07,-1.,-0.));
#5206 = ADVANCED_FACE('',(#5207),#5218,.T.);
#5207 = FACE_BOUND('',#5208,.T.);
#5208 = EDGE_LOOP('',(#5209,#5210,#5211,#5217));
#5209 = ORIENTED_EDGE('',*,*,#5178,.T.);
#5210 = ORIENTED_EDGE('',*,*,#4698,.T.);
#5211 = ORIENTED_EDGE('',*,*,#5212,.F.);
#5212 = EDGE_CURVE('',#4185,#4690,#5213,.T.);
#5213 = LINE('',#5214,#5215);
#5214 = CARTESIAN_POINT('',(95.152107,-112.362176,0.));
#5215 = VECTOR('',#5216,1.);
#5216 = DIRECTION('',(0.,0.,1.));
#5217 = ORIENTED_EDGE('',*,*,#4193,.F.);
#5218 = PLANE('',#5219);
#5219 = AXIS2_PLACEMENT_3D('',#5220,#5221,#5222);
#5220 = CARTESIAN_POINT('',(96.005507,-112.362176,0.));
#5221 = DIRECTION('',(0.,-1.,0.));
#5222 = DIRECTION('',(-1.,0.,0.));
#5223 = ADVANCED_FACE('',(#5224),#5235,.T.);
#5224 = FACE_BOUND('',#5225,.T.);
#5225 = EDGE_LOOP('',(#5226,#5232,#5233,#5234));
#5226 = ORIENTED_EDGE('',*,*,#5227,.T.);
#5227 = EDGE_CURVE('',#4118,#4623,#5228,.T.);
#5228 = LINE('',#5229,#5230);
#5229 = CARTESIAN_POINT('',(75.630607,-109.812276,0.));
#5230 = VECTOR('',#5231,1.);
#5231 = DIRECTION('',(0.,0.,1.));
#5232 = ORIENTED_EDGE('',*,*,#4622,.T.);
#5233 = ORIENTED_EDGE('',*,*,#5193,.F.);
#5234 = ORIENTED_EDGE('',*,*,#4117,.F.);
#5235 = PLANE('',#5236);
#5236 = AXIS2_PLACEMENT_3D('',#5237,#5238,#5239);
#5237 = CARTESIAN_POINT('',(75.630607,-109.812276,0.));
#5238 = DIRECTION('',(0.,1.,0.));
#5239 = DIRECTION('',(1.,0.,0.));
#5240 = ADVANCED_FACE('',(#5241),#5252,.F.);
#5241 = FACE_BOUND('',#5242,.T.);
#5242 = EDGE_LOOP('',(#5243,#5244,#5245,#5251));
#5243 = ORIENTED_EDGE('',*,*,#5212,.T.);
#5244 = ORIENTED_EDGE('',*,*,#4689,.T.);
#5245 = ORIENTED_EDGE('',*,*,#5246,.F.);
#5246 = EDGE_CURVE('',#4177,#4682,#5247,.T.);
#5247 = LINE('',#5248,#5249);
#5248 = CARTESIAN_POINT('',(94.352107,-113.162176,0.));
#5249 = VECTOR('',#5250,1.);
#5250 = DIRECTION('',(0.,0.,1.));
#5251 = ORIENTED_EDGE('',*,*,#4184,.F.);
#5252 = CYLINDRICAL_SURFACE('',#5253,0.800001450872);
#5253 = AXIS2_PLACEMENT_3D('',#5254,#5255,#5256);
#5254 = CARTESIAN_POINT('',(95.152108450871,-113.1621774508,0.));
#5255 = DIRECTION('',(-0.,-0.,-1.));
#5256 = DIRECTION('',(-1.813584977131E-06,0.999999999998,0.));
#5257 = ADVANCED_FACE('',(#5258),#5269,.T.);
#5258 = FACE_BOUND('',#5259,.T.);
#5259 = EDGE_LOOP('',(#5260,#5266,#5267,#5268));
#5260 = ORIENTED_EDGE('',*,*,#5261,.T.);
#5261 = EDGE_CURVE('',#4126,#4631,#5262,.T.);
#5262 = LINE('',#5263,#5264);
#5263 = CARTESIAN_POINT('',(74.830638,-110.612276,0.));
#5264 = VECTOR('',#5265,1.);
#5265 = DIRECTION('',(0.,0.,1.));
#5266 = ORIENTED_EDGE('',*,*,#4630,.T.);
#5267 = ORIENTED_EDGE('',*,*,#5227,.F.);
#5268 = ORIENTED_EDGE('',*,*,#4125,.F.);
#5269 = CYLINDRICAL_SURFACE('',#5270,0.799950240316);
#5270 = AXIS2_PLACEMENT_3D('',#5271,#5272,#5273);
#5271 = CARTESIAN_POINT('',(75.630588238769,-110.61222624,0.));
#5272 = DIRECTION('',(0.,0.,-1.));
#5273 = DIRECTION('',(-0.999999998065,-6.220374849999E-05,-0.));
#5274 = ADVANCED_FACE('',(#5275),#5286,.T.);
#5275 = FACE_BOUND('',#5276,.T.);
#5276 = EDGE_LOOP('',(#5277,#5278,#5279,#5285));
#5277 = ORIENTED_EDGE('',*,*,#5246,.T.);
#5278 = ORIENTED_EDGE('',*,*,#4681,.T.);
#5279 = ORIENTED_EDGE('',*,*,#5280,.F.);
#5280 = EDGE_CURVE('',#4169,#4674,#5281,.T.);
#5281 = LINE('',#5282,#5283);
#5282 = CARTESIAN_POINT('',(94.352096,-113.162176,0.));
#5283 = VECTOR('',#5284,1.);
#5284 = DIRECTION('',(0.,0.,1.));
#5285 = ORIENTED_EDGE('',*,*,#4176,.F.);
#5286 = PLANE('',#5287);
#5287 = AXIS2_PLACEMENT_3D('',#5288,#5289,#5290);
#5288 = CARTESIAN_POINT('',(94.352107,-113.162176,0.));
#5289 = DIRECTION('',(0.,-1.,0.));
#5290 = DIRECTION('',(-1.,0.,0.));
#5291 = ADVANCED_FACE('',(#5292),#5303,.T.);
#5292 = FACE_BOUND('',#5293,.T.);
#5293 = EDGE_LOOP('',(#5294,#5300,#5301,#5302));
#5294 = ORIENTED_EDGE('',*,*,#5295,.T.);
#5295 = EDGE_CURVE('',#4135,#4640,#5296,.T.);
#5296 = LINE('',#5297,#5298);
#5297 = CARTESIAN_POINT('',(74.830638,-113.762076,0.));
#5298 = VECTOR('',#5299,1.);
#5299 = DIRECTION('',(0.,0.,1.));
#5300 = ORIENTED_EDGE('',*,*,#4639,.T.);
#5301 = ORIENTED_EDGE('',*,*,#5261,.F.);
#5302 = ORIENTED_EDGE('',*,*,#4134,.F.);
#5303 = PLANE('',#5304);
#5304 = AXIS2_PLACEMENT_3D('',#5305,#5306,#5307);
#5305 = CARTESIAN_POINT('',(74.830638,-113.762076,0.));
#5306 = DIRECTION('',(-1.,0.,0.));
#5307 = DIRECTION('',(0.,1.,0.));
#5308 = ADVANCED_FACE('',(#5309),#5320,.T.);
#5309 = FACE_BOUND('',#5310,.T.);
#5310 = EDGE_LOOP('',(#5311,#5312,#5313,#5319));
#5311 = ORIENTED_EDGE('',*,*,#5280,.T.);
#5312 = ORIENTED_EDGE('',*,*,#4673,.T.);
#5313 = ORIENTED_EDGE('',*,*,#5314,.F.);
#5314 = EDGE_CURVE('',#4160,#4665,#5315,.T.);
#5315 = LINE('',#5316,#5317);
#5316 = CARTESIAN_POINT('',(94.352096,-113.766175,0.));
#5317 = VECTOR('',#5318,1.);
#5318 = DIRECTION('',(0.,0.,1.));
#5319 = ORIENTED_EDGE('',*,*,#4168,.F.);
#5320 = PLANE('',#5321);
#5321 = AXIS2_PLACEMENT_3D('',#5322,#5323,#5324);
#5322 = CARTESIAN_POINT('',(94.352096,-113.162176,0.));
#5323 = DIRECTION('',(1.,0.,-0.));
#5324 = DIRECTION('',(0.,-1.,0.));
#5325 = ADVANCED_FACE('',(#5326),#5337,.T.);
#5326 = FACE_BOUND('',#5327,.T.);
#5327 = EDGE_LOOP('',(#5328,#5334,#5335,#5336));
#5328 = ORIENTED_EDGE('',*,*,#5329,.T.);
#5329 = EDGE_CURVE('',#4143,#4648,#5330,.T.);
#5330 = LINE('',#5331,#5332);
#5331 = CARTESIAN_POINT('',(75.641214,-114.562176,0.));
#5332 = VECTOR('',#5333,1.);
#5333 = DIRECTION('',(0.,0.,1.));
#5334 = ORIENTED_EDGE('',*,*,#4647,.T.);
#5335 = ORIENTED_EDGE('',*,*,#5295,.F.);
#5336 = ORIENTED_EDGE('',*,*,#4142,.F.);
#5337 = CYLINDRICAL_SURFACE('',#5338,0.800138271485);
#5338 = AXIS2_PLACEMENT_3D('',#5339,#5340,#5341);
#5339 = CARTESIAN_POINT('',(75.63077627093,-113.762105811,0.));
#5340 = DIRECTION('',(0.,0.,-1.));
#5341 = DIRECTION('',(1.304490666439E-02,-0.999914911585,0.));
#5342 = ADVANCED_FACE('',(#5343),#5354,.T.);
#5343 = FACE_BOUND('',#5344,.T.);
#5344 = EDGE_LOOP('',(#5345,#5346,#5347,#5353));
#5345 = ORIENTED_EDGE('',*,*,#5314,.T.);
#5346 = ORIENTED_EDGE('',*,*,#4664,.T.);
#5347 = ORIENTED_EDGE('',*,*,#5348,.F.);
#5348 = EDGE_CURVE('',#4152,#4657,#5349,.T.);
#5349 = LINE('',#5350,#5351);
#5350 = CARTESIAN_POINT('',(93.552107,-114.562176,0.));
#5351 = VECTOR('',#5352,1.);
#5352 = DIRECTION('',(0.,0.,1.));
#5353 = ORIENTED_EDGE('',*,*,#4159,.F.);
#5354 = CYLINDRICAL_SURFACE('',#5355,0.799997095442);
#5355 = AXIS2_PLACEMENT_3D('',#5356,#5357,#5358);
#5356 = CARTESIAN_POINT('',(93.552108885144,-113.7621789045,0.));
#5357 = DIRECTION('',(0.,0.,-1.));
#5358 = DIRECTION('',(0.999987524223,-4.995137435127E-03,0.));
#5359 = ADVANCED_FACE('',(#5360),#5366,.T.);
#5360 = FACE_BOUND('',#5361,.T.);
#5361 = EDGE_LOOP('',(#5362,#5363,#5364,#5365));
#5362 = ORIENTED_EDGE('',*,*,#5348,.T.);
#5363 = ORIENTED_EDGE('',*,*,#4656,.T.);
#5364 = ORIENTED_EDGE('',*,*,#5329,.F.);
#5365 = ORIENTED_EDGE('',*,*,#4151,.F.);
#5366 = PLANE('',#5367);
#5367 = AXIS2_PLACEMENT_3D('',#5368,#5369,#5370);
#5368 = CARTESIAN_POINT('',(93.552107,-114.562176,0.));
#5369 = DIRECTION('',(0.,-1.,0.));
#5370 = DIRECTION('',(-1.,0.,0.));
#5371 = ADVANCED_FACE('',(#5372),#5383,.F.);
#5372 = FACE_BOUND('',#5373,.T.);
#5373 = EDGE_LOOP('',(#5374,#5375,#5381,#5382));
#5374 = ORIENTED_EDGE('',*,*,#4228,.T.);
#5375 = ORIENTED_EDGE('',*,*,#5376,.T.);
#5376 = EDGE_CURVE('',#4229,#4734,#5377,.T.);
#5377 = LINE('',#5378,#5379);
#5378 = CARTESIAN_POINT('',(76.972107,-113.092176,-4.6E-02));
#5379 = VECTOR('',#5380,1.);
#5380 = DIRECTION('',(0.,0.,1.));
#5381 = ORIENTED_EDGE('',*,*,#4733,.F.);
#5382 = ORIENTED_EDGE('',*,*,#5376,.F.);
#5383 = CYLINDRICAL_SURFACE('',#5384,0.9);
#5384 = AXIS2_PLACEMENT_3D('',#5385,#5386,#5387);
#5385 = CARTESIAN_POINT('',(76.972107,-112.192176,-4.6E-02));
#5386 = DIRECTION('',(-0.,-0.,-1.));
#5387 = DIRECTION('',(-0.,-1.,0.));
#5388 = ADVANCED_FACE('',(#5389),#5400,.F.);
#5389 = FACE_BOUND('',#5390,.T.);
#5390 = EDGE_LOOP('',(#5391,#5392,#5398,#5399));
#5391 = ORIENTED_EDGE('',*,*,#4239,.T.);
#5392 = ORIENTED_EDGE('',*,*,#5393,.T.);
#5393 = EDGE_CURVE('',#4240,#4745,#5394,.T.);
#5394 = LINE('',#5395,#5396);
#5395 = CARTESIAN_POINT('',(80.772107,-113.092176,-4.6E-02));
#5396 = VECTOR('',#5397,1.);
#5397 = DIRECTION('',(0.,0.,1.));
#5398 = ORIENTED_EDGE('',*,*,#4744,.F.);
#5399 = ORIENTED_EDGE('',*,*,#5393,.F.);
#5400 = CYLINDRICAL_SURFACE('',#5401,0.9);
#5401 = AXIS2_PLACEMENT_3D('',#5402,#5403,#5404);
#5402 = CARTESIAN_POINT('',(80.772107,-112.192176,-4.6E-02));
#5403 = DIRECTION('',(-0.,-0.,-1.));
#5404 = DIRECTION('',(-0.,-1.,0.));
#5405 = ADVANCED_FACE('',(#5406),#5417,.F.);
#5406 = FACE_BOUND('',#5407,.T.);
#5407 = EDGE_LOOP('',(#5408,#5409,#5415,#5416));
#5408 = ORIENTED_EDGE('',*,*,#4250,.T.);
#5409 = ORIENTED_EDGE('',*,*,#5410,.T.);
#5410 = EDGE_CURVE('',#4251,#4756,#5411,.T.);
#5411 = LINE('',#5412,#5413);
#5412 = CARTESIAN_POINT('',(83.802107,-113.422176,-4.6E-02));
#5413 = VECTOR('',#5414,1.);
#5414 = DIRECTION('',(0.,0.,1.));
#5415 = ORIENTED_EDGE('',*,*,#4755,.F.);
#5416 = ORIENTED_EDGE('',*,*,#5410,.F.);
#5417 = CYLINDRICAL_SURFACE('',#5418,0.5);
#5418 = AXIS2_PLACEMENT_3D('',#5419,#5420,#5421);
#5419 = CARTESIAN_POINT('',(83.802107,-112.922176,-4.6E-02));
#5420 = DIRECTION('',(-0.,-0.,-1.));
#5421 = DIRECTION('',(-0.,-1.,0.));
#5422 = ADVANCED_FACE('',(#5423),#5434,.F.);
#5423 = FACE_BOUND('',#5424,.T.);
#5424 = EDGE_LOOP('',(#5425,#5426,#5432,#5433));
#5425 = ORIENTED_EDGE('',*,*,#4261,.T.);
#5426 = ORIENTED_EDGE('',*,*,#5427,.T.);
#5427 = EDGE_CURVE('',#4262,#4767,#5428,.T.);
#5428 = LINE('',#5429,#5430);
#5429 = CARTESIAN_POINT('',(86.002107,-113.422176,-4.6E-02));
#5430 = VECTOR('',#5431,1.);
#5431 = DIRECTION('',(0.,0.,1.));
#5432 = ORIENTED_EDGE('',*,*,#4766,.F.);
#5433 = ORIENTED_EDGE('',*,*,#5427,.F.);
#5434 = CYLINDRICAL_SURFACE('',#5435,0.5);
#5435 = AXIS2_PLACEMENT_3D('',#5436,#5437,#5438);
#5436 = CARTESIAN_POINT('',(86.002107,-112.922176,-4.6E-02));
#5437 = DIRECTION('',(-0.,-0.,-1.));
#5438 = DIRECTION('',(-0.,-1.,0.));
#5439 = ADVANCED_FACE('',(#5440),#5451,.F.);
#5440 = FACE_BOUND('',#5441,.T.);
#5441 = EDGE_LOOP('',(#5442,#5443,#5449,#5450));
#5442 = ORIENTED_EDGE('',*,*,#4272,.T.);
#5443 = ORIENTED_EDGE('',*,*,#5444,.T.);
#5444 = EDGE_CURVE('',#4273,#4778,#5445,.T.);
#5445 = LINE('',#5446,#5447);
#5446 = CARTESIAN_POINT('',(88.202107,-113.422176,-4.6E-02));
#5447 = VECTOR('',#5448,1.);
#5448 = DIRECTION('',(0.,0.,1.));
#5449 = ORIENTED_EDGE('',*,*,#4777,.F.);
#5450 = ORIENTED_EDGE('',*,*,#5444,.F.);
#5451 = CYLINDRICAL_SURFACE('',#5452,0.5);
#5452 = AXIS2_PLACEMENT_3D('',#5453,#5454,#5455);
#5453 = CARTESIAN_POINT('',(88.202107,-112.922176,-4.6E-02));
#5454 = DIRECTION('',(-0.,-0.,-1.));
#5455 = DIRECTION('',(-0.,-1.,0.));
#5456 = ADVANCED_FACE('',(#5457),#5468,.F.);
#5457 = FACE_BOUND('',#5458,.T.);
#5458 = EDGE_LOOP('',(#5459,#5460,#5466,#5467));
#5459 = ORIENTED_EDGE('',*,*,#4283,.T.);
#5460 = ORIENTED_EDGE('',*,*,#5461,.T.);
#5461 = EDGE_CURVE('',#4284,#4789,#5462,.T.);
#5462 = LINE('',#5463,#5464);
#5463 = CARTESIAN_POINT('',(90.402107,-113.422176,-4.6E-02));
#5464 = VECTOR('',#5465,1.);
#5465 = DIRECTION('',(0.,0.,1.));
#5466 = ORIENTED_EDGE('',*,*,#4788,.F.);
#5467 = ORIENTED_EDGE('',*,*,#5461,.F.);
#5468 = CYLINDRICAL_SURFACE('',#5469,0.5);
#5469 = AXIS2_PLACEMENT_3D('',#5470,#5471,#5472);
#5470 = CARTESIAN_POINT('',(90.402107,-112.922176,-4.6E-02));
#5471 = DIRECTION('',(-0.,-0.,-1.));
#5472 = DIRECTION('',(-0.,-1.,0.));
#5473 = ADVANCED_FACE('',(#5474),#5485,.F.);
#5474 = FACE_BOUND('',#5475,.T.);
#5475 = EDGE_LOOP('',(#5476,#5477,#5483,#5484));
#5476 = ORIENTED_EDGE('',*,*,#4294,.T.);
#5477 = ORIENTED_EDGE('',*,*,#5478,.T.);
#5478 = EDGE_CURVE('',#4295,#4800,#5479,.T.);
#5479 = LINE('',#5480,#5481);
#5480 = CARTESIAN_POINT('',(92.602107,-113.422176,-4.6E-02));
#5481 = VECTOR('',#5482,1.);
#5482 = DIRECTION('',(0.,0.,1.));
#5483 = ORIENTED_EDGE('',*,*,#4799,.F.);
#5484 = ORIENTED_EDGE('',*,*,#5478,.F.);
#5485 = CYLINDRICAL_SURFACE('',#5486,0.5);
#5486 = AXIS2_PLACEMENT_3D('',#5487,#5488,#5489);
#5487 = CARTESIAN_POINT('',(92.602107,-112.922176,-4.6E-02));
#5488 = DIRECTION('',(-0.,-0.,-1.));
#5489 = DIRECTION('',(-0.,-1.,0.));
#5490 = ADVANCED_FACE('',(#5491),#5502,.F.);
#5491 = FACE_BOUND('',#5492,.T.);
#5492 = EDGE_LOOP('',(#5493,#5494,#5500,#5501));
#5493 = ORIENTED_EDGE('',*,*,#4305,.T.);
#5494 = ORIENTED_EDGE('',*,*,#5495,.T.);
#5495 = EDGE_CURVE('',#4306,#4811,#5496,.T.);
#5496 = LINE('',#5497,#5498);
#5497 = CARTESIAN_POINT('',(94.815381,-110.928902,-4.6E-02));
#5498 = VECTOR('',#5499,1.);
#5499 = DIRECTION('',(0.,0.,1.));
#5500 = ORIENTED_EDGE('',*,*,#4810,.F.);
#5501 = ORIENTED_EDGE('',*,*,#5495,.F.);
#5502 = CYLINDRICAL_SURFACE('',#5503,0.2);
#5503 = AXIS2_PLACEMENT_3D('',#5504,#5505,#5506);
#5504 = CARTESIAN_POINT('',(94.815381,-110.728902,-4.6E-02));
#5505 = DIRECTION('',(-0.,-0.,-1.));
#5506 = DIRECTION('',(-0.,-1.,0.));
#5507 = ADVANCED_FACE('',(#5508),#5519,.F.);
#5508 = FACE_BOUND('',#5509,.T.);
#5509 = EDGE_LOOP('',(#5510,#5511,#5517,#5518));
#5510 = ORIENTED_EDGE('',*,*,#4316,.T.);
#5511 = ORIENTED_EDGE('',*,*,#5512,.T.);
#5512 = EDGE_CURVE('',#4317,#4822,#5513,.T.);
#5513 = LINE('',#5514,#5515);
#5514 = CARTESIAN_POINT('',(95.982107,-111.412176,-4.6E-02));
#5515 = VECTOR('',#5516,1.);
#5516 = DIRECTION('',(0.,0.,1.));
#5517 = ORIENTED_EDGE('',*,*,#4821,.F.);
#5518 = ORIENTED_EDGE('',*,*,#5512,.F.);
#5519 = CYLINDRICAL_SURFACE('',#5520,0.2);
#5520 = AXIS2_PLACEMENT_3D('',#5521,#5522,#5523);
#5521 = CARTESIAN_POINT('',(95.982107,-111.212176,-4.6E-02));
#5522 = DIRECTION('',(-0.,-0.,-1.));
#5523 = DIRECTION('',(-0.,-1.,0.));
#5524 = ADVANCED_FACE('',(#5525),#5536,.F.);
#5525 = FACE_BOUND('',#5526,.T.);
#5526 = EDGE_LOOP('',(#5527,#5528,#5534,#5535));
#5527 = ORIENTED_EDGE('',*,*,#4327,.T.);
#5528 = ORIENTED_EDGE('',*,*,#5529,.T.);
#5529 = EDGE_CURVE('',#4328,#4833,#5530,.T.);
#5530 = LINE('',#5531,#5532);
#5531 = CARTESIAN_POINT('',(97.148833,-110.928902,-4.6E-02));
#5532 = VECTOR('',#5533,1.);
#5533 = DIRECTION('',(0.,0.,1.));
#5534 = ORIENTED_EDGE('',*,*,#4832,.F.);
#5535 = ORIENTED_EDGE('',*,*,#5529,.F.);
#5536 = CYLINDRICAL_SURFACE('',#5537,0.2);
#5537 = AXIS2_PLACEMENT_3D('',#5538,#5539,#5540);
#5538 = CARTESIAN_POINT('',(97.148833,-110.728902,-4.6E-02));
#5539 = DIRECTION('',(-0.,-0.,-1.));
#5540 = DIRECTION('',(-0.,-1.,0.));
#5541 = ADVANCED_FACE('',(#5542),#5553,.F.);
#5542 = FACE_BOUND('',#5543,.T.);
#5543 = EDGE_LOOP('',(#5544,#5545,#5551,#5552));
#5544 = ORIENTED_EDGE('',*,*,#4338,.T.);
#5545 = ORIENTED_EDGE('',*,*,#5546,.T.);
#5546 = EDGE_CURVE('',#4339,#4844,#5547,.T.);
#5547 = LINE('',#5548,#5549);
#5548 = CARTESIAN_POINT('',(94.332107,-109.762176,-4.6E-02));
#5549 = VECTOR('',#5550,1.);
#5550 = DIRECTION('',(0.,0.,1.));
#5551 = ORIENTED_EDGE('',*,*,#4843,.F.);
#5552 = ORIENTED_EDGE('',*,*,#5546,.F.);
#5553 = CYLINDRICAL_SURFACE('',#5554,0.2);
#5554 = AXIS2_PLACEMENT_3D('',#5555,#5556,#5557);
#5555 = CARTESIAN_POINT('',(94.332107,-109.562176,-4.6E-02));
#5556 = DIRECTION('',(-0.,-0.,-1.));
#5557 = DIRECTION('',(-7.105427357601E-14,-1.,0.));
#5558 = ADVANCED_FACE('',(#5559),#5570,.F.);
#5559 = FACE_BOUND('',#5560,.T.);
#5560 = EDGE_LOOP('',(#5561,#5562,#5568,#5569));
#5561 = ORIENTED_EDGE('',*,*,#4349,.T.);
#5562 = ORIENTED_EDGE('',*,*,#5563,.T.);
#5563 = EDGE_CURVE('',#4350,#4855,#5564,.T.);
#5564 = LINE('',#5565,#5566);
#5565 = CARTESIAN_POINT('',(95.982107,-110.662176,-4.6E-02));
#5566 = VECTOR('',#5567,1.);
#5567 = DIRECTION('',(0.,0.,1.));
#5568 = ORIENTED_EDGE('',*,*,#4854,.F.);
#5569 = ORIENTED_EDGE('',*,*,#5563,.F.);
#5570 = CYLINDRICAL_SURFACE('',#5571,1.1);
#5571 = AXIS2_PLACEMENT_3D('',#5572,#5573,#5574);
#5572 = CARTESIAN_POINT('',(95.982107,-109.562176,-4.6E-02));
#5573 = DIRECTION('',(-0.,-0.,-1.));
#5574 = DIRECTION('',(-0.,-1.,0.));
#5575 = ADVANCED_FACE('',(#5576),#5587,.F.);
#5576 = FACE_BOUND('',#5577,.T.);
#5577 = EDGE_LOOP('',(#5578,#5579,#5585,#5586));
#5578 = ORIENTED_EDGE('',*,*,#4360,.T.);
#5579 = ORIENTED_EDGE('',*,*,#5580,.T.);
#5580 = EDGE_CURVE('',#4361,#4866,#5581,.T.);
#5581 = LINE('',#5582,#5583);
#5582 = CARTESIAN_POINT('',(97.632107,-109.762176,-4.6E-02));
#5583 = VECTOR('',#5584,1.);
#5584 = DIRECTION('',(0.,0.,1.));
#5585 = ORIENTED_EDGE('',*,*,#4865,.F.);
#5586 = ORIENTED_EDGE('',*,*,#5580,.F.);
#5587 = CYLINDRICAL_SURFACE('',#5588,0.2);
#5588 = AXIS2_PLACEMENT_3D('',#5589,#5590,#5591);
#5589 = CARTESIAN_POINT('',(97.632107,-109.562176,-4.6E-02));
#5590 = DIRECTION('',(-0.,0.,-1.));
#5591 = DIRECTION('',(7.1054273576E-14,-1.,-0.));
#5592 = ADVANCED_FACE('',(#5593),#5604,.F.);
#5593 = FACE_BOUND('',#5594,.T.);
#5594 = EDGE_LOOP('',(#5595,#5596,#5602,#5603));
#5595 = ORIENTED_EDGE('',*,*,#4371,.T.);
#5596 = ORIENTED_EDGE('',*,*,#5597,.T.);
#5597 = EDGE_CURVE('',#4372,#4877,#5598,.T.);
#5598 = LINE('',#5599,#5600);
#5599 = CARTESIAN_POINT('',(94.815381,-108.59545,-4.6E-02));
#5600 = VECTOR('',#5601,1.);
#5601 = DIRECTION('',(0.,0.,1.));
#5602 = ORIENTED_EDGE('',*,*,#4876,.F.);
#5603 = ORIENTED_EDGE('',*,*,#5597,.F.);
#5604 = CYLINDRICAL_SURFACE('',#5605,0.2);
#5605 = AXIS2_PLACEMENT_3D('',#5606,#5607,#5608);
#5606 = CARTESIAN_POINT('',(94.815381,-108.39545,-4.6E-02));
#5607 = DIRECTION('',(-0.,-0.,-1.));
#5608 = DIRECTION('',(-0.,-1.,0.));
#5609 = ADVANCED_FACE('',(#5610),#5621,.F.);
#5610 = FACE_BOUND('',#5611,.T.);
#5611 = EDGE_LOOP('',(#5612,#5613,#5619,#5620));
#5612 = ORIENTED_EDGE('',*,*,#4382,.T.);
#5613 = ORIENTED_EDGE('',*,*,#5614,.T.);
#5614 = EDGE_CURVE('',#4383,#4888,#5615,.T.);
#5615 = LINE('',#5616,#5617);
#5616 = CARTESIAN_POINT('',(95.982107,-108.112176,-4.6E-02));
#5617 = VECTOR('',#5618,1.);
#5618 = DIRECTION('',(0.,0.,1.));
#5619 = ORIENTED_EDGE('',*,*,#4887,.F.);
#5620 = ORIENTED_EDGE('',*,*,#5614,.F.);
#5621 = CYLINDRICAL_SURFACE('',#5622,0.2);
#5622 = AXIS2_PLACEMENT_3D('',#5623,#5624,#5625);
#5623 = CARTESIAN_POINT('',(95.982107,-107.912176,-4.6E-02));
#5624 = DIRECTION('',(-0.,-0.,-1.));
#5625 = DIRECTION('',(-0.,-1.,0.));
#5626 = ADVANCED_FACE('',(#5627),#5638,.F.);
#5627 = FACE_BOUND('',#5628,.T.);
#5628 = EDGE_LOOP('',(#5629,#5630,#5636,#5637));
#5629 = ORIENTED_EDGE('',*,*,#4393,.T.);
#5630 = ORIENTED_EDGE('',*,*,#5631,.T.);
#5631 = EDGE_CURVE('',#4394,#4899,#5632,.T.);
#5632 = LINE('',#5633,#5634);
#5633 = CARTESIAN_POINT('',(97.148833,-108.59545,-4.6E-02));
#5634 = VECTOR('',#5635,1.);
#5635 = DIRECTION('',(0.,0.,1.));
#5636 = ORIENTED_EDGE('',*,*,#4898,.F.);
#5637 = ORIENTED_EDGE('',*,*,#5631,.F.);
#5638 = CYLINDRICAL_SURFACE('',#5639,0.2);
#5639 = AXIS2_PLACEMENT_3D('',#5640,#5641,#5642);
#5640 = CARTESIAN_POINT('',(97.148833,-108.39545,-4.6E-02));
#5641 = DIRECTION('',(-0.,-0.,-1.));
#5642 = DIRECTION('',(-0.,-1.,0.));
#5643 = ADVANCED_FACE('',(#5644),#5655,.F.);
#5644 = FACE_BOUND('',#5645,.T.);
#5645 = EDGE_LOOP('',(#5646,#5647,#5653,#5654));
#5646 = ORIENTED_EDGE('',*,*,#4404,.T.);
#5647 = ORIENTED_EDGE('',*,*,#5648,.T.);
#5648 = EDGE_CURVE('',#4405,#4910,#5649,.T.);
#5649 = LINE('',#5650,#5651);
#5650 = CARTESIAN_POINT('',(77.622107,-103.832176,-4.6E-02));
#5651 = VECTOR('',#5652,1.);
#5652 = DIRECTION('',(0.,0.,1.));
#5653 = ORIENTED_EDGE('',*,*,#4909,.F.);
#5654 = ORIENTED_EDGE('',*,*,#5648,.F.);
#5655 = CYLINDRICAL_SURFACE('',#5656,0.2);
#5656 = AXIS2_PLACEMENT_3D('',#5657,#5658,#5659);
#5657 = CARTESIAN_POINT('',(77.622107,-103.632176,-4.6E-02));
#5658 = DIRECTION('',(-0.,-0.,-1.));
#5659 = DIRECTION('',(-0.,-1.,0.));
#5660 = ADVANCED_FACE('',(#5661),#5672,.F.);
#5661 = FACE_BOUND('',#5662,.T.);
#5662 = EDGE_LOOP('',(#5663,#5664,#5670,#5671));
#5663 = ORIENTED_EDGE('',*,*,#4415,.T.);
#5664 = ORIENTED_EDGE('',*,*,#5665,.T.);
#5665 = EDGE_CURVE('',#4416,#4921,#5666,.T.);
#5666 = LINE('',#5667,#5668);
#5667 = CARTESIAN_POINT('',(80.552107,-105.637176,-4.6E-02));
#5668 = VECTOR('',#5669,1.);
#5669 = DIRECTION('',(0.,0.,1.));
#5670 = ORIENTED_EDGE('',*,*,#4920,.F.);
#5671 = ORIENTED_EDGE('',*,*,#5665,.F.);
#5672 = CYLINDRICAL_SURFACE('',#5673,0.875);
#5673 = AXIS2_PLACEMENT_3D('',#5674,#5675,#5676);
#5674 = CARTESIAN_POINT('',(80.552107,-104.762176,-4.6E-02));
#5675 = DIRECTION('',(-0.,-0.,-1.));
#5676 = DIRECTION('',(-0.,-1.,0.));
#5677 = ADVANCED_FACE('',(#5678),#5689,.F.);
#5678 = FACE_BOUND('',#5679,.T.);
#5679 = EDGE_LOOP('',(#5680,#5681,#5687,#5688));
#5680 = ORIENTED_EDGE('',*,*,#4426,.T.);
#5681 = ORIENTED_EDGE('',*,*,#5682,.T.);
#5682 = EDGE_CURVE('',#4427,#4932,#5683,.T.);
#5683 = LINE('',#5684,#5685);
#5684 = CARTESIAN_POINT('',(84.552107,-105.637176,-4.6E-02));
#5685 = VECTOR('',#5686,1.);
#5686 = DIRECTION('',(0.,0.,1.));
#5687 = ORIENTED_EDGE('',*,*,#4931,.F.);
#5688 = ORIENTED_EDGE('',*,*,#5682,.F.);
#5689 = CYLINDRICAL_SURFACE('',#5690,0.875);
#5690 = AXIS2_PLACEMENT_3D('',#5691,#5692,#5693);
#5691 = CARTESIAN_POINT('',(84.552107,-104.762176,-4.6E-02));
#5692 = DIRECTION('',(-0.,-0.,-1.));
#5693 = DIRECTION('',(-0.,-1.,0.));
#5694 = ADVANCED_FACE('',(#5695),#5706,.F.);
#5695 = FACE_BOUND('',#5696,.T.);
#5696 = EDGE_LOOP('',(#5697,#5698,#5704,#5705));
#5697 = ORIENTED_EDGE('',*,*,#4437,.T.);
#5698 = ORIENTED_EDGE('',*,*,#5699,.T.);
#5699 = EDGE_CURVE('',#4438,#4943,#5700,.T.);
#5700 = LINE('',#5701,#5702);
#5701 = CARTESIAN_POINT('',(76.455381,-103.348902,-4.6E-02));
#5702 = VECTOR('',#5703,1.);
#5703 = DIRECTION('',(0.,0.,1.));
#5704 = ORIENTED_EDGE('',*,*,#4942,.F.);
#5705 = ORIENTED_EDGE('',*,*,#5699,.F.);
#5706 = CYLINDRICAL_SURFACE('',#5707,0.2);
#5707 = AXIS2_PLACEMENT_3D('',#5708,#5709,#5710);
#5708 = CARTESIAN_POINT('',(76.455381,-103.148902,-4.6E-02));
#5709 = DIRECTION('',(-0.,-0.,-1.));
#5710 = DIRECTION('',(-0.,-1.,0.));
#5711 = ADVANCED_FACE('',(#5712),#5723,.F.);
#5712 = FACE_BOUND('',#5713,.T.);
#5713 = EDGE_LOOP('',(#5714,#5715,#5721,#5722));
#5714 = ORIENTED_EDGE('',*,*,#4448,.T.);
#5715 = ORIENTED_EDGE('',*,*,#5716,.T.);
#5716 = EDGE_CURVE('',#4449,#4954,#5717,.T.);
#5717 = LINE('',#5718,#5719);
#5718 = CARTESIAN_POINT('',(75.972107,-102.182176,-4.6E-02));
#5719 = VECTOR('',#5720,1.);
#5720 = DIRECTION('',(0.,0.,1.));
#5721 = ORIENTED_EDGE('',*,*,#4953,.F.);
#5722 = ORIENTED_EDGE('',*,*,#5716,.F.);
#5723 = CYLINDRICAL_SURFACE('',#5724,0.2);
#5724 = AXIS2_PLACEMENT_3D('',#5725,#5726,#5727);
#5725 = CARTESIAN_POINT('',(75.972107,-101.982176,-4.6E-02));
#5726 = DIRECTION('',(-0.,-0.,-1.));
#5727 = DIRECTION('',(-0.,-1.,0.));
#5728 = ADVANCED_FACE('',(#5729),#5740,.F.);
#5729 = FACE_BOUND('',#5730,.T.);
#5730 = EDGE_LOOP('',(#5731,#5732,#5738,#5739));
#5731 = ORIENTED_EDGE('',*,*,#4459,.T.);
#5732 = ORIENTED_EDGE('',*,*,#5733,.T.);
#5733 = EDGE_CURVE('',#4460,#4965,#5734,.T.);
#5734 = LINE('',#5735,#5736);
#5735 = CARTESIAN_POINT('',(77.622107,-103.082176,-4.6E-02));
#5736 = VECTOR('',#5737,1.);
#5737 = DIRECTION('',(0.,0.,1.));
#5738 = ORIENTED_EDGE('',*,*,#4964,.F.);
#5739 = ORIENTED_EDGE('',*,*,#5733,.F.);
#5740 = CYLINDRICAL_SURFACE('',#5741,1.1);
#5741 = AXIS2_PLACEMENT_3D('',#5742,#5743,#5744);
#5742 = CARTESIAN_POINT('',(77.622107,-101.982176,-4.6E-02));
#5743 = DIRECTION('',(-0.,-0.,-1.));
#5744 = DIRECTION('',(-0.,-1.,0.));
#5745 = ADVANCED_FACE('',(#5746),#5757,.F.);
#5746 = FACE_BOUND('',#5747,.T.);
#5747 = EDGE_LOOP('',(#5748,#5749,#5755,#5756));
#5748 = ORIENTED_EDGE('',*,*,#4470,.T.);
#5749 = ORIENTED_EDGE('',*,*,#5750,.T.);
#5750 = EDGE_CURVE('',#4471,#4976,#5751,.T.);
#5751 = LINE('',#5752,#5753);
#5752 = CARTESIAN_POINT('',(78.788833,-103.348902,-4.6E-02));
#5753 = VECTOR('',#5754,1.);
#5754 = DIRECTION('',(0.,0.,1.));
#5755 = ORIENTED_EDGE('',*,*,#4975,.F.);
#5756 = ORIENTED_EDGE('',*,*,#5750,.F.);
#5757 = CYLINDRICAL_SURFACE('',#5758,0.2);
#5758 = AXIS2_PLACEMENT_3D('',#5759,#5760,#5761);
#5759 = CARTESIAN_POINT('',(78.788833,-103.148902,-4.6E-02));
#5760 = DIRECTION('',(-0.,-0.,-1.));
#5761 = DIRECTION('',(-0.,-1.,0.));
#5762 = ADVANCED_FACE('',(#5763),#5774,.F.);
#5763 = FACE_BOUND('',#5764,.T.);
#5764 = EDGE_LOOP('',(#5765,#5766,#5772,#5773));
#5765 = ORIENTED_EDGE('',*,*,#4481,.T.);
#5766 = ORIENTED_EDGE('',*,*,#5767,.T.);
#5767 = EDGE_CURVE('',#4482,#4987,#5768,.T.);
#5768 = LINE('',#5769,#5770);
#5769 = CARTESIAN_POINT('',(79.272107,-102.182176,-4.6E-02));
#5770 = VECTOR('',#5771,1.);
#5771 = DIRECTION('',(0.,0.,1.));
#5772 = ORIENTED_EDGE('',*,*,#4986,.F.);
#5773 = ORIENTED_EDGE('',*,*,#5767,.F.);
#5774 = CYLINDRICAL_SURFACE('',#5775,0.2);
#5775 = AXIS2_PLACEMENT_3D('',#5776,#5777,#5778);
#5776 = CARTESIAN_POINT('',(79.272107,-101.982176,-4.6E-02));
#5777 = DIRECTION('',(-0.,-0.,-1.));
#5778 = DIRECTION('',(-0.,-1.,0.));
#5779 = ADVANCED_FACE('',(#5780),#5791,.F.);
#5780 = FACE_BOUND('',#5781,.T.);
#5781 = EDGE_LOOP('',(#5782,#5783,#5789,#5790));
#5782 = ORIENTED_EDGE('',*,*,#4492,.T.);
#5783 = ORIENTED_EDGE('',*,*,#5784,.T.);
#5784 = EDGE_CURVE('',#4493,#4998,#5785,.T.);
#5785 = LINE('',#5786,#5787);
#5786 = CARTESIAN_POINT('',(76.455381,-101.01545,-4.6E-02));
#5787 = VECTOR('',#5788,1.);
#5788 = DIRECTION('',(0.,0.,1.));
#5789 = ORIENTED_EDGE('',*,*,#4997,.F.);
#5790 = ORIENTED_EDGE('',*,*,#5784,.F.);
#5791 = CYLINDRICAL_SURFACE('',#5792,0.2);
#5792 = AXIS2_PLACEMENT_3D('',#5793,#5794,#5795);
#5793 = CARTESIAN_POINT('',(76.455381,-100.81545,-4.6E-02));
#5794 = DIRECTION('',(-0.,-0.,-1.));
#5795 = DIRECTION('',(-0.,-1.,0.));
#5796 = ADVANCED_FACE('',(#5797),#5808,.F.);
#5797 = FACE_BOUND('',#5798,.T.);
#5798 = EDGE_LOOP('',(#5799,#5800,#5806,#5807));
#5799 = ORIENTED_EDGE('',*,*,#4503,.T.);
#5800 = ORIENTED_EDGE('',*,*,#5801,.T.);
#5801 = EDGE_CURVE('',#4504,#5009,#5802,.T.);
#5802 = LINE('',#5803,#5804);
#5803 = CARTESIAN_POINT('',(77.622107,-100.532176,-4.6E-02));
#5804 = VECTOR('',#5805,1.);
#5805 = DIRECTION('',(0.,0.,1.));
#5806 = ORIENTED_EDGE('',*,*,#5008,.F.);
#5807 = ORIENTED_EDGE('',*,*,#5801,.F.);
#5808 = CYLINDRICAL_SURFACE('',#5809,0.2);
#5809 = AXIS2_PLACEMENT_3D('',#5810,#5811,#5812);
#5810 = CARTESIAN_POINT('',(77.622107,-100.332176,-4.6E-02));
#5811 = DIRECTION('',(-0.,-0.,-1.));
#5812 = DIRECTION('',(-0.,-1.,0.));
#5813 = ADVANCED_FACE('',(#5814),#5825,.F.);
#5814 = FACE_BOUND('',#5815,.T.);
#5815 = EDGE_LOOP('',(#5816,#5817,#5823,#5824));
#5816 = ORIENTED_EDGE('',*,*,#4514,.T.);
#5817 = ORIENTED_EDGE('',*,*,#5818,.T.);
#5818 = EDGE_CURVE('',#4515,#5020,#5819,.T.);
#5819 = LINE('',#5820,#5821);
#5820 = CARTESIAN_POINT('',(78.788833,-101.01545,-4.6E-02));
#5821 = VECTOR('',#5822,1.);
#5822 = DIRECTION('',(0.,0.,1.));
#5823 = ORIENTED_EDGE('',*,*,#5019,.F.);
#5824 = ORIENTED_EDGE('',*,*,#5818,.F.);
#5825 = CYLINDRICAL_SURFACE('',#5826,0.2);
#5826 = AXIS2_PLACEMENT_3D('',#5827,#5828,#5829);
#5827 = CARTESIAN_POINT('',(78.788833,-100.81545,-4.6E-02));
#5828 = DIRECTION('',(-0.,-0.,-1.));
#5829 = DIRECTION('',(-0.,-1.,0.));
#5830 = ADVANCED_FACE('',(#5831),#5842,.F.);
#5831 = FACE_BOUND('',#5832,.T.);
#5832 = EDGE_LOOP('',(#5833,#5834,#5840,#5841));
#5833 = ORIENTED_EDGE('',*,*,#4525,.T.);
#5834 = ORIENTED_EDGE('',*,*,#5835,.T.);
#5835 = EDGE_CURVE('',#4526,#5031,#5836,.T.);
#5836 = LINE('',#5837,#5838);
#5837 = CARTESIAN_POINT('',(82.552107,-102.837176,-4.6E-02));
#5838 = VECTOR('',#5839,1.);
#5839 = DIRECTION('',(0.,0.,1.));
#5840 = ORIENTED_EDGE('',*,*,#5030,.F.);
#5841 = ORIENTED_EDGE('',*,*,#5835,.F.);
#5842 = CYLINDRICAL_SURFACE('',#5843,0.875);
#5843 = AXIS2_PLACEMENT_3D('',#5844,#5845,#5846);
#5844 = CARTESIAN_POINT('',(82.552107,-101.962176,-4.6E-02));
#5845 = DIRECTION('',(-0.,-0.,-1.));
#5846 = DIRECTION('',(-0.,-1.,0.));
#5847 = ADVANCED_FACE('',(#5848),#5859,.F.);
#5848 = FACE_BOUND('',#5849,.T.);
#5849 = EDGE_LOOP('',(#5850,#5851,#5857,#5858));
#5850 = ORIENTED_EDGE('',*,*,#4536,.T.);
#5851 = ORIENTED_EDGE('',*,*,#5852,.T.);
#5852 = EDGE_CURVE('',#4537,#5042,#5853,.T.);
#5853 = LINE('',#5854,#5855);
#5854 = CARTESIAN_POINT('',(86.552107,-102.837176,-4.6E-02));
#5855 = VECTOR('',#5856,1.);
#5856 = DIRECTION('',(0.,0.,1.));
#5857 = ORIENTED_EDGE('',*,*,#5041,.F.);
#5858 = ORIENTED_EDGE('',*,*,#5852,.F.);
#5859 = CYLINDRICAL_SURFACE('',#5860,0.875);
#5860 = AXIS2_PLACEMENT_3D('',#5861,#5862,#5863);
#5861 = CARTESIAN_POINT('',(86.552107,-101.962176,-4.6E-02));
#5862 = DIRECTION('',(-0.,-0.,-1.));
#5863 = DIRECTION('',(-0.,-1.,0.));
#5864 = ADVANCED_FACE('',(#5865),#5876,.F.);
#5865 = FACE_BOUND('',#5866,.T.);
#5866 = EDGE_LOOP('',(#5867,#5868,#5874,#5875));
#5867 = ORIENTED_EDGE('',*,*,#4547,.T.);
#5868 = ORIENTED_EDGE('',*,*,#5869,.T.);
#5869 = EDGE_CURVE('',#4548,#5053,#5870,.T.);
#5870 = LINE('',#5871,#5872);
#5871 = CARTESIAN_POINT('',(88.552107,-105.637176,-4.6E-02));
#5872 = VECTOR('',#5873,1.);
#5873 = DIRECTION('',(0.,0.,1.));
#5874 = ORIENTED_EDGE('',*,*,#5052,.F.);
#5875 = ORIENTED_EDGE('',*,*,#5869,.F.);
#5876 = CYLINDRICAL_SURFACE('',#5877,0.875);
#5877 = AXIS2_PLACEMENT_3D('',#5878,#5879,#5880);
#5878 = CARTESIAN_POINT('',(88.552107,-104.762176,-4.6E-02));
#5879 = DIRECTION('',(-0.,-0.,-1.));
#5880 = DIRECTION('',(-0.,-1.,0.));
#5881 = ADVANCED_FACE('',(#5882),#5893,.F.);
#5882 = FACE_BOUND('',#5883,.T.);
#5883 = EDGE_LOOP('',(#5884,#5885,#5891,#5892));
#5884 = ORIENTED_EDGE('',*,*,#4558,.T.);
#5885 = ORIENTED_EDGE('',*,*,#5886,.T.);
#5886 = EDGE_CURVE('',#4559,#5064,#5887,.T.);
#5887 = LINE('',#5888,#5889);
#5888 = CARTESIAN_POINT('',(92.552107,-105.637176,-4.6E-02));
#5889 = VECTOR('',#5890,1.);
#5890 = DIRECTION('',(0.,0.,1.));
#5891 = ORIENTED_EDGE('',*,*,#5063,.F.);
#5892 = ORIENTED_EDGE('',*,*,#5886,.F.);
#5893 = CYLINDRICAL_SURFACE('',#5894,0.875);
#5894 = AXIS2_PLACEMENT_3D('',#5895,#5896,#5897);
#5895 = CARTESIAN_POINT('',(92.552107,-104.762176,-4.6E-02));
#5896 = DIRECTION('',(-0.,-0.,-1.));
#5897 = DIRECTION('',(-0.,-1.,0.));
#5898 = ADVANCED_FACE('',(#5899),#5910,.F.);
#5899 = FACE_BOUND('',#5900,.T.);
#5900 = EDGE_LOOP('',(#5901,#5902,#5908,#5909));
#5901 = ORIENTED_EDGE('',*,*,#4569,.T.);
#5902 = ORIENTED_EDGE('',*,*,#5903,.T.);
#5903 = EDGE_CURVE('',#4570,#5075,#5904,.T.);
#5904 = LINE('',#5905,#5906);
#5905 = CARTESIAN_POINT('',(90.552107,-102.837176,-4.6E-02));
#5906 = VECTOR('',#5907,1.);
#5907 = DIRECTION('',(0.,0.,1.));
#5908 = ORIENTED_EDGE('',*,*,#5074,.F.);
#5909 = ORIENTED_EDGE('',*,*,#5903,.F.);
#5910 = CYLINDRICAL_SURFACE('',#5911,0.875);
#5911 = AXIS2_PLACEMENT_3D('',#5912,#5913,#5914);
#5912 = CARTESIAN_POINT('',(90.552107,-101.962176,-4.6E-02));
#5913 = DIRECTION('',(-0.,-0.,-1.));
#5914 = DIRECTION('',(-0.,-1.,0.));
#5915 = ( GEOMETRIC_REPRESENTATION_CONTEXT(3) 
GLOBAL_UNCERTAINTY_ASSIGNED_CONTEXT((#5919)) 
GLOBAL_UNIT_ASSIGNED_CONTEXT((#5916,#5917,#5918)) REPRESENTATION_CONTEXT
('Context #1','3D Context with UNIT and UNCERTAINTY') );
#5916 = ( LENGTH_UNIT() NAMED_UNIT(*) SI_UNIT(.MILLI.,.METRE.) );
#5917 = ( NAMED_UNIT(*) PLANE_ANGLE_UNIT() SI_UNIT($,.RADIAN.) );
#5918 = ( NAMED_UNIT(*) SI_UNIT($,.STERADIAN.) SOLID_ANGLE_UNIT() );
#5919 = UNCERTAINTY_MEASURE_WITH_UNIT(LENGTH_MEASURE(1.E-07),#5916,
  'distance_accuracy_value','confusion accuracy');
#5920 = CONTEXT_DEPENDENT_SHAPE_REPRESENTATION(#5921,#5923);
#5921 = ( REPRESENTATION_RELATIONSHIP('','',#3970,#10) 
REPRESENTATION_RELATIONSHIP_WITH_TRANSFORMATION(#5922) 
SHAPE_REPRESENTATION_RELATIONSHIP() );
#5922 = ITEM_DEFINED_TRANSFORMATION('','',#11,#23);
#5923 = PRODUCT_DEFINITION_SHAPE('Placement','Placement of an item',
  #5924);
#5924 = NEXT_ASSEMBLY_USAGE_OCCURRENCE('3','=>[0:1:1:4]','',#5,#3965,$);
#5925 = PRODUCT_RELATED_PRODUCT_CATEGORY('part',$,(#3967));
#5926 = SHAPE_DEFINITION_REPRESENTATION(#5927,#5933);
#5927 = PRODUCT_DEFINITION_SHAPE('','',#5928);
#5928 = PRODUCT_DEFINITION('design','',#5929,#5932);
#5929 = PRODUCT_DEFINITION_FORMATION('','',#5930);
#5930 = PRODUCT('Vortac_Panel_PCB_4','Vortac_Panel_PCB_4','',(#5931));
#5931 = PRODUCT_CONTEXT('',#2,'mechanical');
#5932 = PRODUCT_DEFINITION_CONTEXT('part definition',#2,'design');
#5933 = ADVANCED_BREP_SHAPE_REPRESENTATION('',(#11,#5934),#7878);
#5934 = MANIFOLD_SOLID_BREP('',#5935);
#5935 = CLOSED_SHELL('',(#5936,#5978,#6009,#6040,#6545,#7050,#7067,#7084
    ,#7101,#7118,#7135,#7152,#7169,#7186,#7203,#7220,#7237,#7254,#7271,
    #7288,#7305,#7322,#7334,#7351,#7368,#7385,#7402,#7419,#7436,#7453,
    #7470,#7487,#7504,#7521,#7538,#7555,#7572,#7589,#7606,#7623,#7640,
    #7657,#7674,#7691,#7708,#7725,#7742,#7759,#7776,#7793,#7810,#7827,
    #7844,#7861));
#5936 = ADVANCED_FACE('',(#5937),#5973,.T.);
#5937 = FACE_BOUND('',#5938,.T.);
#5938 = EDGE_LOOP('',(#5939,#5949,#5958,#5966));
#5939 = ORIENTED_EDGE('',*,*,#5940,.T.);
#5940 = EDGE_CURVE('',#5941,#5943,#5945,.T.);
#5941 = VERTEX_POINT('',#5942);
#5942 = CARTESIAN_POINT('',(93.522127,-81.762178,0.));
#5943 = VERTEX_POINT('',#5944);
#5944 = CARTESIAN_POINT('',(93.522127,-81.762178,0.91));
#5945 = LINE('',#5946,#5947);
#5946 = CARTESIAN_POINT('',(93.522127,-81.762178,0.));
#5947 = VECTOR('',#5948,1.);
#5948 = DIRECTION('',(0.,0.,1.));
#5949 = ORIENTED_EDGE('',*,*,#5950,.T.);
#5950 = EDGE_CURVE('',#5943,#5951,#5953,.T.);
#5951 = VERTEX_POINT('',#5952);
#5952 = CARTESIAN_POINT('',(94.322127,-82.562178,0.91));
#5953 = CIRCLE('',#5954,0.799980966347);
#5954 = AXIS2_PLACEMENT_3D('',#5955,#5956,#5957);
#5955 = CARTESIAN_POINT('',(93.522146033879,-82.56215896612,0.91));
#5956 = DIRECTION('',(0.,0.,-1.));
#5957 = DIRECTION('',(-2.379291524012E-05,0.999999999717,0.));
#5958 = ORIENTED_EDGE('',*,*,#5959,.F.);
#5959 = EDGE_CURVE('',#5960,#5951,#5962,.T.);
#5960 = VERTEX_POINT('',#5961);
#5961 = CARTESIAN_POINT('',(94.322127,-82.562178,0.));
#5962 = LINE('',#5963,#5964);
#5963 = CARTESIAN_POINT('',(94.322127,-82.562178,0.));
#5964 = VECTOR('',#5965,1.);
#5965 = DIRECTION('',(0.,0.,1.));
#5966 = ORIENTED_EDGE('',*,*,#5967,.F.);
#5967 = EDGE_CURVE('',#5941,#5960,#5968,.T.);
#5968 = CIRCLE('',#5969,0.799980966347);
#5969 = AXIS2_PLACEMENT_3D('',#5970,#5971,#5972);
#5970 = CARTESIAN_POINT('',(93.522146033879,-82.56215896612,0.));
#5971 = DIRECTION('',(0.,0.,-1.));
#5972 = DIRECTION('',(-2.379291524012E-05,0.999999999717,0.));
#5973 = CYLINDRICAL_SURFACE('',#5974,0.799980966347);
#5974 = AXIS2_PLACEMENT_3D('',#5975,#5976,#5977);
#5975 = CARTESIAN_POINT('',(93.522146033879,-82.56215896612,0.));
#5976 = DIRECTION('',(0.,0.,-1.));
#5977 = DIRECTION('',(-2.379291524012E-05,0.999999999717,0.));
#5978 = ADVANCED_FACE('',(#5979),#6004,.T.);
#5979 = FACE_BOUND('',#5980,.T.);
#5980 = EDGE_LOOP('',(#5981,#5991,#5997,#5998));
#5981 = ORIENTED_EDGE('',*,*,#5982,.T.);
#5982 = EDGE_CURVE('',#5983,#5985,#5987,.T.);
#5983 = VERTEX_POINT('',#5984);
#5984 = CARTESIAN_POINT('',(77.600638,-81.762178,0.));
#5985 = VERTEX_POINT('',#5986);
#5986 = CARTESIAN_POINT('',(77.600638,-81.762178,0.91));
#5987 = LINE('',#5988,#5989);
#5988 = CARTESIAN_POINT('',(77.600638,-81.762178,0.));
#5989 = VECTOR('',#5990,1.);
#5990 = DIRECTION('',(0.,0.,1.));
#5991 = ORIENTED_EDGE('',*,*,#5992,.T.);
#5992 = EDGE_CURVE('',#5985,#5943,#5993,.T.);
#5993 = LINE('',#5994,#5995);
#5994 = CARTESIAN_POINT('',(77.600638,-81.762178,0.91));
#5995 = VECTOR('',#5996,1.);
#5996 = DIRECTION('',(1.,0.,0.));
#5997 = ORIENTED_EDGE('',*,*,#5940,.F.);
#5998 = ORIENTED_EDGE('',*,*,#5999,.F.);
#5999 = EDGE_CURVE('',#5983,#5941,#6000,.T.);
#6000 = LINE('',#6001,#6002);
#6001 = CARTESIAN_POINT('',(77.600638,-81.762178,0.));
#6002 = VECTOR('',#6003,1.);
#6003 = DIRECTION('',(1.,0.,0.));
#6004 = PLANE('',#6005);
#6005 = AXIS2_PLACEMENT_3D('',#6006,#6007,#6008);
#6006 = CARTESIAN_POINT('',(77.600638,-81.762178,0.));
#6007 = DIRECTION('',(0.,1.,0.));
#6008 = DIRECTION('',(1.,0.,0.));
#6009 = ADVANCED_FACE('',(#6010),#6035,.T.);
#6010 = FACE_BOUND('',#6011,.T.);
#6011 = EDGE_LOOP('',(#6012,#6013,#6021,#6029));
#6012 = ORIENTED_EDGE('',*,*,#5959,.T.);
#6013 = ORIENTED_EDGE('',*,*,#6014,.T.);
#6014 = EDGE_CURVE('',#5951,#6015,#6017,.T.);
#6015 = VERTEX_POINT('',#6016);
#6016 = CARTESIAN_POINT('',(94.322127,-86.762078,0.91));
#6017 = LINE('',#6018,#6019);
#6018 = CARTESIAN_POINT('',(94.322127,-82.562178,0.91));
#6019 = VECTOR('',#6020,1.);
#6020 = DIRECTION('',(0.,-1.,0.));
#6021 = ORIENTED_EDGE('',*,*,#6022,.F.);
#6022 = EDGE_CURVE('',#6023,#6015,#6025,.T.);
#6023 = VERTEX_POINT('',#6024);
#6024 = CARTESIAN_POINT('',(94.322127,-86.762078,0.));
#6025 = LINE('',#6026,#6027);
#6026 = CARTESIAN_POINT('',(94.322127,-86.762078,0.));
#6027 = VECTOR('',#6028,1.);
#6028 = DIRECTION('',(0.,0.,1.));
#6029 = ORIENTED_EDGE('',*,*,#6030,.F.);
#6030 = EDGE_CURVE('',#5960,#6023,#6031,.T.);
#6031 = LINE('',#6032,#6033);
#6032 = CARTESIAN_POINT('',(94.322127,-82.562178,0.));
#6033 = VECTOR('',#6034,1.);
#6034 = DIRECTION('',(0.,-1.,0.));
#6035 = PLANE('',#6036);
#6036 = AXIS2_PLACEMENT_3D('',#6037,#6038,#6039);
#6037 = CARTESIAN_POINT('',(94.322127,-82.562178,0.));
#6038 = DIRECTION('',(1.,0.,-0.));
#6039 = DIRECTION('',(0.,-1.,0.));
#6040 = ADVANCED_FACE('',(#6041,#6188,#6199,#6210,#6221,#6232,#6243,
    #6254,#6265,#6276,#6287,#6298,#6309,#6320,#6331,#6342,#6353,#6364,
    #6375,#6386,#6397,#6408,#6419,#6430,#6441,#6452,#6463,#6474,#6485,
    #6496,#6507,#6518,#6529),#6540,.F.);
#6041 = FACE_BOUND('',#6042,.F.);
#6042 = EDGE_LOOP('',(#6043,#6044,#6045,#6054,#6062,#6070,#6079,#6087,
    #6096,#6104,#6113,#6121,#6130,#6138,#6146,#6155,#6163,#6172,#6180,
    #6187));
#6043 = ORIENTED_EDGE('',*,*,#5967,.F.);
#6044 = ORIENTED_EDGE('',*,*,#5999,.F.);
#6045 = ORIENTED_EDGE('',*,*,#6046,.F.);
#6046 = EDGE_CURVE('',#6047,#5983,#6049,.T.);
#6047 = VERTEX_POINT('',#6048);
#6048 = CARTESIAN_POINT('',(76.441516,-87.110989,0.));
#6049 = CIRCLE('',#6050,2.800000763805);
#6050 = AXIS2_PLACEMENT_3D('',#6051,#6052,#6053);
#6051 = CARTESIAN_POINT('',(77.600640953217,-84.5621787638,0.));
#6052 = DIRECTION('',(0.,0.,-1.));
#6053 = DIRECTION('',(-0.413973084651,-0.910289121755,-0.));
#6054 = ORIENTED_EDGE('',*,*,#6055,.F.);
#6055 = EDGE_CURVE('',#6056,#6047,#6058,.T.);
#6056 = VERTEX_POINT('',#6057);
#6057 = CARTESIAN_POINT('',(77.811476,-87.728974,0.));
#6058 = LINE('',#6059,#6060);
#6059 = CARTESIAN_POINT('',(77.811476,-87.728974,0.));
#6060 = VECTOR('',#6061,1.);
#6061 = DIRECTION('',(-0.911546879631,0.41119616515,0.));
#6062 = ORIENTED_EDGE('',*,*,#6063,.F.);
#6063 = EDGE_CURVE('',#6064,#6056,#6066,.T.);
#6064 = VERTEX_POINT('',#6065);
#6065 = CARTESIAN_POINT('',(77.811469,-87.728989,0.));
#6066 = LINE('',#6067,#6068);
#6067 = CARTESIAN_POINT('',(77.811469,-87.728989,0.));
#6068 = VECTOR('',#6069,1.);
#6069 = DIRECTION('',(0.422885465049,0.906183140127,0.));
#6070 = ORIENTED_EDGE('',*,*,#6071,.F.);
#6071 = EDGE_CURVE('',#6072,#6064,#6074,.T.);
#6072 = VERTEX_POINT('',#6073);
#6073 = CARTESIAN_POINT('',(76.804038,-92.412278,0.));
#6074 = CIRCLE('',#6075,2.449999807773);
#6075 = AXIS2_PLACEMENT_3D('',#6076,#6077,#6078);
#6076 = CARTESIAN_POINT('',(76.804037393404,-89.96227819222,0.));
#6077 = DIRECTION('',(0.,-0.,1.));
#6078 = DIRECTION('',(2.475901205909E-07,-1.,-0.));
#6079 = ORIENTED_EDGE('',*,*,#6080,.F.);
#6080 = EDGE_CURVE('',#6081,#6072,#6083,.T.);
#6081 = VERTEX_POINT('',#6082);
#6082 = CARTESIAN_POINT('',(75.600638,-92.412278,0.));
#6083 = LINE('',#6084,#6085);
#6084 = CARTESIAN_POINT('',(75.600638,-92.412278,0.));
#6085 = VECTOR('',#6086,1.);
#6086 = DIRECTION('',(1.,0.,0.));
#6087 = ORIENTED_EDGE('',*,*,#6088,.F.);
#6088 = EDGE_CURVE('',#6089,#6081,#6091,.T.);
#6089 = VERTEX_POINT('',#6090);
#6090 = CARTESIAN_POINT('',(74.800669,-93.212278,0.));
#6091 = CIRCLE('',#6092,0.799950240316);
#6092 = AXIS2_PLACEMENT_3D('',#6093,#6094,#6095);
#6093 = CARTESIAN_POINT('',(75.600619238769,-93.21222824009,0.));
#6094 = DIRECTION('',(0.,0.,-1.));
#6095 = DIRECTION('',(-0.999999998065,-6.220374849999E-05,-0.));
#6096 = ORIENTED_EDGE('',*,*,#6097,.F.);
#6097 = EDGE_CURVE('',#6098,#6089,#6100,.T.);
#6098 = VERTEX_POINT('',#6099);
#6099 = CARTESIAN_POINT('',(74.800669,-96.362078,0.));
#6100 = LINE('',#6101,#6102);
#6101 = CARTESIAN_POINT('',(74.800669,-96.362078,0.));
#6102 = VECTOR('',#6103,1.);
#6103 = DIRECTION('',(0.,1.,0.));
#6104 = ORIENTED_EDGE('',*,*,#6105,.F.);
#6105 = EDGE_CURVE('',#6106,#6098,#6108,.T.);
#6106 = VERTEX_POINT('',#6107);
#6107 = CARTESIAN_POINT('',(75.611245,-97.162178,0.));
#6108 = CIRCLE('',#6109,0.800138271485);
#6109 = AXIS2_PLACEMENT_3D('',#6110,#6111,#6112);
#6110 = CARTESIAN_POINT('',(75.60080727093,-96.36210781101,0.));
#6111 = DIRECTION('',(0.,0.,-1.));
#6112 = DIRECTION('',(1.304490666439E-02,-0.999914911585,0.));
#6113 = ORIENTED_EDGE('',*,*,#6114,.F.);
#6114 = EDGE_CURVE('',#6115,#6106,#6117,.T.);
#6115 = VERTEX_POINT('',#6116);
#6116 = CARTESIAN_POINT('',(93.522138,-97.162178,0.));
#6117 = LINE('',#6118,#6119);
#6118 = CARTESIAN_POINT('',(93.522138,-97.162178,0.));
#6119 = VECTOR('',#6120,1.);
#6120 = DIRECTION('',(-1.,0.,0.));
#6121 = ORIENTED_EDGE('',*,*,#6122,.F.);
#6122 = EDGE_CURVE('',#6123,#6115,#6125,.T.);
#6123 = VERTEX_POINT('',#6124);
#6124 = CARTESIAN_POINT('',(94.322127,-96.366177,0.));
#6125 = CIRCLE('',#6126,0.800000538909);
#6126 = AXIS2_PLACEMENT_3D('',#6127,#6128,#6129);
#6127 = CARTESIAN_POINT('',(93.522136458841,-96.36217746109,0.));
#6128 = DIRECTION('',(0.,0.,-1.));
#6129 = DIRECTION('',(0.99998750282,-4.999420267177E-03,0.));
#6130 = ORIENTED_EDGE('',*,*,#6131,.F.);
#6131 = EDGE_CURVE('',#6132,#6123,#6134,.T.);
#6132 = VERTEX_POINT('',#6133);
#6133 = CARTESIAN_POINT('',(94.322127,-95.762178,0.));
#6134 = LINE('',#6135,#6136);
#6135 = CARTESIAN_POINT('',(94.322127,-95.762178,0.));
#6136 = VECTOR('',#6137,1.);
#6137 = DIRECTION('',(0.,-1.,0.));
#6138 = ORIENTED_EDGE('',*,*,#6139,.F.);
#6139 = EDGE_CURVE('',#6140,#6132,#6142,.T.);
#6140 = VERTEX_POINT('',#6141);
#6141 = CARTESIAN_POINT('',(94.322138,-95.762178,0.));
#6142 = LINE('',#6143,#6144);
#6143 = CARTESIAN_POINT('',(94.322138,-95.762178,0.));
#6144 = VECTOR('',#6145,1.);
#6145 = DIRECTION('',(-1.,0.,0.));
#6146 = ORIENTED_EDGE('',*,*,#6147,.F.);
#6147 = EDGE_CURVE('',#6148,#6140,#6150,.T.);
#6148 = VERTEX_POINT('',#6149);
#6149 = CARTESIAN_POINT('',(95.122138,-94.962178,0.));
#6150 = CIRCLE('',#6151,0.800001450872);
#6151 = AXIS2_PLACEMENT_3D('',#6152,#6153,#6154);
#6152 = CARTESIAN_POINT('',(95.122139450871,-95.76217945087,0.));
#6153 = DIRECTION('',(0.,0.,1.));
#6154 = DIRECTION('',(-1.813585030422E-06,0.999999999998,0.));
#6155 = ORIENTED_EDGE('',*,*,#6156,.F.);
#6156 = EDGE_CURVE('',#6157,#6148,#6159,.T.);
#6157 = VERTEX_POINT('',#6158);
#6158 = CARTESIAN_POINT('',(95.975538,-94.962178,0.));
#6159 = LINE('',#6160,#6161);
#6160 = CARTESIAN_POINT('',(95.975538,-94.962178,0.));
#6161 = VECTOR('',#6162,1.);
#6162 = DIRECTION('',(-1.,0.,0.));
#6163 = ORIENTED_EDGE('',*,*,#6164,.F.);
#6164 = EDGE_CURVE('',#6165,#6157,#6167,.T.);
#6165 = VERTEX_POINT('',#6166);
#6166 = CARTESIAN_POINT('',(97.126889,-89.609849,0.));
#6167 = CIRCLE('',#6168,2.799999526962);
#6168 = AXIS2_PLACEMENT_3D('',#6169,#6170,#6171);
#6169 = CARTESIAN_POINT('',(95.975536920029,-92.16217847303,0.));
#6170 = DIRECTION('',(0.,0.,-1.));
#6171 = DIRECTION('',(0.411197240887,0.911546394369,0.));
#6172 = ORIENTED_EDGE('',*,*,#6173,.F.);
#6173 = EDGE_CURVE('',#6174,#6165,#6176,.T.);
#6174 = VERTEX_POINT('',#6175);
#6175 = CARTESIAN_POINT('',(95.758998,-88.992796,0.));
#6176 = LINE('',#6177,#6178);
#6177 = CARTESIAN_POINT('',(95.758998,-88.992796,0.));
#6178 = VECTOR('',#6179,1.);
#6179 = DIRECTION('',(0.911546549942,-0.411196896011,0.));
#6180 = ORIENTED_EDGE('',*,*,#6181,.F.);
#6181 = EDGE_CURVE('',#6023,#6174,#6182,.T.);
#6182 = CIRCLE('',#6183,2.450009829005);
#6183 = AXIS2_PLACEMENT_3D('',#6184,#6185,#6186);
#6184 = CARTESIAN_POINT('',(96.772136829005,-86.76207910281,0.));
#6185 = DIRECTION('',(0.,0.,1.));
#6186 = DIRECTION('',(-1.,4.50127017267E-07,0.));
#6187 = ORIENTED_EDGE('',*,*,#6030,.F.);
#6188 = FACE_BOUND('',#6189,.F.);
#6189 = EDGE_LOOP('',(#6190));
#6190 = ORIENTED_EDGE('',*,*,#6191,.T.);
#6191 = EDGE_CURVE('',#6192,#6192,#6194,.T.);
#6192 = VERTEX_POINT('',#6193);
#6193 = CARTESIAN_POINT('',(76.942138,-95.692178,0.));
#6194 = CIRCLE('',#6195,0.9);
#6195 = AXIS2_PLACEMENT_3D('',#6196,#6197,#6198);
#6196 = CARTESIAN_POINT('',(76.942138,-94.792178,0.));
#6197 = DIRECTION('',(-0.,0.,-1.));
#6198 = DIRECTION('',(-0.,-1.,0.));
#6199 = FACE_BOUND('',#6200,.F.);
#6200 = EDGE_LOOP('',(#6201));
#6201 = ORIENTED_EDGE('',*,*,#6202,.T.);
#6202 = EDGE_CURVE('',#6203,#6203,#6205,.T.);
#6203 = VERTEX_POINT('',#6204);
#6204 = CARTESIAN_POINT('',(80.742138,-95.692178,0.));
#6205 = CIRCLE('',#6206,0.9);
#6206 = AXIS2_PLACEMENT_3D('',#6207,#6208,#6209);
#6207 = CARTESIAN_POINT('',(80.742138,-94.792178,0.));
#6208 = DIRECTION('',(-0.,0.,-1.));
#6209 = DIRECTION('',(-1.578983857245E-14,-1.,0.));
#6210 = FACE_BOUND('',#6211,.F.);
#6211 = EDGE_LOOP('',(#6212));
#6212 = ORIENTED_EDGE('',*,*,#6213,.T.);
#6213 = EDGE_CURVE('',#6214,#6214,#6216,.T.);
#6214 = VERTEX_POINT('',#6215);
#6215 = CARTESIAN_POINT('',(83.772138,-96.022178,0.));
#6216 = CIRCLE('',#6217,0.5);
#6217 = AXIS2_PLACEMENT_3D('',#6218,#6219,#6220);
#6218 = CARTESIAN_POINT('',(83.772138,-95.522178,0.));
#6219 = DIRECTION('',(-0.,0.,-1.));
#6220 = DIRECTION('',(-0.,-1.,0.));
#6221 = FACE_BOUND('',#6222,.F.);
#6222 = EDGE_LOOP('',(#6223));
#6223 = ORIENTED_EDGE('',*,*,#6224,.T.);
#6224 = EDGE_CURVE('',#6225,#6225,#6227,.T.);
#6225 = VERTEX_POINT('',#6226);
#6226 = CARTESIAN_POINT('',(85.972138,-96.022178,0.));
#6227 = CIRCLE('',#6228,0.5);
#6228 = AXIS2_PLACEMENT_3D('',#6229,#6230,#6231);
#6229 = CARTESIAN_POINT('',(85.972138,-95.522178,0.));
#6230 = DIRECTION('',(-0.,0.,-1.));
#6231 = DIRECTION('',(-0.,-1.,0.));
#6232 = FACE_BOUND('',#6233,.F.);
#6233 = EDGE_LOOP('',(#6234));
#6234 = ORIENTED_EDGE('',*,*,#6235,.T.);
#6235 = EDGE_CURVE('',#6236,#6236,#6238,.T.);
#6236 = VERTEX_POINT('',#6237);
#6237 = CARTESIAN_POINT('',(88.172138,-96.022178,0.));
#6238 = CIRCLE('',#6239,0.5);
#6239 = AXIS2_PLACEMENT_3D('',#6240,#6241,#6242);
#6240 = CARTESIAN_POINT('',(88.172138,-95.522178,0.));
#6241 = DIRECTION('',(-0.,0.,-1.));
#6242 = DIRECTION('',(-0.,-1.,0.));
#6243 = FACE_BOUND('',#6244,.F.);
#6244 = EDGE_LOOP('',(#6245));
#6245 = ORIENTED_EDGE('',*,*,#6246,.T.);
#6246 = EDGE_CURVE('',#6247,#6247,#6249,.T.);
#6247 = VERTEX_POINT('',#6248);
#6248 = CARTESIAN_POINT('',(90.372138,-96.022178,0.));
#6249 = CIRCLE('',#6250,0.5);
#6250 = AXIS2_PLACEMENT_3D('',#6251,#6252,#6253);
#6251 = CARTESIAN_POINT('',(90.372138,-95.522178,0.));
#6252 = DIRECTION('',(-0.,0.,-1.));
#6253 = DIRECTION('',(-0.,-1.,0.));
#6254 = FACE_BOUND('',#6255,.F.);
#6255 = EDGE_LOOP('',(#6256));
#6256 = ORIENTED_EDGE('',*,*,#6257,.T.);
#6257 = EDGE_CURVE('',#6258,#6258,#6260,.T.);
#6258 = VERTEX_POINT('',#6259);
#6259 = CARTESIAN_POINT('',(92.572138,-96.022178,0.));
#6260 = CIRCLE('',#6261,0.5);
#6261 = AXIS2_PLACEMENT_3D('',#6262,#6263,#6264);
#6262 = CARTESIAN_POINT('',(92.572138,-95.522178,0.));
#6263 = DIRECTION('',(-0.,0.,-1.));
#6264 = DIRECTION('',(-0.,-1.,0.));
#6265 = FACE_BOUND('',#6266,.F.);
#6266 = EDGE_LOOP('',(#6267));
#6267 = ORIENTED_EDGE('',*,*,#6268,.T.);
#6268 = EDGE_CURVE('',#6269,#6269,#6271,.T.);
#6269 = VERTEX_POINT('',#6270);
#6270 = CARTESIAN_POINT('',(94.785412,-93.528904,0.));
#6271 = CIRCLE('',#6272,0.2);
#6272 = AXIS2_PLACEMENT_3D('',#6273,#6274,#6275);
#6273 = CARTESIAN_POINT('',(94.785412,-93.328904,0.));
#6274 = DIRECTION('',(-0.,0.,-1.));
#6275 = DIRECTION('',(-7.105427357601E-14,-1.,0.));
#6276 = FACE_BOUND('',#6277,.F.);
#6277 = EDGE_LOOP('',(#6278));
#6278 = ORIENTED_EDGE('',*,*,#6279,.T.);
#6279 = EDGE_CURVE('',#6280,#6280,#6282,.T.);
#6280 = VERTEX_POINT('',#6281);
#6281 = CARTESIAN_POINT('',(95.952138,-94.012178,0.));
#6282 = CIRCLE('',#6283,0.2);
#6283 = AXIS2_PLACEMENT_3D('',#6284,#6285,#6286);
#6284 = CARTESIAN_POINT('',(95.952138,-93.812178,0.));
#6285 = DIRECTION('',(-0.,0.,-1.));
#6286 = DIRECTION('',(7.105427357601E-14,-1.,-0.));
#6287 = FACE_BOUND('',#6288,.F.);
#6288 = EDGE_LOOP('',(#6289));
#6289 = ORIENTED_EDGE('',*,*,#6290,.T.);
#6290 = EDGE_CURVE('',#6291,#6291,#6293,.T.);
#6291 = VERTEX_POINT('',#6292);
#6292 = CARTESIAN_POINT('',(97.118864,-93.528904,0.));
#6293 = CIRCLE('',#6294,0.2);
#6294 = AXIS2_PLACEMENT_3D('',#6295,#6296,#6297);
#6295 = CARTESIAN_POINT('',(97.118864,-93.328904,0.));
#6296 = DIRECTION('',(-0.,0.,-1.));
#6297 = DIRECTION('',(-0.,-1.,0.));
#6298 = FACE_BOUND('',#6299,.F.);
#6299 = EDGE_LOOP('',(#6300));
#6300 = ORIENTED_EDGE('',*,*,#6301,.T.);
#6301 = EDGE_CURVE('',#6302,#6302,#6304,.T.);
#6302 = VERTEX_POINT('',#6303);
#6303 = CARTESIAN_POINT('',(94.302138,-92.362178,0.));
#6304 = CIRCLE('',#6305,0.2);
#6305 = AXIS2_PLACEMENT_3D('',#6306,#6307,#6308);
#6306 = CARTESIAN_POINT('',(94.302138,-92.162178,0.));
#6307 = DIRECTION('',(-0.,0.,-1.));
#6308 = DIRECTION('',(-0.,-1.,0.));
#6309 = FACE_BOUND('',#6310,.F.);
#6310 = EDGE_LOOP('',(#6311));
#6311 = ORIENTED_EDGE('',*,*,#6312,.T.);
#6312 = EDGE_CURVE('',#6313,#6313,#6315,.T.);
#6313 = VERTEX_POINT('',#6314);
#6314 = CARTESIAN_POINT('',(95.952138,-93.262178,0.));
#6315 = CIRCLE('',#6316,1.1);
#6316 = AXIS2_PLACEMENT_3D('',#6317,#6318,#6319);
#6317 = CARTESIAN_POINT('',(95.952138,-92.162178,0.));
#6318 = DIRECTION('',(-0.,0.,-1.));
#6319 = DIRECTION('',(1.2918958832E-14,-1.,-0.));
#6320 = FACE_BOUND('',#6321,.F.);
#6321 = EDGE_LOOP('',(#6322));
#6322 = ORIENTED_EDGE('',*,*,#6323,.T.);
#6323 = EDGE_CURVE('',#6324,#6324,#6326,.T.);
#6324 = VERTEX_POINT('',#6325);
#6325 = CARTESIAN_POINT('',(97.602138,-92.362178,0.));
#6326 = CIRCLE('',#6327,0.2);
#6327 = AXIS2_PLACEMENT_3D('',#6328,#6329,#6330);
#6328 = CARTESIAN_POINT('',(97.602138,-92.162178,0.));
#6329 = DIRECTION('',(-0.,0.,-1.));
#6330 = DIRECTION('',(-0.,-1.,0.));
#6331 = FACE_BOUND('',#6332,.F.);
#6332 = EDGE_LOOP('',(#6333));
#6333 = ORIENTED_EDGE('',*,*,#6334,.T.);
#6334 = EDGE_CURVE('',#6335,#6335,#6337,.T.);
#6335 = VERTEX_POINT('',#6336);
#6336 = CARTESIAN_POINT('',(94.785412,-91.195452,0.));
#6337 = CIRCLE('',#6338,0.2);
#6338 = AXIS2_PLACEMENT_3D('',#6339,#6340,#6341);
#6339 = CARTESIAN_POINT('',(94.785412,-90.995452,0.));
#6340 = DIRECTION('',(-0.,0.,-1.));
#6341 = DIRECTION('',(-7.105427357601E-14,-1.,0.));
#6342 = FACE_BOUND('',#6343,.F.);
#6343 = EDGE_LOOP('',(#6344));
#6344 = ORIENTED_EDGE('',*,*,#6345,.T.);
#6345 = EDGE_CURVE('',#6346,#6346,#6348,.T.);
#6346 = VERTEX_POINT('',#6347);
#6347 = CARTESIAN_POINT('',(95.952138,-90.712178,0.));
#6348 = CIRCLE('',#6349,0.2);
#6349 = AXIS2_PLACEMENT_3D('',#6350,#6351,#6352);
#6350 = CARTESIAN_POINT('',(95.952138,-90.512178,0.));
#6351 = DIRECTION('',(-0.,0.,-1.));
#6352 = DIRECTION('',(7.105427357601E-14,-1.,-0.));
#6353 = FACE_BOUND('',#6354,.F.);
#6354 = EDGE_LOOP('',(#6355));
#6355 = ORIENTED_EDGE('',*,*,#6356,.T.);
#6356 = EDGE_CURVE('',#6357,#6357,#6359,.T.);
#6357 = VERTEX_POINT('',#6358);
#6358 = CARTESIAN_POINT('',(97.118864,-91.195452,0.));
#6359 = CIRCLE('',#6360,0.2);
#6360 = AXIS2_PLACEMENT_3D('',#6361,#6362,#6363);
#6361 = CARTESIAN_POINT('',(97.118864,-90.995452,0.));
#6362 = DIRECTION('',(-0.,0.,-1.));
#6363 = DIRECTION('',(-0.,-1.,0.));
#6364 = FACE_BOUND('',#6365,.F.);
#6365 = EDGE_LOOP('',(#6366));
#6366 = ORIENTED_EDGE('',*,*,#6367,.T.);
#6367 = EDGE_CURVE('',#6368,#6368,#6370,.T.);
#6368 = VERTEX_POINT('',#6369);
#6369 = CARTESIAN_POINT('',(77.592138,-86.432178,0.));
#6370 = CIRCLE('',#6371,0.2);
#6371 = AXIS2_PLACEMENT_3D('',#6372,#6373,#6374);
#6372 = CARTESIAN_POINT('',(77.592138,-86.232178,0.));
#6373 = DIRECTION('',(-0.,0.,-1.));
#6374 = DIRECTION('',(-0.,-1.,0.));
#6375 = FACE_BOUND('',#6376,.F.);
#6376 = EDGE_LOOP('',(#6377));
#6377 = ORIENTED_EDGE('',*,*,#6378,.T.);
#6378 = EDGE_CURVE('',#6379,#6379,#6381,.T.);
#6379 = VERTEX_POINT('',#6380);
#6380 = CARTESIAN_POINT('',(80.522138,-88.237178,0.));
#6381 = CIRCLE('',#6382,0.875);
#6382 = AXIS2_PLACEMENT_3D('',#6383,#6384,#6385);
#6383 = CARTESIAN_POINT('',(80.522138,-87.362178,0.));
#6384 = DIRECTION('',(-0.,0.,-1.));
#6385 = DIRECTION('',(-0.,-1.,0.));
#6386 = FACE_BOUND('',#6387,.F.);
#6387 = EDGE_LOOP('',(#6388));
#6388 = ORIENTED_EDGE('',*,*,#6389,.T.);
#6389 = EDGE_CURVE('',#6390,#6390,#6392,.T.);
#6390 = VERTEX_POINT('',#6391);
#6391 = CARTESIAN_POINT('',(84.522138,-88.237178,0.));
#6392 = CIRCLE('',#6393,0.875);
#6393 = AXIS2_PLACEMENT_3D('',#6394,#6395,#6396);
#6394 = CARTESIAN_POINT('',(84.522138,-87.362178,0.));
#6395 = DIRECTION('',(-0.,0.,-1.));
#6396 = DIRECTION('',(-0.,-1.,0.));
#6397 = FACE_BOUND('',#6398,.F.);
#6398 = EDGE_LOOP('',(#6399));
#6399 = ORIENTED_EDGE('',*,*,#6400,.T.);
#6400 = EDGE_CURVE('',#6401,#6401,#6403,.T.);
#6401 = VERTEX_POINT('',#6402);
#6402 = CARTESIAN_POINT('',(76.425412,-85.948904,0.));
#6403 = CIRCLE('',#6404,0.2);
#6404 = AXIS2_PLACEMENT_3D('',#6405,#6406,#6407);
#6405 = CARTESIAN_POINT('',(76.425412,-85.748904,0.));
#6406 = DIRECTION('',(-0.,0.,-1.));
#6407 = DIRECTION('',(-0.,-1.,0.));
#6408 = FACE_BOUND('',#6409,.F.);
#6409 = EDGE_LOOP('',(#6410));
#6410 = ORIENTED_EDGE('',*,*,#6411,.T.);
#6411 = EDGE_CURVE('',#6412,#6412,#6414,.T.);
#6412 = VERTEX_POINT('',#6413);
#6413 = CARTESIAN_POINT('',(75.942138,-84.782178,0.));
#6414 = CIRCLE('',#6415,0.2);
#6415 = AXIS2_PLACEMENT_3D('',#6416,#6417,#6418);
#6416 = CARTESIAN_POINT('',(75.942138,-84.582178,0.));
#6417 = DIRECTION('',(-0.,0.,-1.));
#6418 = DIRECTION('',(-0.,-1.,0.));
#6419 = FACE_BOUND('',#6420,.F.);
#6420 = EDGE_LOOP('',(#6421));
#6421 = ORIENTED_EDGE('',*,*,#6422,.T.);
#6422 = EDGE_CURVE('',#6423,#6423,#6425,.T.);
#6423 = VERTEX_POINT('',#6424);
#6424 = CARTESIAN_POINT('',(77.592138,-85.682178,0.));
#6425 = CIRCLE('',#6426,1.1);
#6426 = AXIS2_PLACEMENT_3D('',#6427,#6428,#6429);
#6427 = CARTESIAN_POINT('',(77.592138,-84.582178,0.));
#6428 = DIRECTION('',(-0.,0.,-1.));
#6429 = DIRECTION('',(-0.,-1.,0.));
#6430 = FACE_BOUND('',#6431,.F.);
#6431 = EDGE_LOOP('',(#6432));
#6432 = ORIENTED_EDGE('',*,*,#6433,.T.);
#6433 = EDGE_CURVE('',#6434,#6434,#6436,.T.);
#6434 = VERTEX_POINT('',#6435);
#6435 = CARTESIAN_POINT('',(78.758864,-85.948904,0.));
#6436 = CIRCLE('',#6437,0.2);
#6437 = AXIS2_PLACEMENT_3D('',#6438,#6439,#6440);
#6438 = CARTESIAN_POINT('',(78.758864,-85.748904,0.));
#6439 = DIRECTION('',(-0.,0.,-1.));
#6440 = DIRECTION('',(-0.,-1.,0.));
#6441 = FACE_BOUND('',#6442,.F.);
#6442 = EDGE_LOOP('',(#6443));
#6443 = ORIENTED_EDGE('',*,*,#6444,.T.);
#6444 = EDGE_CURVE('',#6445,#6445,#6447,.T.);
#6445 = VERTEX_POINT('',#6446);
#6446 = CARTESIAN_POINT('',(79.242138,-84.782178,0.));
#6447 = CIRCLE('',#6448,0.2);
#6448 = AXIS2_PLACEMENT_3D('',#6449,#6450,#6451);
#6449 = CARTESIAN_POINT('',(79.242138,-84.582178,0.));
#6450 = DIRECTION('',(-0.,0.,-1.));
#6451 = DIRECTION('',(-0.,-1.,0.));
#6452 = FACE_BOUND('',#6453,.F.);
#6453 = EDGE_LOOP('',(#6454));
#6454 = ORIENTED_EDGE('',*,*,#6455,.T.);
#6455 = EDGE_CURVE('',#6456,#6456,#6458,.T.);
#6456 = VERTEX_POINT('',#6457);
#6457 = CARTESIAN_POINT('',(76.425412,-83.615452,0.));
#6458 = CIRCLE('',#6459,0.2);
#6459 = AXIS2_PLACEMENT_3D('',#6460,#6461,#6462);
#6460 = CARTESIAN_POINT('',(76.425412,-83.415452,0.));
#6461 = DIRECTION('',(-0.,0.,-1.));
#6462 = DIRECTION('',(-0.,-1.,0.));
#6463 = FACE_BOUND('',#6464,.F.);
#6464 = EDGE_LOOP('',(#6465));
#6465 = ORIENTED_EDGE('',*,*,#6466,.T.);
#6466 = EDGE_CURVE('',#6467,#6467,#6469,.T.);
#6467 = VERTEX_POINT('',#6468);
#6468 = CARTESIAN_POINT('',(77.592138,-83.132178,0.));
#6469 = CIRCLE('',#6470,0.2);
#6470 = AXIS2_PLACEMENT_3D('',#6471,#6472,#6473);
#6471 = CARTESIAN_POINT('',(77.592138,-82.932178,0.));
#6472 = DIRECTION('',(-0.,0.,-1.));
#6473 = DIRECTION('',(-0.,-1.,0.));
#6474 = FACE_BOUND('',#6475,.F.);
#6475 = EDGE_LOOP('',(#6476));
#6476 = ORIENTED_EDGE('',*,*,#6477,.T.);
#6477 = EDGE_CURVE('',#6478,#6478,#6480,.T.);
#6478 = VERTEX_POINT('',#6479);
#6479 = CARTESIAN_POINT('',(78.758864,-83.615452,0.));
#6480 = CIRCLE('',#6481,0.2);
#6481 = AXIS2_PLACEMENT_3D('',#6482,#6483,#6484);
#6482 = CARTESIAN_POINT('',(78.758864,-83.415452,0.));
#6483 = DIRECTION('',(-0.,0.,-1.));
#6484 = DIRECTION('',(-0.,-1.,0.));
#6485 = FACE_BOUND('',#6486,.F.);
#6486 = EDGE_LOOP('',(#6487));
#6487 = ORIENTED_EDGE('',*,*,#6488,.T.);
#6488 = EDGE_CURVE('',#6489,#6489,#6491,.T.);
#6489 = VERTEX_POINT('',#6490);
#6490 = CARTESIAN_POINT('',(82.522138,-85.437178,0.));
#6491 = CIRCLE('',#6492,0.875);
#6492 = AXIS2_PLACEMENT_3D('',#6493,#6494,#6495);
#6493 = CARTESIAN_POINT('',(82.522138,-84.562178,0.));
#6494 = DIRECTION('',(-0.,0.,-1.));
#6495 = DIRECTION('',(-0.,-1.,0.));
#6496 = FACE_BOUND('',#6497,.F.);
#6497 = EDGE_LOOP('',(#6498));
#6498 = ORIENTED_EDGE('',*,*,#6499,.T.);
#6499 = EDGE_CURVE('',#6500,#6500,#6502,.T.);
#6500 = VERTEX_POINT('',#6501);
#6501 = CARTESIAN_POINT('',(86.522138,-85.437178,0.));
#6502 = CIRCLE('',#6503,0.875);
#6503 = AXIS2_PLACEMENT_3D('',#6504,#6505,#6506);
#6504 = CARTESIAN_POINT('',(86.522138,-84.562178,0.));
#6505 = DIRECTION('',(-0.,0.,-1.));
#6506 = DIRECTION('',(-0.,-1.,0.));
#6507 = FACE_BOUND('',#6508,.F.);
#6508 = EDGE_LOOP('',(#6509));
#6509 = ORIENTED_EDGE('',*,*,#6510,.T.);
#6510 = EDGE_CURVE('',#6511,#6511,#6513,.T.);
#6511 = VERTEX_POINT('',#6512);
#6512 = CARTESIAN_POINT('',(88.522138,-88.237178,0.));
#6513 = CIRCLE('',#6514,0.875);
#6514 = AXIS2_PLACEMENT_3D('',#6515,#6516,#6517);
#6515 = CARTESIAN_POINT('',(88.522138,-87.362178,0.));
#6516 = DIRECTION('',(-0.,0.,-1.));
#6517 = DIRECTION('',(-0.,-1.,0.));
#6518 = FACE_BOUND('',#6519,.F.);
#6519 = EDGE_LOOP('',(#6520));
#6520 = ORIENTED_EDGE('',*,*,#6521,.T.);
#6521 = EDGE_CURVE('',#6522,#6522,#6524,.T.);
#6522 = VERTEX_POINT('',#6523);
#6523 = CARTESIAN_POINT('',(92.522138,-88.237178,0.));
#6524 = CIRCLE('',#6525,0.875);
#6525 = AXIS2_PLACEMENT_3D('',#6526,#6527,#6528);
#6526 = CARTESIAN_POINT('',(92.522138,-87.362178,0.));
#6527 = DIRECTION('',(-0.,0.,-1.));
#6528 = DIRECTION('',(-0.,-1.,0.));
#6529 = FACE_BOUND('',#6530,.F.);
#6530 = EDGE_LOOP('',(#6531));
#6531 = ORIENTED_EDGE('',*,*,#6532,.T.);
#6532 = EDGE_CURVE('',#6533,#6533,#6535,.T.);
#6533 = VERTEX_POINT('',#6534);
#6534 = CARTESIAN_POINT('',(90.522138,-85.437178,0.));
#6535 = CIRCLE('',#6536,0.875);
#6536 = AXIS2_PLACEMENT_3D('',#6537,#6538,#6539);
#6537 = CARTESIAN_POINT('',(90.522138,-84.562178,0.));
#6538 = DIRECTION('',(-0.,0.,-1.));
#6539 = DIRECTION('',(-0.,-1.,0.));
#6540 = PLANE('',#6541);
#6541 = AXIS2_PLACEMENT_3D('',#6542,#6543,#6544);
#6542 = CARTESIAN_POINT('',(0.,0.,0.));
#6543 = DIRECTION('',(0.,0.,1.));
#6544 = DIRECTION('',(1.,0.,-0.));
#6545 = ADVANCED_FACE('',(#6546,#6693,#6704,#6715,#6726,#6737,#6748,
    #6759,#6770,#6781,#6792,#6803,#6814,#6825,#6836,#6847,#6858,#6869,
    #6880,#6891,#6902,#6913,#6924,#6935,#6946,#6957,#6968,#6979,#6990,
    #7001,#7012,#7023,#7034),#7045,.T.);
#6546 = FACE_BOUND('',#6547,.T.);
#6547 = EDGE_LOOP('',(#6548,#6549,#6550,#6559,#6567,#6575,#6584,#6592,
    #6601,#6609,#6618,#6626,#6635,#6643,#6651,#6660,#6668,#6677,#6685,
    #6692));
#6548 = ORIENTED_EDGE('',*,*,#5950,.F.);
#6549 = ORIENTED_EDGE('',*,*,#5992,.F.);
#6550 = ORIENTED_EDGE('',*,*,#6551,.F.);
#6551 = EDGE_CURVE('',#6552,#5985,#6554,.T.);
#6552 = VERTEX_POINT('',#6553);
#6553 = CARTESIAN_POINT('',(76.441516,-87.110989,0.91));
#6554 = CIRCLE('',#6555,2.800000763805);
#6555 = AXIS2_PLACEMENT_3D('',#6556,#6557,#6558);
#6556 = CARTESIAN_POINT('',(77.600640953217,-84.5621787638,0.91));
#6557 = DIRECTION('',(0.,0.,-1.));
#6558 = DIRECTION('',(-0.413973084651,-0.910289121755,-0.));
#6559 = ORIENTED_EDGE('',*,*,#6560,.F.);
#6560 = EDGE_CURVE('',#6561,#6552,#6563,.T.);
#6561 = VERTEX_POINT('',#6562);
#6562 = CARTESIAN_POINT('',(77.811476,-87.728974,0.91));
#6563 = LINE('',#6564,#6565);
#6564 = CARTESIAN_POINT('',(77.811476,-87.728974,0.91));
#6565 = VECTOR('',#6566,1.);
#6566 = DIRECTION('',(-0.911546879631,0.41119616515,0.));
#6567 = ORIENTED_EDGE('',*,*,#6568,.F.);
#6568 = EDGE_CURVE('',#6569,#6561,#6571,.T.);
#6569 = VERTEX_POINT('',#6570);
#6570 = CARTESIAN_POINT('',(77.811469,-87.728989,0.91));
#6571 = LINE('',#6572,#6573);
#6572 = CARTESIAN_POINT('',(77.811469,-87.728989,0.91));
#6573 = VECTOR('',#6574,1.);
#6574 = DIRECTION('',(0.422885465049,0.906183140127,0.));
#6575 = ORIENTED_EDGE('',*,*,#6576,.F.);
#6576 = EDGE_CURVE('',#6577,#6569,#6579,.T.);
#6577 = VERTEX_POINT('',#6578);
#6578 = CARTESIAN_POINT('',(76.804038,-92.412278,0.91));
#6579 = CIRCLE('',#6580,2.449999807773);
#6580 = AXIS2_PLACEMENT_3D('',#6581,#6582,#6583);
#6581 = CARTESIAN_POINT('',(76.804037393404,-89.96227819222,0.91));
#6582 = DIRECTION('',(0.,-0.,1.));
#6583 = DIRECTION('',(2.475901205909E-07,-1.,-0.));
#6584 = ORIENTED_EDGE('',*,*,#6585,.F.);
#6585 = EDGE_CURVE('',#6586,#6577,#6588,.T.);
#6586 = VERTEX_POINT('',#6587);
#6587 = CARTESIAN_POINT('',(75.600638,-92.412278,0.91));
#6588 = LINE('',#6589,#6590);
#6589 = CARTESIAN_POINT('',(75.600638,-92.412278,0.91));
#6590 = VECTOR('',#6591,1.);
#6591 = DIRECTION('',(1.,0.,0.));
#6592 = ORIENTED_EDGE('',*,*,#6593,.F.);
#6593 = EDGE_CURVE('',#6594,#6586,#6596,.T.);
#6594 = VERTEX_POINT('',#6595);
#6595 = CARTESIAN_POINT('',(74.800669,-93.212278,0.91));
#6596 = CIRCLE('',#6597,0.799950240316);
#6597 = AXIS2_PLACEMENT_3D('',#6598,#6599,#6600);
#6598 = CARTESIAN_POINT('',(75.600619238769,-93.21222824009,0.91));
#6599 = DIRECTION('',(0.,0.,-1.));
#6600 = DIRECTION('',(-0.999999998065,-6.220374849999E-05,-0.));
#6601 = ORIENTED_EDGE('',*,*,#6602,.F.);
#6602 = EDGE_CURVE('',#6603,#6594,#6605,.T.);
#6603 = VERTEX_POINT('',#6604);
#6604 = CARTESIAN_POINT('',(74.800669,-96.362078,0.91));
#6605 = LINE('',#6606,#6607);
#6606 = CARTESIAN_POINT('',(74.800669,-96.362078,0.91));
#6607 = VECTOR('',#6608,1.);
#6608 = DIRECTION('',(0.,1.,0.));
#6609 = ORIENTED_EDGE('',*,*,#6610,.F.);
#6610 = EDGE_CURVE('',#6611,#6603,#6613,.T.);
#6611 = VERTEX_POINT('',#6612);
#6612 = CARTESIAN_POINT('',(75.611245,-97.162178,0.91));
#6613 = CIRCLE('',#6614,0.800138271485);
#6614 = AXIS2_PLACEMENT_3D('',#6615,#6616,#6617);
#6615 = CARTESIAN_POINT('',(75.60080727093,-96.36210781101,0.91));
#6616 = DIRECTION('',(0.,0.,-1.));
#6617 = DIRECTION('',(1.304490666439E-02,-0.999914911585,0.));
#6618 = ORIENTED_EDGE('',*,*,#6619,.F.);
#6619 = EDGE_CURVE('',#6620,#6611,#6622,.T.);
#6620 = VERTEX_POINT('',#6621);
#6621 = CARTESIAN_POINT('',(93.522138,-97.162178,0.91));
#6622 = LINE('',#6623,#6624);
#6623 = CARTESIAN_POINT('',(93.522138,-97.162178,0.91));
#6624 = VECTOR('',#6625,1.);
#6625 = DIRECTION('',(-1.,0.,0.));
#6626 = ORIENTED_EDGE('',*,*,#6627,.F.);
#6627 = EDGE_CURVE('',#6628,#6620,#6630,.T.);
#6628 = VERTEX_POINT('',#6629);
#6629 = CARTESIAN_POINT('',(94.322127,-96.366177,0.91));
#6630 = CIRCLE('',#6631,0.800000538909);
#6631 = AXIS2_PLACEMENT_3D('',#6632,#6633,#6634);
#6632 = CARTESIAN_POINT('',(93.522136458841,-96.36217746109,0.91));
#6633 = DIRECTION('',(0.,0.,-1.));
#6634 = DIRECTION('',(0.99998750282,-4.999420267177E-03,0.));
#6635 = ORIENTED_EDGE('',*,*,#6636,.F.);
#6636 = EDGE_CURVE('',#6637,#6628,#6639,.T.);
#6637 = VERTEX_POINT('',#6638);
#6638 = CARTESIAN_POINT('',(94.322127,-95.762178,0.91));
#6639 = LINE('',#6640,#6641);
#6640 = CARTESIAN_POINT('',(94.322127,-95.762178,0.91));
#6641 = VECTOR('',#6642,1.);
#6642 = DIRECTION('',(0.,-1.,0.));
#6643 = ORIENTED_EDGE('',*,*,#6644,.F.);
#6644 = EDGE_CURVE('',#6645,#6637,#6647,.T.);
#6645 = VERTEX_POINT('',#6646);
#6646 = CARTESIAN_POINT('',(94.322138,-95.762178,0.91));
#6647 = LINE('',#6648,#6649);
#6648 = CARTESIAN_POINT('',(94.322138,-95.762178,0.91));
#6649 = VECTOR('',#6650,1.);
#6650 = DIRECTION('',(-1.,0.,0.));
#6651 = ORIENTED_EDGE('',*,*,#6652,.F.);
#6652 = EDGE_CURVE('',#6653,#6645,#6655,.T.);
#6653 = VERTEX_POINT('',#6654);
#6654 = CARTESIAN_POINT('',(95.122138,-94.962178,0.91));
#6655 = CIRCLE('',#6656,0.800001450872);
#6656 = AXIS2_PLACEMENT_3D('',#6657,#6658,#6659);
#6657 = CARTESIAN_POINT('',(95.122139450871,-95.76217945087,0.91));
#6658 = DIRECTION('',(0.,0.,1.));
#6659 = DIRECTION('',(-1.813585030422E-06,0.999999999998,0.));
#6660 = ORIENTED_EDGE('',*,*,#6661,.F.);
#6661 = EDGE_CURVE('',#6662,#6653,#6664,.T.);
#6662 = VERTEX_POINT('',#6663);
#6663 = CARTESIAN_POINT('',(95.975538,-94.962178,0.91));
#6664 = LINE('',#6665,#6666);
#6665 = CARTESIAN_POINT('',(95.975538,-94.962178,0.91));
#6666 = VECTOR('',#6667,1.);
#6667 = DIRECTION('',(-1.,0.,0.));
#6668 = ORIENTED_EDGE('',*,*,#6669,.F.);
#6669 = EDGE_CURVE('',#6670,#6662,#6672,.T.);
#6670 = VERTEX_POINT('',#6671);
#6671 = CARTESIAN_POINT('',(97.126889,-89.609849,0.91));
#6672 = CIRCLE('',#6673,2.799999526962);
#6673 = AXIS2_PLACEMENT_3D('',#6674,#6675,#6676);
#6674 = CARTESIAN_POINT('',(95.975536920029,-92.16217847303,0.91));
#6675 = DIRECTION('',(0.,0.,-1.));
#6676 = DIRECTION('',(0.411197240887,0.911546394369,0.));
#6677 = ORIENTED_EDGE('',*,*,#6678,.F.);
#6678 = EDGE_CURVE('',#6679,#6670,#6681,.T.);
#6679 = VERTEX_POINT('',#6680);
#6680 = CARTESIAN_POINT('',(95.758998,-88.992796,0.91));
#6681 = LINE('',#6682,#6683);
#6682 = CARTESIAN_POINT('',(95.758998,-88.992796,0.91));
#6683 = VECTOR('',#6684,1.);
#6684 = DIRECTION('',(0.911546549942,-0.411196896011,0.));
#6685 = ORIENTED_EDGE('',*,*,#6686,.F.);
#6686 = EDGE_CURVE('',#6015,#6679,#6687,.T.);
#6687 = CIRCLE('',#6688,2.450009829005);
#6688 = AXIS2_PLACEMENT_3D('',#6689,#6690,#6691);
#6689 = CARTESIAN_POINT('',(96.772136829005,-86.76207910281,0.91));
#6690 = DIRECTION('',(0.,0.,1.));
#6691 = DIRECTION('',(-1.,4.50127017267E-07,0.));
#6692 = ORIENTED_EDGE('',*,*,#6014,.F.);
#6693 = FACE_BOUND('',#6694,.T.);
#6694 = EDGE_LOOP('',(#6695));
#6695 = ORIENTED_EDGE('',*,*,#6696,.T.);
#6696 = EDGE_CURVE('',#6697,#6697,#6699,.T.);
#6697 = VERTEX_POINT('',#6698);
#6698 = CARTESIAN_POINT('',(76.942138,-95.692178,0.91));
#6699 = CIRCLE('',#6700,0.9);
#6700 = AXIS2_PLACEMENT_3D('',#6701,#6702,#6703);
#6701 = CARTESIAN_POINT('',(76.942138,-94.792178,0.91));
#6702 = DIRECTION('',(-0.,0.,-1.));
#6703 = DIRECTION('',(-0.,-1.,0.));
#6704 = FACE_BOUND('',#6705,.T.);
#6705 = EDGE_LOOP('',(#6706));
#6706 = ORIENTED_EDGE('',*,*,#6707,.T.);
#6707 = EDGE_CURVE('',#6708,#6708,#6710,.T.);
#6708 = VERTEX_POINT('',#6709);
#6709 = CARTESIAN_POINT('',(80.742138,-95.692178,0.91));
#6710 = CIRCLE('',#6711,0.9);
#6711 = AXIS2_PLACEMENT_3D('',#6712,#6713,#6714);
#6712 = CARTESIAN_POINT('',(80.742138,-94.792178,0.91));
#6713 = DIRECTION('',(-0.,0.,-1.));
#6714 = DIRECTION('',(-1.578983857245E-14,-1.,0.));
#6715 = FACE_BOUND('',#6716,.T.);
#6716 = EDGE_LOOP('',(#6717));
#6717 = ORIENTED_EDGE('',*,*,#6718,.T.);
#6718 = EDGE_CURVE('',#6719,#6719,#6721,.T.);
#6719 = VERTEX_POINT('',#6720);
#6720 = CARTESIAN_POINT('',(83.772138,-96.022178,0.91));
#6721 = CIRCLE('',#6722,0.5);
#6722 = AXIS2_PLACEMENT_3D('',#6723,#6724,#6725);
#6723 = CARTESIAN_POINT('',(83.772138,-95.522178,0.91));
#6724 = DIRECTION('',(-0.,0.,-1.));
#6725 = DIRECTION('',(-0.,-1.,0.));
#6726 = FACE_BOUND('',#6727,.T.);
#6727 = EDGE_LOOP('',(#6728));
#6728 = ORIENTED_EDGE('',*,*,#6729,.T.);
#6729 = EDGE_CURVE('',#6730,#6730,#6732,.T.);
#6730 = VERTEX_POINT('',#6731);
#6731 = CARTESIAN_POINT('',(85.972138,-96.022178,0.91));
#6732 = CIRCLE('',#6733,0.5);
#6733 = AXIS2_PLACEMENT_3D('',#6734,#6735,#6736);
#6734 = CARTESIAN_POINT('',(85.972138,-95.522178,0.91));
#6735 = DIRECTION('',(-0.,0.,-1.));
#6736 = DIRECTION('',(-0.,-1.,0.));
#6737 = FACE_BOUND('',#6738,.T.);
#6738 = EDGE_LOOP('',(#6739));
#6739 = ORIENTED_EDGE('',*,*,#6740,.T.);
#6740 = EDGE_CURVE('',#6741,#6741,#6743,.T.);
#6741 = VERTEX_POINT('',#6742);
#6742 = CARTESIAN_POINT('',(88.172138,-96.022178,0.91));
#6743 = CIRCLE('',#6744,0.5);
#6744 = AXIS2_PLACEMENT_3D('',#6745,#6746,#6747);
#6745 = CARTESIAN_POINT('',(88.172138,-95.522178,0.91));
#6746 = DIRECTION('',(-0.,0.,-1.));
#6747 = DIRECTION('',(-0.,-1.,0.));
#6748 = FACE_BOUND('',#6749,.T.);
#6749 = EDGE_LOOP('',(#6750));
#6750 = ORIENTED_EDGE('',*,*,#6751,.T.);
#6751 = EDGE_CURVE('',#6752,#6752,#6754,.T.);
#6752 = VERTEX_POINT('',#6753);
#6753 = CARTESIAN_POINT('',(90.372138,-96.022178,0.91));
#6754 = CIRCLE('',#6755,0.5);
#6755 = AXIS2_PLACEMENT_3D('',#6756,#6757,#6758);
#6756 = CARTESIAN_POINT('',(90.372138,-95.522178,0.91));
#6757 = DIRECTION('',(-0.,0.,-1.));
#6758 = DIRECTION('',(-0.,-1.,0.));
#6759 = FACE_BOUND('',#6760,.T.);
#6760 = EDGE_LOOP('',(#6761));
#6761 = ORIENTED_EDGE('',*,*,#6762,.T.);
#6762 = EDGE_CURVE('',#6763,#6763,#6765,.T.);
#6763 = VERTEX_POINT('',#6764);
#6764 = CARTESIAN_POINT('',(92.572138,-96.022178,0.91));
#6765 = CIRCLE('',#6766,0.5);
#6766 = AXIS2_PLACEMENT_3D('',#6767,#6768,#6769);
#6767 = CARTESIAN_POINT('',(92.572138,-95.522178,0.91));
#6768 = DIRECTION('',(-0.,0.,-1.));
#6769 = DIRECTION('',(-0.,-1.,0.));
#6770 = FACE_BOUND('',#6771,.T.);
#6771 = EDGE_LOOP('',(#6772));
#6772 = ORIENTED_EDGE('',*,*,#6773,.T.);
#6773 = EDGE_CURVE('',#6774,#6774,#6776,.T.);
#6774 = VERTEX_POINT('',#6775);
#6775 = CARTESIAN_POINT('',(94.785412,-93.528904,0.91));
#6776 = CIRCLE('',#6777,0.2);
#6777 = AXIS2_PLACEMENT_3D('',#6778,#6779,#6780);
#6778 = CARTESIAN_POINT('',(94.785412,-93.328904,0.91));
#6779 = DIRECTION('',(-0.,0.,-1.));
#6780 = DIRECTION('',(-7.105427357601E-14,-1.,0.));
#6781 = FACE_BOUND('',#6782,.T.);
#6782 = EDGE_LOOP('',(#6783));
#6783 = ORIENTED_EDGE('',*,*,#6784,.T.);
#6784 = EDGE_CURVE('',#6785,#6785,#6787,.T.);
#6785 = VERTEX_POINT('',#6786);
#6786 = CARTESIAN_POINT('',(95.952138,-94.012178,0.91));
#6787 = CIRCLE('',#6788,0.2);
#6788 = AXIS2_PLACEMENT_3D('',#6789,#6790,#6791);
#6789 = CARTESIAN_POINT('',(95.952138,-93.812178,0.91));
#6790 = DIRECTION('',(-0.,0.,-1.));
#6791 = DIRECTION('',(7.105427357601E-14,-1.,-0.));
#6792 = FACE_BOUND('',#6793,.T.);
#6793 = EDGE_LOOP('',(#6794));
#6794 = ORIENTED_EDGE('',*,*,#6795,.T.);
#6795 = EDGE_CURVE('',#6796,#6796,#6798,.T.);
#6796 = VERTEX_POINT('',#6797);
#6797 = CARTESIAN_POINT('',(97.118864,-93.528904,0.91));
#6798 = CIRCLE('',#6799,0.2);
#6799 = AXIS2_PLACEMENT_3D('',#6800,#6801,#6802);
#6800 = CARTESIAN_POINT('',(97.118864,-93.328904,0.91));
#6801 = DIRECTION('',(-0.,0.,-1.));
#6802 = DIRECTION('',(-0.,-1.,0.));
#6803 = FACE_BOUND('',#6804,.T.);
#6804 = EDGE_LOOP('',(#6805));
#6805 = ORIENTED_EDGE('',*,*,#6806,.T.);
#6806 = EDGE_CURVE('',#6807,#6807,#6809,.T.);
#6807 = VERTEX_POINT('',#6808);
#6808 = CARTESIAN_POINT('',(94.302138,-92.362178,0.91));
#6809 = CIRCLE('',#6810,0.2);
#6810 = AXIS2_PLACEMENT_3D('',#6811,#6812,#6813);
#6811 = CARTESIAN_POINT('',(94.302138,-92.162178,0.91));
#6812 = DIRECTION('',(-0.,0.,-1.));
#6813 = DIRECTION('',(-0.,-1.,0.));
#6814 = FACE_BOUND('',#6815,.T.);
#6815 = EDGE_LOOP('',(#6816));
#6816 = ORIENTED_EDGE('',*,*,#6817,.T.);
#6817 = EDGE_CURVE('',#6818,#6818,#6820,.T.);
#6818 = VERTEX_POINT('',#6819);
#6819 = CARTESIAN_POINT('',(95.952138,-93.262178,0.91));
#6820 = CIRCLE('',#6821,1.1);
#6821 = AXIS2_PLACEMENT_3D('',#6822,#6823,#6824);
#6822 = CARTESIAN_POINT('',(95.952138,-92.162178,0.91));
#6823 = DIRECTION('',(-0.,0.,-1.));
#6824 = DIRECTION('',(1.2918958832E-14,-1.,-0.));
#6825 = FACE_BOUND('',#6826,.T.);
#6826 = EDGE_LOOP('',(#6827));
#6827 = ORIENTED_EDGE('',*,*,#6828,.T.);
#6828 = EDGE_CURVE('',#6829,#6829,#6831,.T.);
#6829 = VERTEX_POINT('',#6830);
#6830 = CARTESIAN_POINT('',(97.602138,-92.362178,0.91));
#6831 = CIRCLE('',#6832,0.2);
#6832 = AXIS2_PLACEMENT_3D('',#6833,#6834,#6835);
#6833 = CARTESIAN_POINT('',(97.602138,-92.162178,0.91));
#6834 = DIRECTION('',(-0.,0.,-1.));
#6835 = DIRECTION('',(-0.,-1.,0.));
#6836 = FACE_BOUND('',#6837,.T.);
#6837 = EDGE_LOOP('',(#6838));
#6838 = ORIENTED_EDGE('',*,*,#6839,.T.);
#6839 = EDGE_CURVE('',#6840,#6840,#6842,.T.);
#6840 = VERTEX_POINT('',#6841);
#6841 = CARTESIAN_POINT('',(94.785412,-91.195452,0.91));
#6842 = CIRCLE('',#6843,0.2);
#6843 = AXIS2_PLACEMENT_3D('',#6844,#6845,#6846);
#6844 = CARTESIAN_POINT('',(94.785412,-90.995452,0.91));
#6845 = DIRECTION('',(-0.,0.,-1.));
#6846 = DIRECTION('',(-7.105427357601E-14,-1.,0.));
#6847 = FACE_BOUND('',#6848,.T.);
#6848 = EDGE_LOOP('',(#6849));
#6849 = ORIENTED_EDGE('',*,*,#6850,.T.);
#6850 = EDGE_CURVE('',#6851,#6851,#6853,.T.);
#6851 = VERTEX_POINT('',#6852);
#6852 = CARTESIAN_POINT('',(95.952138,-90.712178,0.91));
#6853 = CIRCLE('',#6854,0.2);
#6854 = AXIS2_PLACEMENT_3D('',#6855,#6856,#6857);
#6855 = CARTESIAN_POINT('',(95.952138,-90.512178,0.91));
#6856 = DIRECTION('',(-0.,0.,-1.));
#6857 = DIRECTION('',(7.105427357601E-14,-1.,-0.));
#6858 = FACE_BOUND('',#6859,.T.);
#6859 = EDGE_LOOP('',(#6860));
#6860 = ORIENTED_EDGE('',*,*,#6861,.T.);
#6861 = EDGE_CURVE('',#6862,#6862,#6864,.T.);
#6862 = VERTEX_POINT('',#6863);
#6863 = CARTESIAN_POINT('',(97.118864,-91.195452,0.91));
#6864 = CIRCLE('',#6865,0.2);
#6865 = AXIS2_PLACEMENT_3D('',#6866,#6867,#6868);
#6866 = CARTESIAN_POINT('',(97.118864,-90.995452,0.91));
#6867 = DIRECTION('',(-0.,0.,-1.));
#6868 = DIRECTION('',(-0.,-1.,0.));
#6869 = FACE_BOUND('',#6870,.T.);
#6870 = EDGE_LOOP('',(#6871));
#6871 = ORIENTED_EDGE('',*,*,#6872,.T.);
#6872 = EDGE_CURVE('',#6873,#6873,#6875,.T.);
#6873 = VERTEX_POINT('',#6874);
#6874 = CARTESIAN_POINT('',(77.592138,-86.432178,0.91));
#6875 = CIRCLE('',#6876,0.2);
#6876 = AXIS2_PLACEMENT_3D('',#6877,#6878,#6879);
#6877 = CARTESIAN_POINT('',(77.592138,-86.232178,0.91));
#6878 = DIRECTION('',(-0.,0.,-1.));
#6879 = DIRECTION('',(-0.,-1.,0.));
#6880 = FACE_BOUND('',#6881,.T.);
#6881 = EDGE_LOOP('',(#6882));
#6882 = ORIENTED_EDGE('',*,*,#6883,.T.);
#6883 = EDGE_CURVE('',#6884,#6884,#6886,.T.);
#6884 = VERTEX_POINT('',#6885);
#6885 = CARTESIAN_POINT('',(80.522138,-88.237178,0.91));
#6886 = CIRCLE('',#6887,0.875);
#6887 = AXIS2_PLACEMENT_3D('',#6888,#6889,#6890);
#6888 = CARTESIAN_POINT('',(80.522138,-87.362178,0.91));
#6889 = DIRECTION('',(-0.,0.,-1.));
#6890 = DIRECTION('',(-0.,-1.,0.));
#6891 = FACE_BOUND('',#6892,.T.);
#6892 = EDGE_LOOP('',(#6893));
#6893 = ORIENTED_EDGE('',*,*,#6894,.T.);
#6894 = EDGE_CURVE('',#6895,#6895,#6897,.T.);
#6895 = VERTEX_POINT('',#6896);
#6896 = CARTESIAN_POINT('',(84.522138,-88.237178,0.91));
#6897 = CIRCLE('',#6898,0.875);
#6898 = AXIS2_PLACEMENT_3D('',#6899,#6900,#6901);
#6899 = CARTESIAN_POINT('',(84.522138,-87.362178,0.91));
#6900 = DIRECTION('',(-0.,0.,-1.));
#6901 = DIRECTION('',(-0.,-1.,0.));
#6902 = FACE_BOUND('',#6903,.T.);
#6903 = EDGE_LOOP('',(#6904));
#6904 = ORIENTED_EDGE('',*,*,#6905,.T.);
#6905 = EDGE_CURVE('',#6906,#6906,#6908,.T.);
#6906 = VERTEX_POINT('',#6907);
#6907 = CARTESIAN_POINT('',(76.425412,-85.948904,0.91));
#6908 = CIRCLE('',#6909,0.2);
#6909 = AXIS2_PLACEMENT_3D('',#6910,#6911,#6912);
#6910 = CARTESIAN_POINT('',(76.425412,-85.748904,0.91));
#6911 = DIRECTION('',(-0.,0.,-1.));
#6912 = DIRECTION('',(-0.,-1.,0.));
#6913 = FACE_BOUND('',#6914,.T.);
#6914 = EDGE_LOOP('',(#6915));
#6915 = ORIENTED_EDGE('',*,*,#6916,.T.);
#6916 = EDGE_CURVE('',#6917,#6917,#6919,.T.);
#6917 = VERTEX_POINT('',#6918);
#6918 = CARTESIAN_POINT('',(75.942138,-84.782178,0.91));
#6919 = CIRCLE('',#6920,0.2);
#6920 = AXIS2_PLACEMENT_3D('',#6921,#6922,#6923);
#6921 = CARTESIAN_POINT('',(75.942138,-84.582178,0.91));
#6922 = DIRECTION('',(-0.,0.,-1.));
#6923 = DIRECTION('',(-0.,-1.,0.));
#6924 = FACE_BOUND('',#6925,.T.);
#6925 = EDGE_LOOP('',(#6926));
#6926 = ORIENTED_EDGE('',*,*,#6927,.T.);
#6927 = EDGE_CURVE('',#6928,#6928,#6930,.T.);
#6928 = VERTEX_POINT('',#6929);
#6929 = CARTESIAN_POINT('',(77.592138,-85.682178,0.91));
#6930 = CIRCLE('',#6931,1.1);
#6931 = AXIS2_PLACEMENT_3D('',#6932,#6933,#6934);
#6932 = CARTESIAN_POINT('',(77.592138,-84.582178,0.91));
#6933 = DIRECTION('',(-0.,0.,-1.));
#6934 = DIRECTION('',(-0.,-1.,0.));
#6935 = FACE_BOUND('',#6936,.T.);
#6936 = EDGE_LOOP('',(#6937));
#6937 = ORIENTED_EDGE('',*,*,#6938,.T.);
#6938 = EDGE_CURVE('',#6939,#6939,#6941,.T.);
#6939 = VERTEX_POINT('',#6940);
#6940 = CARTESIAN_POINT('',(78.758864,-85.948904,0.91));
#6941 = CIRCLE('',#6942,0.2);
#6942 = AXIS2_PLACEMENT_3D('',#6943,#6944,#6945);
#6943 = CARTESIAN_POINT('',(78.758864,-85.748904,0.91));
#6944 = DIRECTION('',(-0.,0.,-1.));
#6945 = DIRECTION('',(-0.,-1.,0.));
#6946 = FACE_BOUND('',#6947,.T.);
#6947 = EDGE_LOOP('',(#6948));
#6948 = ORIENTED_EDGE('',*,*,#6949,.T.);
#6949 = EDGE_CURVE('',#6950,#6950,#6952,.T.);
#6950 = VERTEX_POINT('',#6951);
#6951 = CARTESIAN_POINT('',(79.242138,-84.782178,0.91));
#6952 = CIRCLE('',#6953,0.2);
#6953 = AXIS2_PLACEMENT_3D('',#6954,#6955,#6956);
#6954 = CARTESIAN_POINT('',(79.242138,-84.582178,0.91));
#6955 = DIRECTION('',(-0.,0.,-1.));
#6956 = DIRECTION('',(-0.,-1.,0.));
#6957 = FACE_BOUND('',#6958,.T.);
#6958 = EDGE_LOOP('',(#6959));
#6959 = ORIENTED_EDGE('',*,*,#6960,.T.);
#6960 = EDGE_CURVE('',#6961,#6961,#6963,.T.);
#6961 = VERTEX_POINT('',#6962);
#6962 = CARTESIAN_POINT('',(76.425412,-83.615452,0.91));
#6963 = CIRCLE('',#6964,0.2);
#6964 = AXIS2_PLACEMENT_3D('',#6965,#6966,#6967);
#6965 = CARTESIAN_POINT('',(76.425412,-83.415452,0.91));
#6966 = DIRECTION('',(-0.,0.,-1.));
#6967 = DIRECTION('',(-0.,-1.,0.));
#6968 = FACE_BOUND('',#6969,.T.);
#6969 = EDGE_LOOP('',(#6970));
#6970 = ORIENTED_EDGE('',*,*,#6971,.T.);
#6971 = EDGE_CURVE('',#6972,#6972,#6974,.T.);
#6972 = VERTEX_POINT('',#6973);
#6973 = CARTESIAN_POINT('',(77.592138,-83.132178,0.91));
#6974 = CIRCLE('',#6975,0.2);
#6975 = AXIS2_PLACEMENT_3D('',#6976,#6977,#6978);
#6976 = CARTESIAN_POINT('',(77.592138,-82.932178,0.91));
#6977 = DIRECTION('',(-0.,0.,-1.));
#6978 = DIRECTION('',(-0.,-1.,0.));
#6979 = FACE_BOUND('',#6980,.T.);
#6980 = EDGE_LOOP('',(#6981));
#6981 = ORIENTED_EDGE('',*,*,#6982,.T.);
#6982 = EDGE_CURVE('',#6983,#6983,#6985,.T.);
#6983 = VERTEX_POINT('',#6984);
#6984 = CARTESIAN_POINT('',(78.758864,-83.615452,0.91));
#6985 = CIRCLE('',#6986,0.2);
#6986 = AXIS2_PLACEMENT_3D('',#6987,#6988,#6989);
#6987 = CARTESIAN_POINT('',(78.758864,-83.415452,0.91));
#6988 = DIRECTION('',(-0.,0.,-1.));
#6989 = DIRECTION('',(-0.,-1.,0.));
#6990 = FACE_BOUND('',#6991,.T.);
#6991 = EDGE_LOOP('',(#6992));
#6992 = ORIENTED_EDGE('',*,*,#6993,.T.);
#6993 = EDGE_CURVE('',#6994,#6994,#6996,.T.);
#6994 = VERTEX_POINT('',#6995);
#6995 = CARTESIAN_POINT('',(82.522138,-85.437178,0.91));
#6996 = CIRCLE('',#6997,0.875);
#6997 = AXIS2_PLACEMENT_3D('',#6998,#6999,#7000);
#6998 = CARTESIAN_POINT('',(82.522138,-84.562178,0.91));
#6999 = DIRECTION('',(-0.,0.,-1.));
#7000 = DIRECTION('',(-0.,-1.,0.));
#7001 = FACE_BOUND('',#7002,.T.);
#7002 = EDGE_LOOP('',(#7003));
#7003 = ORIENTED_EDGE('',*,*,#7004,.T.);
#7004 = EDGE_CURVE('',#7005,#7005,#7007,.T.);
#7005 = VERTEX_POINT('',#7006);
#7006 = CARTESIAN_POINT('',(86.522138,-85.437178,0.91));
#7007 = CIRCLE('',#7008,0.875);
#7008 = AXIS2_PLACEMENT_3D('',#7009,#7010,#7011);
#7009 = CARTESIAN_POINT('',(86.522138,-84.562178,0.91));
#7010 = DIRECTION('',(-0.,0.,-1.));
#7011 = DIRECTION('',(-0.,-1.,0.));
#7012 = FACE_BOUND('',#7013,.T.);
#7013 = EDGE_LOOP('',(#7014));
#7014 = ORIENTED_EDGE('',*,*,#7015,.T.);
#7015 = EDGE_CURVE('',#7016,#7016,#7018,.T.);
#7016 = VERTEX_POINT('',#7017);
#7017 = CARTESIAN_POINT('',(88.522138,-88.237178,0.91));
#7018 = CIRCLE('',#7019,0.875);
#7019 = AXIS2_PLACEMENT_3D('',#7020,#7021,#7022);
#7020 = CARTESIAN_POINT('',(88.522138,-87.362178,0.91));
#7021 = DIRECTION('',(-0.,0.,-1.));
#7022 = DIRECTION('',(-0.,-1.,0.));
#7023 = FACE_BOUND('',#7024,.T.);
#7024 = EDGE_LOOP('',(#7025));
#7025 = ORIENTED_EDGE('',*,*,#7026,.T.);
#7026 = EDGE_CURVE('',#7027,#7027,#7029,.T.);
#7027 = VERTEX_POINT('',#7028);
#7028 = CARTESIAN_POINT('',(92.522138,-88.237178,0.91));
#7029 = CIRCLE('',#7030,0.875);
#7030 = AXIS2_PLACEMENT_3D('',#7031,#7032,#7033);
#7031 = CARTESIAN_POINT('',(92.522138,-87.362178,0.91));
#7032 = DIRECTION('',(-0.,0.,-1.));
#7033 = DIRECTION('',(-0.,-1.,0.));
#7034 = FACE_BOUND('',#7035,.T.);
#7035 = EDGE_LOOP('',(#7036));
#7036 = ORIENTED_EDGE('',*,*,#7037,.T.);
#7037 = EDGE_CURVE('',#7038,#7038,#7040,.T.);
#7038 = VERTEX_POINT('',#7039);
#7039 = CARTESIAN_POINT('',(90.522138,-85.437178,0.91));
#7040 = CIRCLE('',#7041,0.875);
#7041 = AXIS2_PLACEMENT_3D('',#7042,#7043,#7044);
#7042 = CARTESIAN_POINT('',(90.522138,-84.562178,0.91));
#7043 = DIRECTION('',(-0.,0.,-1.));
#7044 = DIRECTION('',(-0.,-1.,0.));
#7045 = PLANE('',#7046);
#7046 = AXIS2_PLACEMENT_3D('',#7047,#7048,#7049);
#7047 = CARTESIAN_POINT('',(0.,0.,0.91));
#7048 = DIRECTION('',(0.,0.,1.));
#7049 = DIRECTION('',(1.,0.,-0.));
#7050 = ADVANCED_FACE('',(#7051),#7062,.T.);
#7051 = FACE_BOUND('',#7052,.T.);
#7052 = EDGE_LOOP('',(#7053,#7059,#7060,#7061));
#7053 = ORIENTED_EDGE('',*,*,#7054,.T.);
#7054 = EDGE_CURVE('',#6047,#6552,#7055,.T.);
#7055 = LINE('',#7056,#7057);
#7056 = CARTESIAN_POINT('',(76.441516,-87.110989,0.));
#7057 = VECTOR('',#7058,1.);
#7058 = DIRECTION('',(0.,0.,1.));
#7059 = ORIENTED_EDGE('',*,*,#6551,.T.);
#7060 = ORIENTED_EDGE('',*,*,#5982,.F.);
#7061 = ORIENTED_EDGE('',*,*,#6046,.F.);
#7062 = CYLINDRICAL_SURFACE('',#7063,2.800000763805);
#7063 = AXIS2_PLACEMENT_3D('',#7064,#7065,#7066);
#7064 = CARTESIAN_POINT('',(77.600640953217,-84.5621787638,0.));
#7065 = DIRECTION('',(0.,0.,-1.));
#7066 = DIRECTION('',(-0.413973084651,-0.910289121755,-0.));
#7067 = ADVANCED_FACE('',(#7068),#7079,.F.);
#7068 = FACE_BOUND('',#7069,.T.);
#7069 = EDGE_LOOP('',(#7070,#7071,#7072,#7078));
#7070 = ORIENTED_EDGE('',*,*,#6022,.T.);
#7071 = ORIENTED_EDGE('',*,*,#6686,.T.);
#7072 = ORIENTED_EDGE('',*,*,#7073,.F.);
#7073 = EDGE_CURVE('',#6174,#6679,#7074,.T.);
#7074 = LINE('',#7075,#7076);
#7075 = CARTESIAN_POINT('',(95.758998,-88.992796,0.));
#7076 = VECTOR('',#7077,1.);
#7077 = DIRECTION('',(0.,0.,1.));
#7078 = ORIENTED_EDGE('',*,*,#6181,.F.);
#7079 = CYLINDRICAL_SURFACE('',#7080,2.450009829005);
#7080 = AXIS2_PLACEMENT_3D('',#7081,#7082,#7083);
#7081 = CARTESIAN_POINT('',(96.772136829005,-86.76207910281,0.));
#7082 = DIRECTION('',(-0.,-0.,-1.));
#7083 = DIRECTION('',(-1.,4.50127017267E-07,0.));
#7084 = ADVANCED_FACE('',(#7085),#7096,.T.);
#7085 = FACE_BOUND('',#7086,.T.);
#7086 = EDGE_LOOP('',(#7087,#7093,#7094,#7095));
#7087 = ORIENTED_EDGE('',*,*,#7088,.T.);
#7088 = EDGE_CURVE('',#6056,#6561,#7089,.T.);
#7089 = LINE('',#7090,#7091);
#7090 = CARTESIAN_POINT('',(77.811476,-87.728974,0.));
#7091 = VECTOR('',#7092,1.);
#7092 = DIRECTION('',(0.,0.,1.));
#7093 = ORIENTED_EDGE('',*,*,#6560,.T.);
#7094 = ORIENTED_EDGE('',*,*,#7054,.F.);
#7095 = ORIENTED_EDGE('',*,*,#6055,.F.);
#7096 = PLANE('',#7097);
#7097 = AXIS2_PLACEMENT_3D('',#7098,#7099,#7100);
#7098 = CARTESIAN_POINT('',(77.811476,-87.728974,0.));
#7099 = DIRECTION('',(-0.41119616515,-0.911546879631,0.));
#7100 = DIRECTION('',(-0.911546879631,0.41119616515,0.));
#7101 = ADVANCED_FACE('',(#7102),#7113,.T.);
#7102 = FACE_BOUND('',#7103,.T.);
#7103 = EDGE_LOOP('',(#7104,#7105,#7106,#7112));
#7104 = ORIENTED_EDGE('',*,*,#7073,.T.);
#7105 = ORIENTED_EDGE('',*,*,#6678,.T.);
#7106 = ORIENTED_EDGE('',*,*,#7107,.F.);
#7107 = EDGE_CURVE('',#6165,#6670,#7108,.T.);
#7108 = LINE('',#7109,#7110);
#7109 = CARTESIAN_POINT('',(97.126889,-89.609849,0.));
#7110 = VECTOR('',#7111,1.);
#7111 = DIRECTION('',(0.,0.,1.));
#7112 = ORIENTED_EDGE('',*,*,#6173,.F.);
#7113 = PLANE('',#7114);
#7114 = AXIS2_PLACEMENT_3D('',#7115,#7116,#7117);
#7115 = CARTESIAN_POINT('',(95.758998,-88.992796,0.));
#7116 = DIRECTION('',(0.411196896011,0.911546549942,-0.));
#7117 = DIRECTION('',(0.911546549942,-0.411196896011,0.));
#7118 = ADVANCED_FACE('',(#7119),#7130,.T.);
#7119 = FACE_BOUND('',#7120,.T.);
#7120 = EDGE_LOOP('',(#7121,#7127,#7128,#7129));
#7121 = ORIENTED_EDGE('',*,*,#7122,.T.);
#7122 = EDGE_CURVE('',#6064,#6569,#7123,.T.);
#7123 = LINE('',#7124,#7125);
#7124 = CARTESIAN_POINT('',(77.811469,-87.728989,0.));
#7125 = VECTOR('',#7126,1.);
#7126 = DIRECTION('',(0.,0.,1.));
#7127 = ORIENTED_EDGE('',*,*,#6568,.T.);
#7128 = ORIENTED_EDGE('',*,*,#7088,.F.);
#7129 = ORIENTED_EDGE('',*,*,#6063,.F.);
#7130 = PLANE('',#7131);
#7131 = AXIS2_PLACEMENT_3D('',#7132,#7133,#7134);
#7132 = CARTESIAN_POINT('',(77.811469,-87.728989,0.));
#7133 = DIRECTION('',(-0.906183140127,0.422885465049,0.));
#7134 = DIRECTION('',(0.422885465049,0.906183140127,0.));
#7135 = ADVANCED_FACE('',(#7136),#7147,.T.);
#7136 = FACE_BOUND('',#7137,.T.);
#7137 = EDGE_LOOP('',(#7138,#7139,#7140,#7146));
#7138 = ORIENTED_EDGE('',*,*,#7107,.T.);
#7139 = ORIENTED_EDGE('',*,*,#6669,.T.);
#7140 = ORIENTED_EDGE('',*,*,#7141,.F.);
#7141 = EDGE_CURVE('',#6157,#6662,#7142,.T.);
#7142 = LINE('',#7143,#7144);
#7143 = CARTESIAN_POINT('',(95.975538,-94.962178,0.));
#7144 = VECTOR('',#7145,1.);
#7145 = DIRECTION('',(0.,0.,1.));
#7146 = ORIENTED_EDGE('',*,*,#6164,.F.);
#7147 = CYLINDRICAL_SURFACE('',#7148,2.799999526962);
#7148 = AXIS2_PLACEMENT_3D('',#7149,#7150,#7151);
#7149 = CARTESIAN_POINT('',(95.975536920029,-92.16217847303,0.));
#7150 = DIRECTION('',(0.,0.,-1.));
#7151 = DIRECTION('',(0.411197240887,0.911546394369,0.));
#7152 = ADVANCED_FACE('',(#7153),#7164,.F.);
#7153 = FACE_BOUND('',#7154,.T.);
#7154 = EDGE_LOOP('',(#7155,#7161,#7162,#7163));
#7155 = ORIENTED_EDGE('',*,*,#7156,.T.);
#7156 = EDGE_CURVE('',#6072,#6577,#7157,.T.);
#7157 = LINE('',#7158,#7159);
#7158 = CARTESIAN_POINT('',(76.804038,-92.412278,0.));
#7159 = VECTOR('',#7160,1.);
#7160 = DIRECTION('',(0.,0.,1.));
#7161 = ORIENTED_EDGE('',*,*,#6576,.T.);
#7162 = ORIENTED_EDGE('',*,*,#7122,.F.);
#7163 = ORIENTED_EDGE('',*,*,#6071,.F.);
#7164 = CYLINDRICAL_SURFACE('',#7165,2.449999807773);
#7165 = AXIS2_PLACEMENT_3D('',#7166,#7167,#7168);
#7166 = CARTESIAN_POINT('',(76.804037393404,-89.96227819222,0.));
#7167 = DIRECTION('',(-0.,0.,-1.));
#7168 = DIRECTION('',(2.475901205909E-07,-1.,-0.));
#7169 = ADVANCED_FACE('',(#7170),#7181,.T.);
#7170 = FACE_BOUND('',#7171,.T.);
#7171 = EDGE_LOOP('',(#7172,#7173,#7174,#7180));
#7172 = ORIENTED_EDGE('',*,*,#7141,.T.);
#7173 = ORIENTED_EDGE('',*,*,#6661,.T.);
#7174 = ORIENTED_EDGE('',*,*,#7175,.F.);
#7175 = EDGE_CURVE('',#6148,#6653,#7176,.T.);
#7176 = LINE('',#7177,#7178);
#7177 = CARTESIAN_POINT('',(95.122138,-94.962178,0.));
#7178 = VECTOR('',#7179,1.);
#7179 = DIRECTION('',(0.,0.,1.));
#7180 = ORIENTED_EDGE('',*,*,#6156,.F.);
#7181 = PLANE('',#7182);
#7182 = AXIS2_PLACEMENT_3D('',#7183,#7184,#7185);
#7183 = CARTESIAN_POINT('',(95.975538,-94.962178,0.));
#7184 = DIRECTION('',(0.,-1.,0.));
#7185 = DIRECTION('',(-1.,0.,0.));
#7186 = ADVANCED_FACE('',(#7187),#7198,.T.);
#7187 = FACE_BOUND('',#7188,.T.);
#7188 = EDGE_LOOP('',(#7189,#7195,#7196,#7197));
#7189 = ORIENTED_EDGE('',*,*,#7190,.T.);
#7190 = EDGE_CURVE('',#6081,#6586,#7191,.T.);
#7191 = LINE('',#7192,#7193);
#7192 = CARTESIAN_POINT('',(75.600638,-92.412278,0.));
#7193 = VECTOR('',#7194,1.);
#7194 = DIRECTION('',(0.,0.,1.));
#7195 = ORIENTED_EDGE('',*,*,#6585,.T.);
#7196 = ORIENTED_EDGE('',*,*,#7156,.F.);
#7197 = ORIENTED_EDGE('',*,*,#6080,.F.);
#7198 = PLANE('',#7199);
#7199 = AXIS2_PLACEMENT_3D('',#7200,#7201,#7202);
#7200 = CARTESIAN_POINT('',(75.600638,-92.412278,0.));
#7201 = DIRECTION('',(0.,1.,0.));
#7202 = DIRECTION('',(1.,0.,0.));
#7203 = ADVANCED_FACE('',(#7204),#7215,.F.);
#7204 = FACE_BOUND('',#7205,.T.);
#7205 = EDGE_LOOP('',(#7206,#7207,#7208,#7214));
#7206 = ORIENTED_EDGE('',*,*,#7175,.T.);
#7207 = ORIENTED_EDGE('',*,*,#6652,.T.);
#7208 = ORIENTED_EDGE('',*,*,#7209,.F.);
#7209 = EDGE_CURVE('',#6140,#6645,#7210,.T.);
#7210 = LINE('',#7211,#7212);
#7211 = CARTESIAN_POINT('',(94.322138,-95.762178,0.));
#7212 = VECTOR('',#7213,1.);
#7213 = DIRECTION('',(0.,0.,1.));
#7214 = ORIENTED_EDGE('',*,*,#6147,.F.);
#7215 = CYLINDRICAL_SURFACE('',#7216,0.800001450872);
#7216 = AXIS2_PLACEMENT_3D('',#7217,#7218,#7219);
#7217 = CARTESIAN_POINT('',(95.122139450871,-95.76217945087,0.));
#7218 = DIRECTION('',(-0.,-0.,-1.));
#7219 = DIRECTION('',(-1.813585030422E-06,0.999999999998,0.));
#7220 = ADVANCED_FACE('',(#7221),#7232,.T.);
#7221 = FACE_BOUND('',#7222,.T.);
#7222 = EDGE_LOOP('',(#7223,#7229,#7230,#7231));
#7223 = ORIENTED_EDGE('',*,*,#7224,.T.);
#7224 = EDGE_CURVE('',#6089,#6594,#7225,.T.);
#7225 = LINE('',#7226,#7227);
#7226 = CARTESIAN_POINT('',(74.800669,-93.212278,0.));
#7227 = VECTOR('',#7228,1.);
#7228 = DIRECTION('',(0.,0.,1.));
#7229 = ORIENTED_EDGE('',*,*,#6593,.T.);
#7230 = ORIENTED_EDGE('',*,*,#7190,.F.);
#7231 = ORIENTED_EDGE('',*,*,#6088,.F.);
#7232 = CYLINDRICAL_SURFACE('',#7233,0.799950240316);
#7233 = AXIS2_PLACEMENT_3D('',#7234,#7235,#7236);
#7234 = CARTESIAN_POINT('',(75.600619238769,-93.21222824009,0.));
#7235 = DIRECTION('',(0.,0.,-1.));
#7236 = DIRECTION('',(-0.999999998065,-6.220374849999E-05,-0.));
#7237 = ADVANCED_FACE('',(#7238),#7249,.T.);
#7238 = FACE_BOUND('',#7239,.T.);
#7239 = EDGE_LOOP('',(#7240,#7241,#7242,#7248));
#7240 = ORIENTED_EDGE('',*,*,#7209,.T.);
#7241 = ORIENTED_EDGE('',*,*,#6644,.T.);
#7242 = ORIENTED_EDGE('',*,*,#7243,.F.);
#7243 = EDGE_CURVE('',#6132,#6637,#7244,.T.);
#7244 = LINE('',#7245,#7246);
#7245 = CARTESIAN_POINT('',(94.322127,-95.762178,0.));
#7246 = VECTOR('',#7247,1.);
#7247 = DIRECTION('',(0.,0.,1.));
#7248 = ORIENTED_EDGE('',*,*,#6139,.F.);
#7249 = PLANE('',#7250);
#7250 = AXIS2_PLACEMENT_3D('',#7251,#7252,#7253);
#7251 = CARTESIAN_POINT('',(94.322138,-95.762178,0.));
#7252 = DIRECTION('',(0.,-1.,0.));
#7253 = DIRECTION('',(-1.,0.,0.));
#7254 = ADVANCED_FACE('',(#7255),#7266,.T.);
#7255 = FACE_BOUND('',#7256,.T.);
#7256 = EDGE_LOOP('',(#7257,#7263,#7264,#7265));
#7257 = ORIENTED_EDGE('',*,*,#7258,.T.);
#7258 = EDGE_CURVE('',#6098,#6603,#7259,.T.);
#7259 = LINE('',#7260,#7261);
#7260 = CARTESIAN_POINT('',(74.800669,-96.362078,0.));
#7261 = VECTOR('',#7262,1.);
#7262 = DIRECTION('',(0.,0.,1.));
#7263 = ORIENTED_EDGE('',*,*,#6602,.T.);
#7264 = ORIENTED_EDGE('',*,*,#7224,.F.);
#7265 = ORIENTED_EDGE('',*,*,#6097,.F.);
#7266 = PLANE('',#7267);
#7267 = AXIS2_PLACEMENT_3D('',#7268,#7269,#7270);
#7268 = CARTESIAN_POINT('',(74.800669,-96.362078,0.));
#7269 = DIRECTION('',(-1.,0.,0.));
#7270 = DIRECTION('',(0.,1.,0.));
#7271 = ADVANCED_FACE('',(#7272),#7283,.T.);
#7272 = FACE_BOUND('',#7273,.T.);
#7273 = EDGE_LOOP('',(#7274,#7275,#7276,#7282));
#7274 = ORIENTED_EDGE('',*,*,#7243,.T.);
#7275 = ORIENTED_EDGE('',*,*,#6636,.T.);
#7276 = ORIENTED_EDGE('',*,*,#7277,.F.);
#7277 = EDGE_CURVE('',#6123,#6628,#7278,.T.);
#7278 = LINE('',#7279,#7280);
#7279 = CARTESIAN_POINT('',(94.322127,-96.366177,0.));
#7280 = VECTOR('',#7281,1.);
#7281 = DIRECTION('',(0.,0.,1.));
#7282 = ORIENTED_EDGE('',*,*,#6131,.F.);
#7283 = PLANE('',#7284);
#7284 = AXIS2_PLACEMENT_3D('',#7285,#7286,#7287);
#7285 = CARTESIAN_POINT('',(94.322127,-95.762178,0.));
#7286 = DIRECTION('',(1.,0.,-0.));
#7287 = DIRECTION('',(0.,-1.,0.));
#7288 = ADVANCED_FACE('',(#7289),#7300,.T.);
#7289 = FACE_BOUND('',#7290,.T.);
#7290 = EDGE_LOOP('',(#7291,#7297,#7298,#7299));
#7291 = ORIENTED_EDGE('',*,*,#7292,.T.);
#7292 = EDGE_CURVE('',#6106,#6611,#7293,.T.);
#7293 = LINE('',#7294,#7295);
#7294 = CARTESIAN_POINT('',(75.611245,-97.162178,0.));
#7295 = VECTOR('',#7296,1.);
#7296 = DIRECTION('',(0.,0.,1.));
#7297 = ORIENTED_EDGE('',*,*,#6610,.T.);
#7298 = ORIENTED_EDGE('',*,*,#7258,.F.);
#7299 = ORIENTED_EDGE('',*,*,#6105,.F.);
#7300 = CYLINDRICAL_SURFACE('',#7301,0.800138271485);
#7301 = AXIS2_PLACEMENT_3D('',#7302,#7303,#7304);
#7302 = CARTESIAN_POINT('',(75.60080727093,-96.36210781101,0.));
#7303 = DIRECTION('',(0.,0.,-1.));
#7304 = DIRECTION('',(1.304490666439E-02,-0.999914911585,0.));
#7305 = ADVANCED_FACE('',(#7306),#7317,.T.);
#7306 = FACE_BOUND('',#7307,.T.);
#7307 = EDGE_LOOP('',(#7308,#7309,#7310,#7316));
#7308 = ORIENTED_EDGE('',*,*,#7277,.T.);
#7309 = ORIENTED_EDGE('',*,*,#6627,.T.);
#7310 = ORIENTED_EDGE('',*,*,#7311,.F.);
#7311 = EDGE_CURVE('',#6115,#6620,#7312,.T.);
#7312 = LINE('',#7313,#7314);
#7313 = CARTESIAN_POINT('',(93.522138,-97.162178,0.));
#7314 = VECTOR('',#7315,1.);
#7315 = DIRECTION('',(0.,0.,1.));
#7316 = ORIENTED_EDGE('',*,*,#6122,.F.);
#7317 = CYLINDRICAL_SURFACE('',#7318,0.800000538909);
#7318 = AXIS2_PLACEMENT_3D('',#7319,#7320,#7321);
#7319 = CARTESIAN_POINT('',(93.522136458841,-96.36217746109,0.));
#7320 = DIRECTION('',(0.,0.,-1.));
#7321 = DIRECTION('',(0.99998750282,-4.999420267177E-03,0.));
#7322 = ADVANCED_FACE('',(#7323),#7329,.T.);
#7323 = FACE_BOUND('',#7324,.T.);
#7324 = EDGE_LOOP('',(#7325,#7326,#7327,#7328));
#7325 = ORIENTED_EDGE('',*,*,#7311,.T.);
#7326 = ORIENTED_EDGE('',*,*,#6619,.T.);
#7327 = ORIENTED_EDGE('',*,*,#7292,.F.);
#7328 = ORIENTED_EDGE('',*,*,#6114,.F.);
#7329 = PLANE('',#7330);
#7330 = AXIS2_PLACEMENT_3D('',#7331,#7332,#7333);
#7331 = CARTESIAN_POINT('',(93.522138,-97.162178,0.));
#7332 = DIRECTION('',(0.,-1.,0.));
#7333 = DIRECTION('',(-1.,0.,0.));
#7334 = ADVANCED_FACE('',(#7335),#7346,.F.);
#7335 = FACE_BOUND('',#7336,.T.);
#7336 = EDGE_LOOP('',(#7337,#7338,#7344,#7345));
#7337 = ORIENTED_EDGE('',*,*,#6191,.T.);
#7338 = ORIENTED_EDGE('',*,*,#7339,.T.);
#7339 = EDGE_CURVE('',#6192,#6697,#7340,.T.);
#7340 = LINE('',#7341,#7342);
#7341 = CARTESIAN_POINT('',(76.942138,-95.692178,-4.6E-02));
#7342 = VECTOR('',#7343,1.);
#7343 = DIRECTION('',(0.,0.,1.));
#7344 = ORIENTED_EDGE('',*,*,#6696,.F.);
#7345 = ORIENTED_EDGE('',*,*,#7339,.F.);
#7346 = CYLINDRICAL_SURFACE('',#7347,0.9);
#7347 = AXIS2_PLACEMENT_3D('',#7348,#7349,#7350);
#7348 = CARTESIAN_POINT('',(76.942138,-94.792178,-4.6E-02));
#7349 = DIRECTION('',(-0.,-0.,-1.));
#7350 = DIRECTION('',(-0.,-1.,0.));
#7351 = ADVANCED_FACE('',(#7352),#7363,.F.);
#7352 = FACE_BOUND('',#7353,.T.);
#7353 = EDGE_LOOP('',(#7354,#7355,#7361,#7362));
#7354 = ORIENTED_EDGE('',*,*,#6202,.T.);
#7355 = ORIENTED_EDGE('',*,*,#7356,.T.);
#7356 = EDGE_CURVE('',#6203,#6708,#7357,.T.);
#7357 = LINE('',#7358,#7359);
#7358 = CARTESIAN_POINT('',(80.742138,-95.692178,-4.6E-02));
#7359 = VECTOR('',#7360,1.);
#7360 = DIRECTION('',(0.,0.,1.));
#7361 = ORIENTED_EDGE('',*,*,#6707,.F.);
#7362 = ORIENTED_EDGE('',*,*,#7356,.F.);
#7363 = CYLINDRICAL_SURFACE('',#7364,0.9);
#7364 = AXIS2_PLACEMENT_3D('',#7365,#7366,#7367);
#7365 = CARTESIAN_POINT('',(80.742138,-94.792178,-4.6E-02));
#7366 = DIRECTION('',(-0.,-0.,-1.));
#7367 = DIRECTION('',(-1.578983857245E-14,-1.,0.));
#7368 = ADVANCED_FACE('',(#7369),#7380,.F.);
#7369 = FACE_BOUND('',#7370,.T.);
#7370 = EDGE_LOOP('',(#7371,#7372,#7378,#7379));
#7371 = ORIENTED_EDGE('',*,*,#6213,.T.);
#7372 = ORIENTED_EDGE('',*,*,#7373,.T.);
#7373 = EDGE_CURVE('',#6214,#6719,#7374,.T.);
#7374 = LINE('',#7375,#7376);
#7375 = CARTESIAN_POINT('',(83.772138,-96.022178,-4.6E-02));
#7376 = VECTOR('',#7377,1.);
#7377 = DIRECTION('',(0.,0.,1.));
#7378 = ORIENTED_EDGE('',*,*,#6718,.F.);
#7379 = ORIENTED_EDGE('',*,*,#7373,.F.);
#7380 = CYLINDRICAL_SURFACE('',#7381,0.5);
#7381 = AXIS2_PLACEMENT_3D('',#7382,#7383,#7384);
#7382 = CARTESIAN_POINT('',(83.772138,-95.522178,-4.6E-02));
#7383 = DIRECTION('',(-0.,-0.,-1.));
#7384 = DIRECTION('',(-0.,-1.,0.));
#7385 = ADVANCED_FACE('',(#7386),#7397,.F.);
#7386 = FACE_BOUND('',#7387,.T.);
#7387 = EDGE_LOOP('',(#7388,#7389,#7395,#7396));
#7388 = ORIENTED_EDGE('',*,*,#6224,.T.);
#7389 = ORIENTED_EDGE('',*,*,#7390,.T.);
#7390 = EDGE_CURVE('',#6225,#6730,#7391,.T.);
#7391 = LINE('',#7392,#7393);
#7392 = CARTESIAN_POINT('',(85.972138,-96.022178,-4.6E-02));
#7393 = VECTOR('',#7394,1.);
#7394 = DIRECTION('',(0.,0.,1.));
#7395 = ORIENTED_EDGE('',*,*,#6729,.F.);
#7396 = ORIENTED_EDGE('',*,*,#7390,.F.);
#7397 = CYLINDRICAL_SURFACE('',#7398,0.5);
#7398 = AXIS2_PLACEMENT_3D('',#7399,#7400,#7401);
#7399 = CARTESIAN_POINT('',(85.972138,-95.522178,-4.6E-02));
#7400 = DIRECTION('',(-0.,-0.,-1.));
#7401 = DIRECTION('',(-0.,-1.,0.));
#7402 = ADVANCED_FACE('',(#7403),#7414,.F.);
#7403 = FACE_BOUND('',#7404,.T.);
#7404 = EDGE_LOOP('',(#7405,#7406,#7412,#7413));
#7405 = ORIENTED_EDGE('',*,*,#6235,.T.);
#7406 = ORIENTED_EDGE('',*,*,#7407,.T.);
#7407 = EDGE_CURVE('',#6236,#6741,#7408,.T.);
#7408 = LINE('',#7409,#7410);
#7409 = CARTESIAN_POINT('',(88.172138,-96.022178,-4.6E-02));
#7410 = VECTOR('',#7411,1.);
#7411 = DIRECTION('',(0.,0.,1.));
#7412 = ORIENTED_EDGE('',*,*,#6740,.F.);
#7413 = ORIENTED_EDGE('',*,*,#7407,.F.);
#7414 = CYLINDRICAL_SURFACE('',#7415,0.5);
#7415 = AXIS2_PLACEMENT_3D('',#7416,#7417,#7418);
#7416 = CARTESIAN_POINT('',(88.172138,-95.522178,-4.6E-02));
#7417 = DIRECTION('',(-0.,-0.,-1.));
#7418 = DIRECTION('',(-0.,-1.,0.));
#7419 = ADVANCED_FACE('',(#7420),#7431,.F.);
#7420 = FACE_BOUND('',#7421,.T.);
#7421 = EDGE_LOOP('',(#7422,#7423,#7429,#7430));
#7422 = ORIENTED_EDGE('',*,*,#6246,.T.);
#7423 = ORIENTED_EDGE('',*,*,#7424,.T.);
#7424 = EDGE_CURVE('',#6247,#6752,#7425,.T.);
#7425 = LINE('',#7426,#7427);
#7426 = CARTESIAN_POINT('',(90.372138,-96.022178,-4.6E-02));
#7427 = VECTOR('',#7428,1.);
#7428 = DIRECTION('',(0.,0.,1.));
#7429 = ORIENTED_EDGE('',*,*,#6751,.F.);
#7430 = ORIENTED_EDGE('',*,*,#7424,.F.);
#7431 = CYLINDRICAL_SURFACE('',#7432,0.5);
#7432 = AXIS2_PLACEMENT_3D('',#7433,#7434,#7435);
#7433 = CARTESIAN_POINT('',(90.372138,-95.522178,-4.6E-02));
#7434 = DIRECTION('',(-0.,-0.,-1.));
#7435 = DIRECTION('',(-0.,-1.,0.));
#7436 = ADVANCED_FACE('',(#7437),#7448,.F.);
#7437 = FACE_BOUND('',#7438,.T.);
#7438 = EDGE_LOOP('',(#7439,#7440,#7446,#7447));
#7439 = ORIENTED_EDGE('',*,*,#6257,.T.);
#7440 = ORIENTED_EDGE('',*,*,#7441,.T.);
#7441 = EDGE_CURVE('',#6258,#6763,#7442,.T.);
#7442 = LINE('',#7443,#7444);
#7443 = CARTESIAN_POINT('',(92.572138,-96.022178,-4.6E-02));
#7444 = VECTOR('',#7445,1.);
#7445 = DIRECTION('',(0.,0.,1.));
#7446 = ORIENTED_EDGE('',*,*,#6762,.F.);
#7447 = ORIENTED_EDGE('',*,*,#7441,.F.);
#7448 = CYLINDRICAL_SURFACE('',#7449,0.5);
#7449 = AXIS2_PLACEMENT_3D('',#7450,#7451,#7452);
#7450 = CARTESIAN_POINT('',(92.572138,-95.522178,-4.6E-02));
#7451 = DIRECTION('',(-0.,-0.,-1.));
#7452 = DIRECTION('',(-0.,-1.,0.));
#7453 = ADVANCED_FACE('',(#7454),#7465,.F.);
#7454 = FACE_BOUND('',#7455,.T.);
#7455 = EDGE_LOOP('',(#7456,#7457,#7463,#7464));
#7456 = ORIENTED_EDGE('',*,*,#6268,.T.);
#7457 = ORIENTED_EDGE('',*,*,#7458,.T.);
#7458 = EDGE_CURVE('',#6269,#6774,#7459,.T.);
#7459 = LINE('',#7460,#7461);
#7460 = CARTESIAN_POINT('',(94.785412,-93.528904,-4.6E-02));
#7461 = VECTOR('',#7462,1.);
#7462 = DIRECTION('',(0.,0.,1.));
#7463 = ORIENTED_EDGE('',*,*,#6773,.F.);
#7464 = ORIENTED_EDGE('',*,*,#7458,.F.);
#7465 = CYLINDRICAL_SURFACE('',#7466,0.2);
#7466 = AXIS2_PLACEMENT_3D('',#7467,#7468,#7469);
#7467 = CARTESIAN_POINT('',(94.785412,-93.328904,-4.6E-02));
#7468 = DIRECTION('',(-0.,-0.,-1.));
#7469 = DIRECTION('',(-7.105427357601E-14,-1.,0.));
#7470 = ADVANCED_FACE('',(#7471),#7482,.F.);
#7471 = FACE_BOUND('',#7472,.T.);
#7472 = EDGE_LOOP('',(#7473,#7474,#7480,#7481));
#7473 = ORIENTED_EDGE('',*,*,#6279,.T.);
#7474 = ORIENTED_EDGE('',*,*,#7475,.T.);
#7475 = EDGE_CURVE('',#6280,#6785,#7476,.T.);
#7476 = LINE('',#7477,#7478);
#7477 = CARTESIAN_POINT('',(95.952138,-94.012178,-4.6E-02));
#7478 = VECTOR('',#7479,1.);
#7479 = DIRECTION('',(0.,0.,1.));
#7480 = ORIENTED_EDGE('',*,*,#6784,.F.);
#7481 = ORIENTED_EDGE('',*,*,#7475,.F.);
#7482 = CYLINDRICAL_SURFACE('',#7483,0.2);
#7483 = AXIS2_PLACEMENT_3D('',#7484,#7485,#7486);
#7484 = CARTESIAN_POINT('',(95.952138,-93.812178,-4.6E-02));
#7485 = DIRECTION('',(-0.,0.,-1.));
#7486 = DIRECTION('',(7.105427357601E-14,-1.,-0.));
#7487 = ADVANCED_FACE('',(#7488),#7499,.F.);
#7488 = FACE_BOUND('',#7489,.T.);
#7489 = EDGE_LOOP('',(#7490,#7491,#7497,#7498));
#7490 = ORIENTED_EDGE('',*,*,#6290,.T.);
#7491 = ORIENTED_EDGE('',*,*,#7492,.T.);
#7492 = EDGE_CURVE('',#6291,#6796,#7493,.T.);
#7493 = LINE('',#7494,#7495);
#7494 = CARTESIAN_POINT('',(97.118864,-93.528904,-4.6E-02));
#7495 = VECTOR('',#7496,1.);
#7496 = DIRECTION('',(0.,0.,1.));
#7497 = ORIENTED_EDGE('',*,*,#6795,.F.);
#7498 = ORIENTED_EDGE('',*,*,#7492,.F.);
#7499 = CYLINDRICAL_SURFACE('',#7500,0.2);
#7500 = AXIS2_PLACEMENT_3D('',#7501,#7502,#7503);
#7501 = CARTESIAN_POINT('',(97.118864,-93.328904,-4.6E-02));
#7502 = DIRECTION('',(-0.,-0.,-1.));
#7503 = DIRECTION('',(-0.,-1.,0.));
#7504 = ADVANCED_FACE('',(#7505),#7516,.F.);
#7505 = FACE_BOUND('',#7506,.T.);
#7506 = EDGE_LOOP('',(#7507,#7508,#7514,#7515));
#7507 = ORIENTED_EDGE('',*,*,#6301,.T.);
#7508 = ORIENTED_EDGE('',*,*,#7509,.T.);
#7509 = EDGE_CURVE('',#6302,#6807,#7510,.T.);
#7510 = LINE('',#7511,#7512);
#7511 = CARTESIAN_POINT('',(94.302138,-92.362178,-4.6E-02));
#7512 = VECTOR('',#7513,1.);
#7513 = DIRECTION('',(0.,0.,1.));
#7514 = ORIENTED_EDGE('',*,*,#6806,.F.);
#7515 = ORIENTED_EDGE('',*,*,#7509,.F.);
#7516 = CYLINDRICAL_SURFACE('',#7517,0.2);
#7517 = AXIS2_PLACEMENT_3D('',#7518,#7519,#7520);
#7518 = CARTESIAN_POINT('',(94.302138,-92.162178,-4.6E-02));
#7519 = DIRECTION('',(-0.,-0.,-1.));
#7520 = DIRECTION('',(-0.,-1.,0.));
#7521 = ADVANCED_FACE('',(#7522),#7533,.F.);
#7522 = FACE_BOUND('',#7523,.T.);
#7523 = EDGE_LOOP('',(#7524,#7525,#7531,#7532));
#7524 = ORIENTED_EDGE('',*,*,#6312,.T.);
#7525 = ORIENTED_EDGE('',*,*,#7526,.T.);
#7526 = EDGE_CURVE('',#6313,#6818,#7527,.T.);
#7527 = LINE('',#7528,#7529);
#7528 = CARTESIAN_POINT('',(95.952138,-93.262178,-4.6E-02));
#7529 = VECTOR('',#7530,1.);
#7530 = DIRECTION('',(0.,0.,1.));
#7531 = ORIENTED_EDGE('',*,*,#6817,.F.);
#7532 = ORIENTED_EDGE('',*,*,#7526,.F.);
#7533 = CYLINDRICAL_SURFACE('',#7534,1.1);
#7534 = AXIS2_PLACEMENT_3D('',#7535,#7536,#7537);
#7535 = CARTESIAN_POINT('',(95.952138,-92.162178,-4.6E-02));
#7536 = DIRECTION('',(-0.,0.,-1.));
#7537 = DIRECTION('',(1.2918958832E-14,-1.,-0.));
#7538 = ADVANCED_FACE('',(#7539),#7550,.F.);
#7539 = FACE_BOUND('',#7540,.T.);
#7540 = EDGE_LOOP('',(#7541,#7542,#7548,#7549));
#7541 = ORIENTED_EDGE('',*,*,#6323,.T.);
#7542 = ORIENTED_EDGE('',*,*,#7543,.T.);
#7543 = EDGE_CURVE('',#6324,#6829,#7544,.T.);
#7544 = LINE('',#7545,#7546);
#7545 = CARTESIAN_POINT('',(97.602138,-92.362178,-4.6E-02));
#7546 = VECTOR('',#7547,1.);
#7547 = DIRECTION('',(0.,0.,1.));
#7548 = ORIENTED_EDGE('',*,*,#6828,.F.);
#7549 = ORIENTED_EDGE('',*,*,#7543,.F.);
#7550 = CYLINDRICAL_SURFACE('',#7551,0.2);
#7551 = AXIS2_PLACEMENT_3D('',#7552,#7553,#7554);
#7552 = CARTESIAN_POINT('',(97.602138,-92.162178,-4.6E-02));
#7553 = DIRECTION('',(-0.,-0.,-1.));
#7554 = DIRECTION('',(-0.,-1.,0.));
#7555 = ADVANCED_FACE('',(#7556),#7567,.F.);
#7556 = FACE_BOUND('',#7557,.T.);
#7557 = EDGE_LOOP('',(#7558,#7559,#7565,#7566));
#7558 = ORIENTED_EDGE('',*,*,#6334,.T.);
#7559 = ORIENTED_EDGE('',*,*,#7560,.T.);
#7560 = EDGE_CURVE('',#6335,#6840,#7561,.T.);
#7561 = LINE('',#7562,#7563);
#7562 = CARTESIAN_POINT('',(94.785412,-91.195452,-4.6E-02));
#7563 = VECTOR('',#7564,1.);
#7564 = DIRECTION('',(0.,0.,1.));
#7565 = ORIENTED_EDGE('',*,*,#6839,.F.);
#7566 = ORIENTED_EDGE('',*,*,#7560,.F.);
#7567 = CYLINDRICAL_SURFACE('',#7568,0.2);
#7568 = AXIS2_PLACEMENT_3D('',#7569,#7570,#7571);
#7569 = CARTESIAN_POINT('',(94.785412,-90.995452,-4.6E-02));
#7570 = DIRECTION('',(-0.,-0.,-1.));
#7571 = DIRECTION('',(-7.105427357601E-14,-1.,0.));
#7572 = ADVANCED_FACE('',(#7573),#7584,.F.);
#7573 = FACE_BOUND('',#7574,.T.);
#7574 = EDGE_LOOP('',(#7575,#7576,#7582,#7583));
#7575 = ORIENTED_EDGE('',*,*,#6345,.T.);
#7576 = ORIENTED_EDGE('',*,*,#7577,.T.);
#7577 = EDGE_CURVE('',#6346,#6851,#7578,.T.);
#7578 = LINE('',#7579,#7580);
#7579 = CARTESIAN_POINT('',(95.952138,-90.712178,-4.6E-02));
#7580 = VECTOR('',#7581,1.);
#7581 = DIRECTION('',(0.,0.,1.));
#7582 = ORIENTED_EDGE('',*,*,#6850,.F.);
#7583 = ORIENTED_EDGE('',*,*,#7577,.F.);
#7584 = CYLINDRICAL_SURFACE('',#7585,0.2);
#7585 = AXIS2_PLACEMENT_3D('',#7586,#7587,#7588);
#7586 = CARTESIAN_POINT('',(95.952138,-90.512178,-4.6E-02));
#7587 = DIRECTION('',(-0.,0.,-1.));
#7588 = DIRECTION('',(7.105427357601E-14,-1.,-0.));
#7589 = ADVANCED_FACE('',(#7590),#7601,.F.);
#7590 = FACE_BOUND('',#7591,.T.);
#7591 = EDGE_LOOP('',(#7592,#7593,#7599,#7600));
#7592 = ORIENTED_EDGE('',*,*,#6356,.T.);
#7593 = ORIENTED_EDGE('',*,*,#7594,.T.);
#7594 = EDGE_CURVE('',#6357,#6862,#7595,.T.);
#7595 = LINE('',#7596,#7597);
#7596 = CARTESIAN_POINT('',(97.118864,-91.195452,-4.6E-02));
#7597 = VECTOR('',#7598,1.);
#7598 = DIRECTION('',(0.,0.,1.));
#7599 = ORIENTED_EDGE('',*,*,#6861,.F.);
#7600 = ORIENTED_EDGE('',*,*,#7594,.F.);
#7601 = CYLINDRICAL_SURFACE('',#7602,0.2);
#7602 = AXIS2_PLACEMENT_3D('',#7603,#7604,#7605);
#7603 = CARTESIAN_POINT('',(97.118864,-90.995452,-4.6E-02));
#7604 = DIRECTION('',(-0.,-0.,-1.));
#7605 = DIRECTION('',(-0.,-1.,0.));
#7606 = ADVANCED_FACE('',(#7607),#7618,.F.);
#7607 = FACE_BOUND('',#7608,.T.);
#7608 = EDGE_LOOP('',(#7609,#7610,#7616,#7617));
#7609 = ORIENTED_EDGE('',*,*,#6367,.T.);
#7610 = ORIENTED_EDGE('',*,*,#7611,.T.);
#7611 = EDGE_CURVE('',#6368,#6873,#7612,.T.);
#7612 = LINE('',#7613,#7614);
#7613 = CARTESIAN_POINT('',(77.592138,-86.432178,-4.6E-02));
#7614 = VECTOR('',#7615,1.);
#7615 = DIRECTION('',(0.,0.,1.));
#7616 = ORIENTED_EDGE('',*,*,#6872,.F.);
#7617 = ORIENTED_EDGE('',*,*,#7611,.F.);
#7618 = CYLINDRICAL_SURFACE('',#7619,0.2);
#7619 = AXIS2_PLACEMENT_3D('',#7620,#7621,#7622);
#7620 = CARTESIAN_POINT('',(77.592138,-86.232178,-4.6E-02));
#7621 = DIRECTION('',(-0.,-0.,-1.));
#7622 = DIRECTION('',(-0.,-1.,0.));
#7623 = ADVANCED_FACE('',(#7624),#7635,.F.);
#7624 = FACE_BOUND('',#7625,.T.);
#7625 = EDGE_LOOP('',(#7626,#7627,#7633,#7634));
#7626 = ORIENTED_EDGE('',*,*,#6378,.T.);
#7627 = ORIENTED_EDGE('',*,*,#7628,.T.);
#7628 = EDGE_CURVE('',#6379,#6884,#7629,.T.);
#7629 = LINE('',#7630,#7631);
#7630 = CARTESIAN_POINT('',(80.522138,-88.237178,-4.6E-02));
#7631 = VECTOR('',#7632,1.);
#7632 = DIRECTION('',(0.,0.,1.));
#7633 = ORIENTED_EDGE('',*,*,#6883,.F.);
#7634 = ORIENTED_EDGE('',*,*,#7628,.F.);
#7635 = CYLINDRICAL_SURFACE('',#7636,0.875);
#7636 = AXIS2_PLACEMENT_3D('',#7637,#7638,#7639);
#7637 = CARTESIAN_POINT('',(80.522138,-87.362178,-4.6E-02));
#7638 = DIRECTION('',(-0.,-0.,-1.));
#7639 = DIRECTION('',(-0.,-1.,0.));
#7640 = ADVANCED_FACE('',(#7641),#7652,.F.);
#7641 = FACE_BOUND('',#7642,.T.);
#7642 = EDGE_LOOP('',(#7643,#7644,#7650,#7651));
#7643 = ORIENTED_EDGE('',*,*,#6389,.T.);
#7644 = ORIENTED_EDGE('',*,*,#7645,.T.);
#7645 = EDGE_CURVE('',#6390,#6895,#7646,.T.);
#7646 = LINE('',#7647,#7648);
#7647 = CARTESIAN_POINT('',(84.522138,-88.237178,-4.6E-02));
#7648 = VECTOR('',#7649,1.);
#7649 = DIRECTION('',(0.,0.,1.));
#7650 = ORIENTED_EDGE('',*,*,#6894,.F.);
#7651 = ORIENTED_EDGE('',*,*,#7645,.F.);
#7652 = CYLINDRICAL_SURFACE('',#7653,0.875);
#7653 = AXIS2_PLACEMENT_3D('',#7654,#7655,#7656);
#7654 = CARTESIAN_POINT('',(84.522138,-87.362178,-4.6E-02));
#7655 = DIRECTION('',(-0.,-0.,-1.));
#7656 = DIRECTION('',(-0.,-1.,0.));
#7657 = ADVANCED_FACE('',(#7658),#7669,.F.);
#7658 = FACE_BOUND('',#7659,.T.);
#7659 = EDGE_LOOP('',(#7660,#7661,#7667,#7668));
#7660 = ORIENTED_EDGE('',*,*,#6400,.T.);
#7661 = ORIENTED_EDGE('',*,*,#7662,.T.);
#7662 = EDGE_CURVE('',#6401,#6906,#7663,.T.);
#7663 = LINE('',#7664,#7665);
#7664 = CARTESIAN_POINT('',(76.425412,-85.948904,-4.6E-02));
#7665 = VECTOR('',#7666,1.);
#7666 = DIRECTION('',(0.,0.,1.));
#7667 = ORIENTED_EDGE('',*,*,#6905,.F.);
#7668 = ORIENTED_EDGE('',*,*,#7662,.F.);
#7669 = CYLINDRICAL_SURFACE('',#7670,0.2);
#7670 = AXIS2_PLACEMENT_3D('',#7671,#7672,#7673);
#7671 = CARTESIAN_POINT('',(76.425412,-85.748904,-4.6E-02));
#7672 = DIRECTION('',(-0.,-0.,-1.));
#7673 = DIRECTION('',(-0.,-1.,0.));
#7674 = ADVANCED_FACE('',(#7675),#7686,.F.);
#7675 = FACE_BOUND('',#7676,.T.);
#7676 = EDGE_LOOP('',(#7677,#7678,#7684,#7685));
#7677 = ORIENTED_EDGE('',*,*,#6411,.T.);
#7678 = ORIENTED_EDGE('',*,*,#7679,.T.);
#7679 = EDGE_CURVE('',#6412,#6917,#7680,.T.);
#7680 = LINE('',#7681,#7682);
#7681 = CARTESIAN_POINT('',(75.942138,-84.782178,-4.6E-02));
#7682 = VECTOR('',#7683,1.);
#7683 = DIRECTION('',(0.,0.,1.));
#7684 = ORIENTED_EDGE('',*,*,#6916,.F.);
#7685 = ORIENTED_EDGE('',*,*,#7679,.F.);
#7686 = CYLINDRICAL_SURFACE('',#7687,0.2);
#7687 = AXIS2_PLACEMENT_3D('',#7688,#7689,#7690);
#7688 = CARTESIAN_POINT('',(75.942138,-84.582178,-4.6E-02));
#7689 = DIRECTION('',(-0.,-0.,-1.));
#7690 = DIRECTION('',(-0.,-1.,0.));
#7691 = ADVANCED_FACE('',(#7692),#7703,.F.);
#7692 = FACE_BOUND('',#7693,.T.);
#7693 = EDGE_LOOP('',(#7694,#7695,#7701,#7702));
#7694 = ORIENTED_EDGE('',*,*,#6422,.T.);
#7695 = ORIENTED_EDGE('',*,*,#7696,.T.);
#7696 = EDGE_CURVE('',#6423,#6928,#7697,.T.);
#7697 = LINE('',#7698,#7699);
#7698 = CARTESIAN_POINT('',(77.592138,-85.682178,-4.6E-02));
#7699 = VECTOR('',#7700,1.);
#7700 = DIRECTION('',(0.,0.,1.));
#7701 = ORIENTED_EDGE('',*,*,#6927,.F.);
#7702 = ORIENTED_EDGE('',*,*,#7696,.F.);
#7703 = CYLINDRICAL_SURFACE('',#7704,1.1);
#7704 = AXIS2_PLACEMENT_3D('',#7705,#7706,#7707);
#7705 = CARTESIAN_POINT('',(77.592138,-84.582178,-4.6E-02));
#7706 = DIRECTION('',(-0.,-0.,-1.));
#7707 = DIRECTION('',(-0.,-1.,0.));
#7708 = ADVANCED_FACE('',(#7709),#7720,.F.);
#7709 = FACE_BOUND('',#7710,.T.);
#7710 = EDGE_LOOP('',(#7711,#7712,#7718,#7719));
#7711 = ORIENTED_EDGE('',*,*,#6433,.T.);
#7712 = ORIENTED_EDGE('',*,*,#7713,.T.);
#7713 = EDGE_CURVE('',#6434,#6939,#7714,.T.);
#7714 = LINE('',#7715,#7716);
#7715 = CARTESIAN_POINT('',(78.758864,-85.948904,-4.6E-02));
#7716 = VECTOR('',#7717,1.);
#7717 = DIRECTION('',(0.,0.,1.));
#7718 = ORIENTED_EDGE('',*,*,#6938,.F.);
#7719 = ORIENTED_EDGE('',*,*,#7713,.F.);
#7720 = CYLINDRICAL_SURFACE('',#7721,0.2);
#7721 = AXIS2_PLACEMENT_3D('',#7722,#7723,#7724);
#7722 = CARTESIAN_POINT('',(78.758864,-85.748904,-4.6E-02));
#7723 = DIRECTION('',(-0.,-0.,-1.));
#7724 = DIRECTION('',(-0.,-1.,0.));
#7725 = ADVANCED_FACE('',(#7726),#7737,.F.);
#7726 = FACE_BOUND('',#7727,.T.);
#7727 = EDGE_LOOP('',(#7728,#7729,#7735,#7736));
#7728 = ORIENTED_EDGE('',*,*,#6444,.T.);
#7729 = ORIENTED_EDGE('',*,*,#7730,.T.);
#7730 = EDGE_CURVE('',#6445,#6950,#7731,.T.);
#7731 = LINE('',#7732,#7733);
#7732 = CARTESIAN_POINT('',(79.242138,-84.782178,-4.6E-02));
#7733 = VECTOR('',#7734,1.);
#7734 = DIRECTION('',(0.,0.,1.));
#7735 = ORIENTED_EDGE('',*,*,#6949,.F.);
#7736 = ORIENTED_EDGE('',*,*,#7730,.F.);
#7737 = CYLINDRICAL_SURFACE('',#7738,0.2);
#7738 = AXIS2_PLACEMENT_3D('',#7739,#7740,#7741);
#7739 = CARTESIAN_POINT('',(79.242138,-84.582178,-4.6E-02));
#7740 = DIRECTION('',(-0.,-0.,-1.));
#7741 = DIRECTION('',(-0.,-1.,0.));
#7742 = ADVANCED_FACE('',(#7743),#7754,.F.);
#7743 = FACE_BOUND('',#7744,.T.);
#7744 = EDGE_LOOP('',(#7745,#7746,#7752,#7753));
#7745 = ORIENTED_EDGE('',*,*,#6455,.T.);
#7746 = ORIENTED_EDGE('',*,*,#7747,.T.);
#7747 = EDGE_CURVE('',#6456,#6961,#7748,.T.);
#7748 = LINE('',#7749,#7750);
#7749 = CARTESIAN_POINT('',(76.425412,-83.615452,-4.6E-02));
#7750 = VECTOR('',#7751,1.);
#7751 = DIRECTION('',(0.,0.,1.));
#7752 = ORIENTED_EDGE('',*,*,#6960,.F.);
#7753 = ORIENTED_EDGE('',*,*,#7747,.F.);
#7754 = CYLINDRICAL_SURFACE('',#7755,0.2);
#7755 = AXIS2_PLACEMENT_3D('',#7756,#7757,#7758);
#7756 = CARTESIAN_POINT('',(76.425412,-83.415452,-4.6E-02));
#7757 = DIRECTION('',(-0.,-0.,-1.));
#7758 = DIRECTION('',(-0.,-1.,0.));
#7759 = ADVANCED_FACE('',(#7760),#7771,.F.);
#7760 = FACE_BOUND('',#7761,.T.);
#7761 = EDGE_LOOP('',(#7762,#7763,#7769,#7770));
#7762 = ORIENTED_EDGE('',*,*,#6466,.T.);
#7763 = ORIENTED_EDGE('',*,*,#7764,.T.);
#7764 = EDGE_CURVE('',#6467,#6972,#7765,.T.);
#7765 = LINE('',#7766,#7767);
#7766 = CARTESIAN_POINT('',(77.592138,-83.132178,-4.6E-02));
#7767 = VECTOR('',#7768,1.);
#7768 = DIRECTION('',(0.,0.,1.));
#7769 = ORIENTED_EDGE('',*,*,#6971,.F.);
#7770 = ORIENTED_EDGE('',*,*,#7764,.F.);
#7771 = CYLINDRICAL_SURFACE('',#7772,0.2);
#7772 = AXIS2_PLACEMENT_3D('',#7773,#7774,#7775);
#7773 = CARTESIAN_POINT('',(77.592138,-82.932178,-4.6E-02));
#7774 = DIRECTION('',(-0.,-0.,-1.));
#7775 = DIRECTION('',(-0.,-1.,0.));
#7776 = ADVANCED_FACE('',(#7777),#7788,.F.);
#7777 = FACE_BOUND('',#7778,.T.);
#7778 = EDGE_LOOP('',(#7779,#7780,#7786,#7787));
#7779 = ORIENTED_EDGE('',*,*,#6477,.T.);
#7780 = ORIENTED_EDGE('',*,*,#7781,.T.);
#7781 = EDGE_CURVE('',#6478,#6983,#7782,.T.);
#7782 = LINE('',#7783,#7784);
#7783 = CARTESIAN_POINT('',(78.758864,-83.615452,-4.6E-02));
#7784 = VECTOR('',#7785,1.);
#7785 = DIRECTION('',(0.,0.,1.));
#7786 = ORIENTED_EDGE('',*,*,#6982,.F.);
#7787 = ORIENTED_EDGE('',*,*,#7781,.F.);
#7788 = CYLINDRICAL_SURFACE('',#7789,0.2);
#7789 = AXIS2_PLACEMENT_3D('',#7790,#7791,#7792);
#7790 = CARTESIAN_POINT('',(78.758864,-83.415452,-4.6E-02));
#7791 = DIRECTION('',(-0.,-0.,-1.));
#7792 = DIRECTION('',(-0.,-1.,0.));
#7793 = ADVANCED_FACE('',(#7794),#7805,.F.);
#7794 = FACE_BOUND('',#7795,.T.);
#7795 = EDGE_LOOP('',(#7796,#7797,#7803,#7804));
#7796 = ORIENTED_EDGE('',*,*,#6488,.T.);
#7797 = ORIENTED_EDGE('',*,*,#7798,.T.);
#7798 = EDGE_CURVE('',#6489,#6994,#7799,.T.);
#7799 = LINE('',#7800,#7801);
#7800 = CARTESIAN_POINT('',(82.522138,-85.437178,-4.6E-02));
#7801 = VECTOR('',#7802,1.);
#7802 = DIRECTION('',(0.,0.,1.));
#7803 = ORIENTED_EDGE('',*,*,#6993,.F.);
#7804 = ORIENTED_EDGE('',*,*,#7798,.F.);
#7805 = CYLINDRICAL_SURFACE('',#7806,0.875);
#7806 = AXIS2_PLACEMENT_3D('',#7807,#7808,#7809);
#7807 = CARTESIAN_POINT('',(82.522138,-84.562178,-4.6E-02));
#7808 = DIRECTION('',(-0.,-0.,-1.));
#7809 = DIRECTION('',(-0.,-1.,0.));
#7810 = ADVANCED_FACE('',(#7811),#7822,.F.);
#7811 = FACE_BOUND('',#7812,.T.);
#7812 = EDGE_LOOP('',(#7813,#7814,#7820,#7821));
#7813 = ORIENTED_EDGE('',*,*,#6499,.T.);
#7814 = ORIENTED_EDGE('',*,*,#7815,.T.);
#7815 = EDGE_CURVE('',#6500,#7005,#7816,.T.);
#7816 = LINE('',#7817,#7818);
#7817 = CARTESIAN_POINT('',(86.522138,-85.437178,-4.6E-02));
#7818 = VECTOR('',#7819,1.);
#7819 = DIRECTION('',(0.,0.,1.));
#7820 = ORIENTED_EDGE('',*,*,#7004,.F.);
#7821 = ORIENTED_EDGE('',*,*,#7815,.F.);
#7822 = CYLINDRICAL_SURFACE('',#7823,0.875);
#7823 = AXIS2_PLACEMENT_3D('',#7824,#7825,#7826);
#7824 = CARTESIAN_POINT('',(86.522138,-84.562178,-4.6E-02));
#7825 = DIRECTION('',(-0.,-0.,-1.));
#7826 = DIRECTION('',(-0.,-1.,0.));
#7827 = ADVANCED_FACE('',(#7828),#7839,.F.);
#7828 = FACE_BOUND('',#7829,.T.);
#7829 = EDGE_LOOP('',(#7830,#7831,#7837,#7838));
#7830 = ORIENTED_EDGE('',*,*,#6510,.T.);
#7831 = ORIENTED_EDGE('',*,*,#7832,.T.);
#7832 = EDGE_CURVE('',#6511,#7016,#7833,.T.);
#7833 = LINE('',#7834,#7835);
#7834 = CARTESIAN_POINT('',(88.522138,-88.237178,-4.6E-02));
#7835 = VECTOR('',#7836,1.);
#7836 = DIRECTION('',(0.,0.,1.));
#7837 = ORIENTED_EDGE('',*,*,#7015,.F.);
#7838 = ORIENTED_EDGE('',*,*,#7832,.F.);
#7839 = CYLINDRICAL_SURFACE('',#7840,0.875);
#7840 = AXIS2_PLACEMENT_3D('',#7841,#7842,#7843);
#7841 = CARTESIAN_POINT('',(88.522138,-87.362178,-4.6E-02));
#7842 = DIRECTION('',(-0.,-0.,-1.));
#7843 = DIRECTION('',(-0.,-1.,0.));
#7844 = ADVANCED_FACE('',(#7845),#7856,.F.);
#7845 = FACE_BOUND('',#7846,.T.);
#7846 = EDGE_LOOP('',(#7847,#7848,#7854,#7855));
#7847 = ORIENTED_EDGE('',*,*,#6521,.T.);
#7848 = ORIENTED_EDGE('',*,*,#7849,.T.);
#7849 = EDGE_CURVE('',#6522,#7027,#7850,.T.);
#7850 = LINE('',#7851,#7852);
#7851 = CARTESIAN_POINT('',(92.522138,-88.237178,-4.6E-02));
#7852 = VECTOR('',#7853,1.);
#7853 = DIRECTION('',(0.,0.,1.));
#7854 = ORIENTED_EDGE('',*,*,#7026,.F.);
#7855 = ORIENTED_EDGE('',*,*,#7849,.F.);
#7856 = CYLINDRICAL_SURFACE('',#7857,0.875);
#7857 = AXIS2_PLACEMENT_3D('',#7858,#7859,#7860);
#7858 = CARTESIAN_POINT('',(92.522138,-87.362178,-4.6E-02));
#7859 = DIRECTION('',(-0.,-0.,-1.));
#7860 = DIRECTION('',(-0.,-1.,0.));
#7861 = ADVANCED_FACE('',(#7862),#7873,.F.);
#7862 = FACE_BOUND('',#7863,.T.);
#7863 = EDGE_LOOP('',(#7864,#7865,#7871,#7872));
#7864 = ORIENTED_EDGE('',*,*,#6532,.T.);
#7865 = ORIENTED_EDGE('',*,*,#7866,.T.);
#7866 = EDGE_CURVE('',#6533,#7038,#7867,.T.);
#7867 = LINE('',#7868,#7869);
#7868 = CARTESIAN_POINT('',(90.522138,-85.437178,-4.6E-02));
#7869 = VECTOR('',#7870,1.);
#7870 = DIRECTION('',(0.,0.,1.));
#7871 = ORIENTED_EDGE('',*,*,#7037,.F.);
#7872 = ORIENTED_EDGE('',*,*,#7866,.F.);
#7873 = CYLINDRICAL_SURFACE('',#7874,0.875);
#7874 = AXIS2_PLACEMENT_3D('',#7875,#7876,#7877);
#7875 = CARTESIAN_POINT('',(90.522138,-84.562178,-4.6E-02));
#7876 = DIRECTION('',(-0.,-0.,-1.));
#7877 = DIRECTION('',(-0.,-1.,0.));
#7878 = ( GEOMETRIC_REPRESENTATION_CONTEXT(3) 
GLOBAL_UNCERTAINTY_ASSIGNED_CONTEXT((#7882)) 
GLOBAL_UNIT_ASSIGNED_CONTEXT((#7879,#7880,#7881)) REPRESENTATION_CONTEXT
('Context #1','3D Context with UNIT and UNCERTAINTY') );
#7879 = ( LENGTH_UNIT() NAMED_UNIT(*) SI_UNIT(.MILLI.,.METRE.) );
#7880 = ( NAMED_UNIT(*) PLANE_ANGLE_UNIT() SI_UNIT($,.RADIAN.) );
#7881 = ( NAMED_UNIT(*) SI_UNIT($,.STERADIAN.) SOLID_ANGLE_UNIT() );
#7882 = UNCERTAINTY_MEASURE_WITH_UNIT(LENGTH_MEASURE(1.E-07),#7879,
  'distance_accuracy_value','confusion accuracy');
#7883 = CONTEXT_DEPENDENT_SHAPE_REPRESENTATION(#7884,#7886);
#7884 = ( REPRESENTATION_RELATIONSHIP('','',#5933,#10) 
REPRESENTATION_RELATIONSHIP_WITH_TRANSFORMATION(#7885) 
SHAPE_REPRESENTATION_RELATIONSHIP() );
#7885 = ITEM_DEFINED_TRANSFORMATION('','',#11,#27);
#7886 = PRODUCT_DEFINITION_SHAPE('Placement','Placement of an item',
  #7887);
#7887 = NEXT_ASSEMBLY_USAGE_OCCURRENCE('4','=>[0:1:1:5]','',#5,#5928,$);
#7888 = PRODUCT_RELATED_PRODUCT_CATEGORY('part',$,(#5930));
#7889 = MECHANICAL_DESIGN_GEOMETRIC_PRESENTATION_REPRESENTATION('',(
    #7890),#5915);
#7890 = STYLED_ITEM('color',(#7891),#3971);
#7891 = PRESENTATION_STYLE_ASSIGNMENT((#7892));
#7892 = SURFACE_STYLE_USAGE(.BOTH.,#7893);
#7893 = SURFACE_SIDE_STYLE('',(#7894));
#7894 = SURFACE_STYLE_FILL_AREA(#7895);
#7895 = FILL_AREA_STYLE('',(#7896));
#7896 = FILL_AREA_STYLE_COLOUR('',#7897);
#7897 = COLOUR_RGB('',0.313304153717,0.484529207832,0.410020903123);
#7898 = MECHANICAL_DESIGN_GEOMETRIC_PRESENTATION_REPRESENTATION('',(
    #7899),#1989);
#7899 = STYLED_ITEM('color',(#7900),#45);
#7900 = PRESENTATION_STYLE_ASSIGNMENT((#7901));
#7901 = SURFACE_STYLE_USAGE(.BOTH.,#7902);
#7902 = SURFACE_SIDE_STYLE('',(#7903));
#7903 = SURFACE_STYLE_FILL_AREA(#7904);
#7904 = FILL_AREA_STYLE('',(#7905));
#7905 = FILL_AREA_STYLE_COLOUR('',#7897);
#7906 = MECHANICAL_DESIGN_GEOMETRIC_PRESENTATION_REPRESENTATION('',(
    #7907),#3952);
#7907 = STYLED_ITEM('color',(#7908),#2008);
#7908 = PRESENTATION_STYLE_ASSIGNMENT((#7909));
#7909 = SURFACE_STYLE_USAGE(.BOTH.,#7910);
#7910 = SURFACE_SIDE_STYLE('',(#7911));
#7911 = SURFACE_STYLE_FILL_AREA(#7912);
#7912 = FILL_AREA_STYLE('',(#7913));
#7913 = FILL_AREA_STYLE_COLOUR('',#7897);
#7914 = MECHANICAL_DESIGN_GEOMETRIC_PRESENTATION_REPRESENTATION('',(
    #7915),#7878);
#7915 = STYLED_ITEM('color',(#7916),#5934);
#7916 = PRESENTATION_STYLE_ASSIGNMENT((#7917));
#7917 = SURFACE_STYLE_USAGE(.BOTH.,#7918);
#7918 = SURFACE_SIDE_STYLE('',(#7919));
#7919 = SURFACE_STYLE_FILL_AREA(#7920);
#7920 = FILL_AREA_STYLE('',(#7921));
#7921 = FILL_AREA_STYLE_COLOUR('',#7897);
ENDSEC;
END-ISO-10303-21;
